customer_id,customer_type,service_type,package
C00001,Enterprise,Fiber,Web Family
C00002,Residential,Fiber,Web Family
C00003,Enterprise,ADSL,Biz Speed
C00004,SME,Fiber,Web Family
C00005,Residential,ADSL,Biz Speed
C00006,Residential,ADSL,Biz Speed
C00007,SME,Fiber,Web Booster
C00008,Residential,Fiber,Biz Speed
C00009,SME,Fiber,Web Family
C00010,SME,Fiber,Web Family
C00011,SME,LTE,Biz Speed
C00012,Residential,ADSL,Web Booster
C00013,SME,Fiber,Biz Speed
C00014,Enterprise,ADSL,Web Booster
C00015,Enterprise,Fiber,Web Family
C00016,SME,Fiber,Web Family
C00017,SME,LTE,Web Booster
C00018,SME,Fiber,Web Booster
C00019,Enterprise,LTE,Biz Speed
C00020,Enterprise,Fiber,Biz Speed
C00021,Enterprise,ADSL,Web Family
C00022,SME,LTE,Biz Speed
C00023,Residential,ADSL,Web Booster
C00024,Residential,Fiber,Web Family
C00025,SME,LTE,Web Family
C00026,Enterprise,ADSL,Web Booster
C00027,SME,LTE,Biz Speed
C00028,SME,Fiber,Web Family
C00029,Enterprise,LTE,Biz Speed
C00030,Enterprise,LTE,Web Booster
C00031,Residential,ADSL,Web Booster
C00032,Residential,Fiber,Web Family
C00033,Enterprise,LTE,Biz Speed
C00034,SME,ADSL,Web Booster
C00035,Enterprise,Fiber,Biz Speed
C00036,Enterprise,ADSL,Web Booster
C00037,SME,Fiber,Web Booster
C00038,SME,Fiber,Biz Speed
C00039,SME,ADSL,Web Family
C00040,Residential,ADSL,Web Booster
C00041,Enterprise,ADSL,Web Family
C00042,Residential,ADSL,Biz Speed
C00043,Enterprise,LTE,Web Booster
C00044,SME,LTE,Web Family
C00045,Enterprise,Fiber,Web Family
C00046,Residential,ADSL,Web Family
C00047,SME,ADSL,Web Family
C00048,Enterprise,LTE,Web Family
C00049,Enterprise,ADSL,Web Family
C00050,SME,ADSL,Biz Speed
C00051,Enterprise,LTE,Web Family
C00052,Residential,LTE,Web Family
C00053,Residential,ADSL,Web Family
C00054,Enterprise,ADSL,Web Family
C00055,Residential,LTE,Web Family
C00056,SME,ADSL,Web Booster
C00057,Residential,ADSL,Biz Speed
C00058,Residential,LTE,Web Booster
C00059,Residential,ADSL,Web Booster
C00060,SME,LTE,Biz Speed
C00061,Enterprise,ADSL,Web Family
C00062,Enterprise,LTE,Web Family
C00063,Residential,ADSL,Web Booster
C00064,Residential,LTE,Web Booster
C00065,Residential,LTE,Biz Speed
C00066,Enterprise,ADSL,Web Family
C00067,Residential,Fiber,Web Booster
C00068,Residential,LTE,Web Family
C00069,Residential,LTE,Web Booster
C00070,SME,LTE,Web Booster
C00071,Enterprise,ADSL,Biz Speed
C00072,Residential,Fiber,Web Booster
C00073,Residential,ADSL,Biz Speed
C00074,Enterprise,LTE,Web Family
C00075,SME,ADSL,Biz Speed
C00076,Enterprise,Fiber,Web Family
C00077,Residential,ADSL,Web Family
C00078,Enterprise,Fiber,Biz Speed
C00079,Enterprise,Fiber,Web Booster
C00080,Enterprise,ADSL,Web Booster
C00081,Residential,ADSL,Biz Speed
C00082,SME,LTE,Web Family
C00083,SME,LTE,Web Booster
C00084,Residential,Fiber,Web Booster
C00085,Enterprise,Fiber,Web Family
C00086,Enterprise,LTE,Web Family
C00087,Residential,Fiber,Web Booster
C00088,SME,ADSL,Biz Speed
C00089,Enterprise,ADSL,Web Family
C00090,Enterprise,LTE,Biz Speed
C00091,Residential,LTE,Web Family
C00092,Enterprise,ADSL,Web Family
C00093,Enterprise,Fiber,Biz Speed
C00094,Enterprise,ADSL,Web Booster
C00095,SME,Fiber,Web Family
C00096,SME,Fiber,Web Family
C00097,Residential,ADSL,Web Booster
C00098,SME,ADSL,Biz Speed
C00099,Residential,Fiber,Web Family
C00100,Enterprise,Fiber,Biz Speed
C00101,SME,ADSL,Biz Speed
C00102,Residential,Fiber,Web Booster
C00103,Residential,LTE,Web Family
C00104,Enterprise,Fiber,Web Booster
C00105,SME,ADSL,Biz Speed
C00106,Residential,Fiber,Web Family
C00107,Residential,Fiber,Biz Speed
C00108,SME,ADSL,Biz Speed
C00109,SME,Fiber,Biz Speed
C00110,Residential,LTE,Web Family
C00111,SME,LTE,Web Booster
C00112,Residential,Fiber,Web Family
C00113,SME,LTE,Web Booster
C00114,SME,LTE,Biz Speed
C00115,Enterprise,ADSL,Web Booster
C00116,Residential,LTE,Web Family
C00117,SME,Fiber,Web Family
C00118,SME,ADSL,Web Booster
C00119,Enterprise,Fiber,Web Booster
C00120,Residential,LTE,Web Family
C00121,Residential,ADSL,Biz Speed
C00122,Enterprise,ADSL,Biz Speed
C00123,SME,Fiber,Biz Speed
C00124,Enterprise,LTE,Biz Speed
C00125,Enterprise,LTE,Biz Speed
C00126,SME,LTE,Web Booster
C00127,Enterprise,Fiber,Web Family
C00128,SME,ADSL,Biz Speed
C00129,Enterprise,ADSL,Web Booster
C00130,Residential,LTE,Web Booster
C00131,Enterprise,ADSL,Biz Speed
C00132,SME,LTE,Biz Speed
C00133,SME,ADSL,Web Family
C00134,SME,ADSL,Biz Speed
C00135,SME,Fiber,Web Family
C00136,Residential,Fiber,Web Family
C00137,Residential,LTE,Biz Speed
C00138,Residential,LTE,Web Booster
C00139,Enterprise,Fiber,Biz Speed
C00140,SME,LTE,Web Family
C00141,Enterprise,Fiber,Web Family
C00142,Residential,Fiber,Biz Speed
C00143,Residential,ADSL,Web Family
C00144,Residential,LTE,Web Family
C00145,Enterprise,ADSL,Biz Speed
C00146,SME,ADSL,Biz Speed
C00147,SME,ADSL,Web Booster
C00148,Enterprise,LTE,Web Booster
C00149,Residential,ADSL,Web Booster
C00150,Enterprise,LTE,Biz Speed
C00151,SME,Fiber,Biz Speed
C00152,SME,LTE,Web Booster
C00153,Residential,Fiber,Web Family
C00154,Enterprise,Fiber,Biz Speed
C00155,SME,LTE,Web Booster
C00156,SME,Fiber,Web Family
C00157,SME,ADSL,Biz Speed
C00158,Enterprise,LTE,Web Booster
C00159,SME,LTE,Web Booster
C00160,SME,ADSL,Biz Speed
C00161,Enterprise,Fiber,Web Booster
C00162,SME,LTE,Web Family
C00163,Enterprise,ADSL,Web Booster
C00164,SME,Fiber,Biz Speed
C00165,SME,ADSL,Biz Speed
C00166,Residential,ADSL,Web Booster
C00167,SME,Fiber,Web Family
C00168,SME,Fiber,Web Booster
C00169,SME,LTE,Web Booster
C00170,Residential,LTE,Web Family
C00171,Residential,LTE,Web Family
C00172,Enterprise,Fiber,Web Family
C00173,Residential,Fiber,Biz Speed
C00174,Residential,LTE,Biz Speed
C00175,Residential,LTE,Biz Speed
C00176,SME,Fiber,Biz Speed
C00177,Enterprise,ADSL,Web Family
C00178,Residential,LTE,Web Family
C00179,SME,ADSL,Biz Speed
C00180,SME,LTE,Biz Speed
C00181,Enterprise,ADSL,Biz Speed
C00182,Enterprise,LTE,Biz Speed
C00183,Residential,ADSL,Web Family
C00184,SME,ADSL,Web Booster
C00185,Enterprise,LTE,Web Family
C00186,SME,Fiber,Web Booster
C00187,Enterprise,LTE,Biz Speed
C00188,Residential,ADSL,Biz Speed
C00189,SME,ADSL,Biz Speed
C00190,SME,LTE,Biz Speed
C00191,SME,Fiber,Web Family
C00192,SME,Fiber,Web Booster
C00193,Enterprise,LTE,Web Booster
C00194,SME,Fiber,Web Booster
C00195,SME,LTE,Web Booster
C00196,Enterprise,LTE,Biz Speed
C00197,Residential,Fiber,Web Family
C00198,SME,ADSL,Web Family
C00199,Enterprise,ADSL,Web Booster
C00200,Residential,Fiber,Web Booster
C00201,Enterprise,Fiber,Web Booster
C00202,SME,LTE,Biz Speed
C00203,SME,ADSL,Biz Speed
C00204,Enterprise,LTE,Web Booster
C00205,Residential,Fiber,Biz Speed
C00206,Residential,ADSL,Biz Speed
C00207,Enterprise,Fiber,Web Family
C00208,SME,LTE,Biz Speed
C00209,Enterprise,ADSL,Web Booster
C00210,Residential,LTE,Web Family
C00211,SME,Fiber,Biz Speed
C00212,SME,Fiber,Web Family
C00213,Enterprise,Fiber,Biz Speed
C00214,SME,Fiber,Web Family
C00215,SME,LTE,Web Booster
C00216,Residential,LTE,Web Booster
C00217,Residential,LTE,Web Booster
C00218,Enterprise,ADSL,Web Family
C00219,Enterprise,LTE,Web Family
C00220,Residential,ADSL,Web Booster
C00221,Enterprise,Fiber,Biz Speed
C00222,SME,LTE,Biz Speed
C00223,SME,ADSL,Biz Speed
C00224,Enterprise,Fiber,Web Family
C00225,SME,ADSL,Web Family
C00226,Residential,ADSL,Web Family
C00227,SME,LTE,Biz Speed
C00228,SME,Fiber,Web Family
C00229,SME,ADSL,Web Booster
C00230,Residential,LTE,Biz Speed
C00231,Residential,LTE,Web Family
C00232,Enterprise,Fiber,Web Booster
C00233,Residential,Fiber,Web Family
C00234,Enterprise,ADSL,Biz Speed
C00235,SME,Fiber,Web Booster
C00236,Enterprise,LTE,Web Booster
C00237,SME,LTE,Web Family
C00238,SME,ADSL,Web Booster
C00239,Residential,Fiber,Web Family
C00240,Enterprise,ADSL,Web Family
C00241,Enterprise,LTE,Biz Speed
C00242,Residential,LTE,Biz Speed
C00243,SME,Fiber,Biz Speed
C00244,SME,Fiber,Web Booster
C00245,SME,LTE,Biz Speed
C00246,Residential,LTE,Web Booster
C00247,SME,ADSL,Web Booster
C00248,Enterprise,Fiber,Web Booster
C00249,SME,LTE,Web Family
C00250,SME,ADSL,Web Family
C00251,Enterprise,LTE,Web Booster
C00252,Enterprise,LTE,Biz Speed
C00253,Enterprise,LTE,Web Family
C00254,Enterprise,Fiber,Web Booster
C00255,Enterprise,LTE,Web Family
C00256,Enterprise,ADSL,Web Family
C00257,SME,ADSL,Web Family
C00258,Residential,Fiber,Web Family
C00259,Residential,ADSL,Web Family
C00260,Enterprise,LTE,Biz Speed
C00261,SME,LTE,Web Booster
C00262,Enterprise,Fiber,Web Booster
C00263,Enterprise,ADSL,Biz Speed
C00264,Residential,LTE,Web Booster
C00265,Enterprise,LTE,Web Family
C00266,SME,ADSL,Biz Speed
C00267,SME,Fiber,Web Booster
C00268,SME,LTE,Biz Speed
C00269,SME,LTE,Web Booster
C00270,Enterprise,Fiber,Biz Speed
C00271,SME,Fiber,Web Booster
C00272,Enterprise,LTE,Web Booster
C00273,Enterprise,Fiber,Web Booster
C00274,Residential,ADSL,Biz Speed
C00275,Residential,LTE,Web Family
C00276,SME,Fiber,Biz Speed
C00277,Enterprise,Fiber,Web Family
C00278,SME,LTE,Biz Speed
C00279,Enterprise,Fiber,Web Booster
C00280,Enterprise,LTE,Web Booster
C00281,SME,ADSL,Web Family
C00282,Residential,ADSL,Biz Speed
C00283,Residential,ADSL,Web Family
C00284,Residential,ADSL,Biz Speed
C00285,SME,Fiber,Biz Speed
C00286,Residential,Fiber,Web Booster
C00287,SME,LTE,Web Booster
C00288,Residential,ADSL,Web Booster
C00289,Residential,Fiber,Web Family
C00290,SME,ADSL,Biz Speed
C00291,Enterprise,Fiber,Web Family
C00292,SME,LTE,Web Booster
C00293,SME,LTE,Biz Speed
C00294,Residential,LTE,Web Booster
C00295,SME,ADSL,Web Booster
C00296,SME,LTE,Web Family
C00297,SME,Fiber,Web Family
C00298,SME,ADSL,Web Booster
C00299,SME,Fiber,Biz Speed
C00300,Residential,ADSL,Biz Speed
C00301,Residential,ADSL,Biz Speed
C00302,SME,Fiber,Biz Speed
C00303,Residential,ADSL,Web Family
C00304,Enterprise,ADSL,Biz Speed
C00305,Residential,ADSL,Web Family
C00306,Enterprise,Fiber,Web Booster
C00307,Residential,ADSL,Web Booster
C00308,Residential,LTE,Web Booster
C00309,Residential,Fiber,Web Family
C00310,SME,ADSL,Biz Speed
C00311,Residential,LTE,Web Booster
C00312,SME,ADSL,Web Booster
C00313,SME,Fiber,Web Family
C00314,Residential,ADSL,Biz Speed
C00315,SME,ADSL,Web Booster
C00316,SME,Fiber,Web Booster
C00317,SME,LTE,Biz Speed
C00318,SME,ADSL,Web Booster
C00319,SME,Fiber,Biz Speed
C00320,Residential,ADSL,Biz Speed
C00321,Enterprise,Fiber,Biz Speed
C00322,SME,ADSL,Web Booster
C00323,Residential,Fiber,Web Family
C00324,SME,LTE,Web Family
C00325,Enterprise,Fiber,Web Booster
C00326,Enterprise,ADSL,Biz Speed
C00327,SME,ADSL,Biz Speed
C00328,SME,ADSL,Web Family
C00329,Enterprise,LTE,Web Booster
C00330,SME,Fiber,Web Booster
C00331,Residential,LTE,Web Family
C00332,SME,ADSL,Biz Speed
C00333,SME,LTE,Web Family
C00334,SME,Fiber,Biz Speed
C00335,Enterprise,ADSL,Web Family
C00336,SME,Fiber,Web Family
C00337,Residential,Fiber,Biz Speed
C00338,Residential,Fiber,Web Booster
C00339,Enterprise,Fiber,Web Booster
C00340,Residential,Fiber,Biz Speed
C00341,Residential,Fiber,Biz Speed
C00342,Residential,Fiber,Web Booster
C00343,Residential,ADSL,Web Booster
C00344,SME,Fiber,Web Family
C00345,Enterprise,Fiber,Biz Speed
C00346,SME,LTE,Biz Speed
C00347,SME,ADSL,Web Family
C00348,Residential,ADSL,Biz Speed
C00349,SME,ADSL,Web Family
C00350,SME,LTE,Web Booster
C00351,SME,ADSL,Web Booster
C00352,Residential,LTE,Biz Speed
C00353,Residential,LTE,Biz Speed
C00354,Enterprise,ADSL,Web Booster
C00355,Enterprise,ADSL,Web Booster
C00356,Enterprise,LTE,Web Family
C00357,Residential,ADSL,Biz Speed
C00358,Enterprise,ADSL,Web Family
C00359,Residential,LTE,Web Booster
C00360,SME,LTE,Biz Speed
C00361,SME,LTE,Biz Speed
C00362,Residential,ADSL,Web Booster
C00363,Residential,Fiber,Web Booster
C00364,Enterprise,LTE,Web Family
C00365,Enterprise,ADSL,Biz Speed
C00366,Residential,LTE,Web Booster
C00367,SME,ADSL,Web Family
C00368,Enterprise,LTE,Web Booster
C00369,Enterprise,Fiber,Web Family
C00370,Residential,Fiber,Web Booster
C00371,SME,Fiber,Web Booster
C00372,SME,ADSL,Biz Speed
C00373,Enterprise,ADSL,Web Family
C00374,Enterprise,ADSL,Web Booster
C00375,SME,ADSL,Web Booster
C00376,SME,Fiber,Web Family
C00377,Enterprise,ADSL,Web Booster
C00378,Enterprise,ADSL,Web Family
C00379,Enterprise,Fiber,Web Booster
C00380,SME,Fiber,Web Booster
C00381,SME,ADSL,Biz Speed
C00382,Residential,Fiber,Web Family
C00383,Residential,ADSL,Web Family
C00384,Enterprise,LTE,Web Booster
C00385,SME,LTE,Web Family
C00386,Residential,LTE,Web Booster
C00387,Enterprise,ADSL,Biz Speed
C00388,Enterprise,LTE,Web Family
C00389,Enterprise,Fiber,Web Family
C00390,Residential,Fiber,Web Booster
C00391,Residential,Fiber,Web Booster
C00392,Residential,Fiber,Web Booster
C00393,Residential,ADSL,Biz Speed
C00394,SME,Fiber,Web Booster
C00395,Residential,LTE,Web Family
C00396,Residential,LTE,Biz Speed
C00397,SME,ADSL,Biz Speed
C00398,Residential,LTE,Web Family
C00399,Residential,ADSL,Web Booster
C00400,SME,Fiber,Web Booster
C00401,Residential,LTE,Biz Speed
C00402,Residential,LTE,Web Booster
C00403,Residential,LTE,Web Family
C00404,Enterprise,Fiber,Biz Speed
C00405,SME,LTE,Biz Speed
C00406,Enterprise,Fiber,Web Family
C00407,SME,Fiber,Web Family
C00408,Enterprise,Fiber,Web Family
C00409,Enterprise,LTE,Web Booster
C00410,Enterprise,LTE,Biz Speed
C00411,Enterprise,ADSL,Biz Speed
C00412,SME,ADSL,Web Booster
C00413,Residential,LTE,Web Booster
C00414,SME,ADSL,Web Family
C00415,Residential,LTE,Web Booster
C00416,Residential,LTE,Web Booster
C00417,Residential,ADSL,Biz Speed
C00418,SME,ADSL,Biz Speed
C00419,Enterprise,Fiber,Web Booster
C00420,Enterprise,ADSL,Web Family
C00421,SME,ADSL,Web Family
C00422,SME,Fiber,Web Booster
C00423,Residential,ADSL,Biz Speed
C00424,Residential,ADSL,Web Booster
C00425,Enterprise,ADSL,Biz Speed
C00426,SME,LTE,Web Booster
C00427,SME,ADSL,Biz Speed
C00428,Enterprise,ADSL,Web Booster
C00429,Residential,ADSL,Biz Speed
C00430,SME,ADSL,Biz Speed
C00431,Enterprise,Fiber,Web Booster
C00432,Enterprise,Fiber,Web Booster
C00433,Enterprise,ADSL,Biz Speed
C00434,Enterprise,ADSL,Web Family
C00435,SME,ADSL,Web Booster
C00436,Enterprise,ADSL,Biz Speed
C00437,Enterprise,Fiber,Biz Speed
C00438,Enterprise,LTE,Web Family
C00439,Residential,Fiber,Web Booster
C00440,SME,Fiber,Web Family
C00441,Residential,Fiber,Web Booster
C00442,Residential,ADSL,Biz Speed
C00443,Enterprise,Fiber,Biz Speed
C00444,Enterprise,Fiber,Biz Speed
C00445,Residential,Fiber,Biz Speed
C00446,Residential,ADSL,Web Booster
C00447,SME,ADSL,Biz Speed
C00448,SME,ADSL,Web Booster
C00449,SME,Fiber,Biz Speed
C00450,SME,Fiber,Web Booster
C00451,Enterprise,LTE,Web Booster
C00452,SME,ADSL,Biz Speed
C00453,Residential,Fiber,Biz Speed
C00454,SME,Fiber,Biz Speed
C00455,SME,ADSL,Web Family
C00456,Enterprise,Fiber,Web Booster
C00457,Residential,LTE,Web Booster
C00458,Residential,LTE,Web Family
C00459,Residential,LTE,Web Booster
C00460,SME,Fiber,Web Booster
C00461,Residential,LTE,Web Family
C00462,Residential,LTE,Web Family
C00463,Enterprise,LTE,Web Family
C00464,SME,LTE,Biz Speed
C00465,Enterprise,LTE,Web Booster
C00466,Residential,Fiber,Web Booster
C00467,Residential,ADSL,Biz Speed
C00468,SME,Fiber,Web Booster
C00469,Residential,Fiber,Web Family
C00470,Enterprise,LTE,Web Family
C00471,SME,ADSL,Biz Speed
C00472,Enterprise,ADSL,Web Family
C00473,SME,LTE,Web Family
C00474,Residential,ADSL,Web Booster
C00475,Enterprise,Fiber,Biz Speed
C00476,Residential,ADSL,Biz Speed
C00477,Enterprise,ADSL,Web Family
C00478,SME,Fiber,Biz Speed
C00479,SME,LTE,Biz Speed
C00480,Residential,LTE,Web Family
C00481,Enterprise,Fiber,Biz Speed
C00482,SME,Fiber,Web Family
C00483,SME,ADSL,Web Family
C00484,Enterprise,LTE,Biz Speed
C00485,Residential,Fiber,Web Family
C00486,SME,Fiber,Web Booster
C00487,Residential,Fiber,Web Booster
C00488,Enterprise,LTE,Biz Speed
C00489,Residential,ADSL,Web Family
C00490,Residential,ADSL,Web Booster
C00491,SME,LTE,Web Booster
C00492,SME,LTE,Web Family
C00493,SME,LTE,Biz Speed
C00494,Residential,ADSL,Web Booster
C00495,Enterprise,Fiber,Biz Speed
C00496,Residential,Fiber,Web Booster
C00497,SME,LTE,Biz Speed
C00498,Residential,ADSL,Web Booster
C00499,Residential,ADSL,Web Booster
C00500,SME,LTE,Biz Speed
C00501,Residential,Fiber,Biz Speed
C00502,SME,ADSL,Biz Speed
C00503,Residential,Fiber,Biz Speed
C00504,SME,Fiber,Web Family
C00505,Enterprise,LTE,Web Booster
C00506,Enterprise,Fiber,Biz Speed
C00507,SME,LTE,Web Booster
C00508,Residential,ADSL,Web Family
C00509,SME,LTE,Biz Speed
C00510,Residential,Fiber,Biz Speed
C00511,Enterprise,LTE,Biz Speed
C00512,SME,ADSL,Web Booster
C00513,Enterprise,LTE,Biz Speed
C00514,SME,Fiber,Web Family
C00515,Residential,LTE,Web Family
C00516,SME,Fiber,Biz Speed
C00517,SME,ADSL,Web Booster
C00518,Enterprise,ADSL,Web Booster
C00519,Residential,ADSL,Biz Speed
C00520,Enterprise,Fiber,Web Booster
C00521,Residential,Fiber,Web Family
C00522,SME,Fiber,Web Booster
C00523,SME,LTE,Biz Speed
C00524,Residential,Fiber,Web Booster
C00525,Enterprise,ADSL,Web Booster
C00526,SME,ADSL,Web Family
C00527,SME,ADSL,Web Family
C00528,Enterprise,ADSL,Web Booster
C00529,Enterprise,ADSL,Biz Speed
C00530,Residential,LTE,Biz Speed
C00531,Residential,Fiber,Biz Speed
C00532,Residential,Fiber,Web Booster
C00533,Residential,LTE,Biz Speed
C00534,Residential,LTE,Web Family
C00535,Enterprise,LTE,Web Family
C00536,Enterprise,ADSL,Web Family
C00537,Residential,ADSL,Biz Speed
C00538,Enterprise,ADSL,Biz Speed
C00539,SME,ADSL,Web Family
C00540,Residential,Fiber,Web Family
C00541,Enterprise,LTE,Biz Speed
C00542,Enterprise,LTE,Biz Speed
C00543,SME,ADSL,Biz Speed
C00544,SME,LTE,Web Family
C00545,Enterprise,LTE,Web Booster
C00546,Enterprise,Fiber,Web Family
C00547,SME,LTE,Web Family
C00548,Residential,LTE,Biz Speed
C00549,SME,LTE,Web Family
C00550,Enterprise,ADSL,Web Family
C00551,SME,Fiber,Web Booster
C00552,Residential,Fiber,Web Family
C00553,SME,ADSL,Web Booster
C00554,Residential,LTE,Biz Speed
C00555,Residential,Fiber,Web Booster
C00556,SME,LTE,Web Booster
C00557,Residential,LTE,Biz Speed
C00558,Residential,Fiber,Biz Speed
C00559,Residential,LTE,Web Booster
C00560,Enterprise,ADSL,Web Booster
C00561,Residential,Fiber,Web Booster
C00562,SME,ADSL,Web Booster
C00563,SME,Fiber,Web Booster
C00564,Enterprise,Fiber,Web Booster
C00565,Residential,LTE,Biz Speed
C00566,Enterprise,LTE,Biz Speed
C00567,Residential,Fiber,Web Family
C00568,SME,ADSL,Web Booster
C00569,Residential,ADSL,Biz Speed
C00570,Residential,Fiber,Web Family
C00571,SME,LTE,Biz Speed
C00572,Enterprise,ADSL,Web Family
C00573,Enterprise,LTE,Web Family
C00574,Enterprise,ADSL,Web Booster
C00575,Enterprise,ADSL,Biz Speed
C00576,Enterprise,LTE,Web Booster
C00577,SME,LTE,Biz Speed
C00578,SME,ADSL,Web Booster
C00579,Enterprise,ADSL,Biz Speed
C00580,SME,LTE,Biz Speed
C00581,Enterprise,ADSL,Web Family
C00582,Enterprise,LTE,Web Family
C00583,Enterprise,ADSL,Web Booster
C00584,Enterprise,Fiber,Web Family
C00585,Enterprise,Fiber,Web Family
C00586,SME,LTE,Web Family
C00587,Residential,LTE,Biz Speed
C00588,SME,ADSL,Biz Speed
C00589,Residential,ADSL,Web Family
C00590,Enterprise,LTE,Biz Speed
C00591,Residential,LTE,Biz Speed
C00592,SME,ADSL,Biz Speed
C00593,Enterprise,LTE,Biz Speed
C00594,Residential,LTE,Biz Speed
C00595,SME,LTE,Biz Speed
C00596,Enterprise,LTE,Web Booster
C00597,Enterprise,ADSL,Web Booster
C00598,Enterprise,ADSL,Biz Speed
C00599,SME,LTE,Web Family
C00600,SME,ADSL,Web Family
C00601,SME,ADSL,Web Booster
C00602,Residential,Fiber,Biz Speed
C00603,Enterprise,ADSL,Web Booster
C00604,Enterprise,ADSL,Biz Speed
C00605,Residential,ADSL,Biz Speed
C00606,Residential,Fiber,Web Family
C00607,Enterprise,LTE,Web Family
C00608,Residential,Fiber,Biz Speed
C00609,Residential,LTE,Biz Speed
C00610,SME,LTE,Biz Speed
C00611,SME,LTE,Web Booster
C00612,Residential,ADSL,Biz Speed
C00613,Enterprise,ADSL,Web Family
C00614,Residential,LTE,Web Family
C00615,Residential,LTE,Web Booster
C00616,Enterprise,LTE,Web Family
C00617,Enterprise,ADSL,Web Family
C00618,SME,LTE,Web Booster
C00619,Enterprise,ADSL,Web Booster
C00620,Residential,ADSL,Web Booster
C00621,Residential,LTE,Web Family
C00622,Enterprise,LTE,Biz Speed
C00623,Enterprise,LTE,Web Booster
C00624,Residential,Fiber,Biz Speed
C00625,SME,LTE,Biz Speed
C00626,SME,ADSL,Web Family
C00627,Residential,LTE,Web Booster
C00628,Residential,LTE,Web Booster
C00629,SME,LTE,Web Booster
C00630,Enterprise,Fiber,Web Booster
C00631,Enterprise,Fiber,Web Family
C00632,SME,LTE,Web Family
C00633,Enterprise,ADSL,Web Booster
C00634,Enterprise,LTE,Web Booster
C00635,Residential,Fiber,Web Booster
C00636,Enterprise,ADSL,Web Booster
C00637,Enterprise,LTE,Biz Speed
C00638,Residential,Fiber,Biz Speed
C00639,Residential,ADSL,Web Booster
C00640,SME,Fiber,Biz Speed
C00641,Enterprise,ADSL,Web Family
C00642,Residential,Fiber,Web Booster
C00643,SME,Fiber,Biz Speed
C00644,Enterprise,LTE,Web Family
C00645,SME,Fiber,Web Booster
C00646,SME,LTE,Biz Speed
C00647,SME,ADSL,Web Booster
C00648,SME,LTE,Web Family
C00649,Enterprise,Fiber,Web Family
C00650,Enterprise,Fiber,Biz Speed
C00651,Residential,LTE,Web Family
C00652,Residential,Fiber,Biz Speed
C00653,Enterprise,LTE,Web Booster
C00654,SME,LTE,Web Booster
C00655,Enterprise,ADSL,Biz Speed
C00656,SME,Fiber,Web Family
C00657,SME,ADSL,Web Family
C00658,Residential,Fiber,Web Family
C00659,SME,ADSL,Biz Speed
C00660,Enterprise,LTE,Web Family
C00661,SME,Fiber,Web Booster
C00662,Enterprise,Fiber,Web Family
C00663,SME,ADSL,Web Family
C00664,Residential,Fiber,Biz Speed
C00665,Enterprise,ADSL,Biz Speed
C00666,Residential,ADSL,Web Family
C00667,Residential,ADSL,Web Family
C00668,Residential,Fiber,Biz Speed
C00669,Residential,ADSL,Biz Speed
C00670,Enterprise,ADSL,Web Booster
C00671,Residential,ADSL,Biz Speed
C00672,SME,LTE,Web Family
C00673,Enterprise,ADSL,Web Family
C00674,SME,ADSL,Web Booster
C00675,SME,ADSL,Biz Speed
C00676,Enterprise,LTE,Biz Speed
C00677,Residential,LTE,Web Booster
C00678,Enterprise,LTE,Web Family
C00679,SME,ADSL,Web Family
C00680,Residential,ADSL,Web Booster
C00681,Enterprise,ADSL,Web Family
C00682,SME,Fiber,Web Booster
C00683,SME,LTE,Web Family
C00684,Residential,Fiber,Web Booster
C00685,Enterprise,ADSL,Web Family
C00686,Residential,ADSL,Biz Speed
C00687,Residential,LTE,Web Family
C00688,SME,LTE,Web Family
C00689,Residential,ADSL,Web Family
C00690,SME,Fiber,Biz Speed
C00691,Residential,LTE,Web Family
C00692,SME,LTE,Web Booster
C00693,SME,LTE,Web Booster
C00694,SME,LTE,Web Family
C00695,Enterprise,LTE,Web Booster
C00696,SME,LTE,Web Booster
C00697,Residential,ADSL,Web Family
C00698,Enterprise,ADSL,Biz Speed
C00699,SME,Fiber,Web Family
C00700,SME,ADSL,Web Family
C00701,Enterprise,ADSL,Web Booster
C00702,SME,ADSL,Biz Speed
C00703,SME,Fiber,Biz Speed
C00704,Residential,Fiber,Biz Speed
C00705,Residential,ADSL,Biz Speed
C00706,Enterprise,Fiber,Web Family
C00707,Enterprise,Fiber,Web Family
C00708,Enterprise,Fiber,Web Family
C00709,Residential,Fiber,Biz Speed
C00710,Residential,ADSL,Biz Speed
C00711,Enterprise,LTE,Biz Speed
C00712,Residential,ADSL,Biz Speed
C00713,Residential,ADSL,Biz Speed
C00714,SME,Fiber,Biz Speed
C00715,Enterprise,LTE,Web Family
C00716,Residential,ADSL,Web Family
C00717,Enterprise,ADSL,Web Booster
C00718,SME,LTE,Web Family
C00719,SME,LTE,Biz Speed
C00720,Enterprise,Fiber,Web Booster
C00721,Residential,ADSL,Biz Speed
C00722,Residential,LTE,Web Booster
C00723,SME,Fiber,Biz Speed
C00724,Residential,Fiber,Web Booster
C00725,Enterprise,LTE,Biz Speed
C00726,Residential,ADSL,Web Family
C00727,Enterprise,ADSL,Web Booster
C00728,Residential,ADSL,Web Booster
C00729,Enterprise,ADSL,Web Family
C00730,SME,Fiber,Web Family
C00731,Enterprise,LTE,Web Family
C00732,Enterprise,Fiber,Biz Speed
C00733,SME,ADSL,Biz Speed
C00734,Enterprise,Fiber,Biz Speed
C00735,Enterprise,ADSL,Web Booster
C00736,SME,Fiber,Web Family
C00737,Enterprise,ADSL,Web Booster
C00738,SME,Fiber,Biz Speed
C00739,SME,LTE,Web Family
C00740,SME,LTE,Web Family
C00741,Enterprise,LTE,Web Family
C00742,SME,Fiber,Biz Speed
C00743,SME,Fiber,Web Booster
C00744,Enterprise,Fiber,Biz Speed
C00745,SME,Fiber,Web Family
C00746,SME,LTE,Web Booster
C00747,Residential,Fiber,Web Family
C00748,SME,ADSL,Biz Speed
C00749,Residential,Fiber,Web Family
C00750,Residential,ADSL,Biz Speed
C00751,SME,Fiber,Web Booster
C00752,Residential,ADSL,Biz Speed
C00753,Residential,ADSL,Biz Speed
C00754,SME,Fiber,Web Family
C00755,SME,LTE,Web Family
C00756,SME,LTE,Web Booster
C00757,Residential,LTE,Web Booster
C00758,Enterprise,ADSL,Web Booster
C00759,Residential,LTE,Web Family
C00760,Residential,LTE,Web Booster
C00761,SME,LTE,Web Booster
C00762,Enterprise,ADSL,Web Family
C00763,Enterprise,ADSL,Web Family
C00764,Residential,LTE,Web Booster
C00765,Enterprise,ADSL,Web Booster
C00766,Residential,LTE,Web Booster
C00767,SME,LTE,Web Family
C00768,Residential,ADSL,Biz Speed
C00769,Enterprise,Fiber,Biz Speed
C00770,Enterprise,Fiber,Web Booster
C00771,Enterprise,Fiber,Web Booster
C00772,Residential,ADSL,Web Booster
C00773,Enterprise,Fiber,Biz Speed
C00774,SME,Fiber,Web Booster
C00775,SME,ADSL,Web Booster
C00776,Enterprise,LTE,Biz Speed
C00777,SME,ADSL,Biz Speed
C00778,Residential,Fiber,Web Family
C00779,SME,Fiber,Biz Speed
C00780,Enterprise,ADSL,Biz Speed
C00781,SME,LTE,Web Family
C00782,SME,Fiber,Biz Speed
C00783,Enterprise,ADSL,Biz Speed
C00784,SME,LTE,Web Booster
C00785,Enterprise,ADSL,Biz Speed
C00786,SME,Fiber,Web Booster
C00787,SME,Fiber,Web Family
C00788,Enterprise,Fiber,Web Booster
C00789,SME,Fiber,Biz Speed
C00790,SME,Fiber,Web Booster
C00791,SME,LTE,Web Family
C00792,Enterprise,Fiber,Web Family
C00793,Enterprise,Fiber,Biz Speed
C00794,Enterprise,Fiber,Biz Speed
C00795,Residential,LTE,Biz Speed
C00796,SME,Fiber,Web Booster
C00797,Residential,ADSL,Biz Speed
C00798,Residential,ADSL,Biz Speed
C00799,SME,ADSL,Web Booster
C00800,Enterprise,Fiber,Web Family
C00801,Enterprise,Fiber,Biz Speed
C00802,Enterprise,Fiber,Web Booster
C00803,SME,Fiber,Web Booster
C00804,SME,ADSL,Biz Speed
C00805,SME,ADSL,Web Booster
C00806,SME,LTE,Web Booster
C00807,Enterprise,ADSL,Web Booster
C00808,Enterprise,Fiber,Biz Speed
C00809,Residential,Fiber,Web Booster
C00810,SME,ADSL,Web Family
C00811,SME,ADSL,Web Family
C00812,SME,Fiber,Web Booster
C00813,Enterprise,ADSL,Web Family
C00814,SME,LTE,Web Family
C00815,SME,ADSL,Web Family
C00816,Residential,LTE,Web Family
C00817,SME,ADSL,Biz Speed
C00818,SME,ADSL,Web Booster
C00819,SME,LTE,Web Family
C00820,Residential,Fiber,Web Booster
C00821,Residential,ADSL,Web Booster
C00822,SME,ADSL,Biz Speed
C00823,SME,ADSL,Biz Speed
C00824,Residential,LTE,Biz Speed
C00825,SME,ADSL,Web Family
C00826,SME,ADSL,Web Family
C00827,Residential,ADSL,Biz Speed
C00828,SME,Fiber,Web Booster
C00829,Residential,LTE,Web Family
C00830,Residential,Fiber,Biz Speed
C00831,SME,ADSL,Biz Speed
C00832,Residential,ADSL,Web Family
C00833,Residential,Fiber,Biz Speed
C00834,SME,ADSL,Biz Speed
C00835,Enterprise,LTE,Web Booster
C00836,Enterprise,ADSL,Web Family
C00837,SME,Fiber,Web Booster
C00838,Residential,ADSL,Web Family
C00839,Enterprise,LTE,Web Family
C00840,Enterprise,LTE,Web Booster
C00841,Enterprise,LTE,Biz Speed
C00842,SME,Fiber,Biz Speed
C00843,Residential,LTE,Biz Speed
C00844,Enterprise,LTE,Web Booster
C00845,SME,ADSL,Web Family
C00846,Enterprise,Fiber,Biz Speed
C00847,Enterprise,ADSL,Biz Speed
C00848,Residential,ADSL,Web Booster
C00849,SME,Fiber,Web Booster
C00850,SME,LTE,Biz Speed
C00851,Enterprise,LTE,Web Booster
C00852,Residential,Fiber,Web Family
C00853,SME,Fiber,Web Family
C00854,Residential,LTE,Web Booster
C00855,SME,Fiber,Biz Speed
C00856,Enterprise,LTE,Web Family
C00857,SME,Fiber,Biz Speed
C00858,Residential,LTE,Biz Speed
C00859,Residential,Fiber,Web Booster
C00860,Enterprise,ADSL,Web Family
C00861,Residential,ADSL,Web Family
C00862,SME,Fiber,Web Family
C00863,Enterprise,ADSL,Web Booster
C00864,Enterprise,LTE,Web Family
C00865,SME,ADSL,Web Family
C00866,Residential,LTE,Web Family
C00867,Residential,Fiber,Web Booster
C00868,SME,Fiber,Web Booster
C00869,Residential,ADSL,Biz Speed
C00870,Enterprise,ADSL,Web Family
C00871,Residential,LTE,Web Booster
C00872,Enterprise,ADSL,Web Family
C00873,Enterprise,ADSL,Web Booster
C00874,Residential,Fiber,Web Family
C00875,Enterprise,ADSL,Web Booster
C00876,SME,LTE,Web Family
C00877,Enterprise,Fiber,Web Family
C00878,Enterprise,ADSL,Biz Speed
C00879,Enterprise,Fiber,Biz Speed
C00880,Residential,ADSL,Biz Speed
C00881,Enterprise,LTE,Web Booster
C00882,Residential,LTE,Web Booster
C00883,SME,ADSL,Biz Speed
C00884,Residential,LTE,Web Booster
C00885,Enterprise,LTE,Web Booster
C00886,Residential,LTE,Web Family
C00887,Residential,Fiber,Web Booster
C00888,Residential,LTE,Biz Speed
C00889,Enterprise,ADSL,Web Booster
C00890,SME,Fiber,Biz Speed
C00891,Enterprise,Fiber,Web Booster
C00892,Residential,ADSL,Web Family
C00893,Residential,ADSL,Web Booster
C00894,Enterprise,ADSL,Biz Speed
C00895,SME,ADSL,Web Booster
C00896,Residential,Fiber,Web Family
C00897,SME,Fiber,Web Booster
C00898,Residential,LTE,Biz Speed
C00899,Enterprise,Fiber,Web Family
C00900,Residential,ADSL,Web Family
C00901,SME,ADSL,Biz Speed
C00902,Enterprise,LTE,Web Family
C00903,Enterprise,LTE,Biz Speed
C00904,Residential,LTE,Web Booster
C00905,Residential,LTE,Biz Speed
C00906,Enterprise,Fiber,Web Booster
C00907,SME,Fiber,Web Booster
C00908,Residential,LTE,Web Family
C00909,Residential,ADSL,Biz Speed
C00910,Residential,ADSL,Biz Speed
C00911,Residential,Fiber,Web Family
C00912,SME,Fiber,Web Family
C00913,Residential,ADSL,Biz Speed
C00914,SME,Fiber,Web Booster
C00915,Enterprise,LTE,Web Booster
C00916,Enterprise,LTE,Web Family
C00917,Residential,Fiber,Web Family
C00918,Residential,LTE,Web Family
C00919,SME,LTE,Web Booster
C00920,SME,Fiber,Web Booster
C00921,Enterprise,LTE,Biz Speed
C00922,SME,LTE,Biz Speed
C00923,Residential,ADSL,Biz Speed
C00924,Residential,Fiber,Web Family
C00925,Residential,Fiber,Biz Speed
C00926,Enterprise,Fiber,Web Booster
C00927,Enterprise,LTE,Biz Speed
C00928,Residential,Fiber,Biz Speed
C00929,SME,LTE,Web Family
C00930,Residential,ADSL,Web Booster
C00931,Residential,ADSL,Web Booster
C00932,SME,LTE,Biz Speed
C00933,Residential,ADSL,Web Family
C00934,SME,Fiber,Biz Speed
C00935,SME,ADSL,Web Family
C00936,SME,LTE,Web Booster
C00937,Enterprise,LTE,Web Booster
C00938,Residential,Fiber,Web Family
C00939,Enterprise,Fiber,Web Family
C00940,SME,LTE,Web Booster
C00941,Enterprise,LTE,Web Family
C00942,SME,LTE,Web Family
C00943,Enterprise,LTE,Biz Speed
C00944,Residential,Fiber,Web Booster
C00945,Enterprise,Fiber,Web Booster
C00946,Residential,ADSL,Web Booster
C00947,Residential,Fiber,Web Booster
C00948,Enterprise,ADSL,Biz Speed
C00949,SME,Fiber,Web Family
C00950,Residential,Fiber,Web Family
C00951,SME,LTE,Biz Speed
C00952,Enterprise,Fiber,Biz Speed
C00953,Residential,Fiber,Web Family
C00954,Enterprise,LTE,Web Family
C00955,SME,Fiber,Web Family
C00956,Residential,Fiber,Biz Speed
C00957,Enterprise,LTE,Web Booster
C00958,Enterprise,LTE,Web Family
C00959,Residential,LTE,Web Booster
C00960,Residential,Fiber,Biz Speed
C00961,Residential,ADSL,Web Booster
C00962,Enterprise,LTE,Web Family
C00963,SME,Fiber,Web Booster
C00964,Enterprise,Fiber,Biz Speed
C00965,Enterprise,Fiber,Web Booster
C00966,SME,LTE,Biz Speed
C00967,SME,ADSL,Biz Speed
C00968,SME,Fiber,Web Family
C00969,Residential,Fiber,Web Booster
C00970,SME,ADSL,Web Booster
C00971,Residential,Fiber,Web Family
C00972,Residential,LTE,Biz Speed
C00973,Enterprise,Fiber,Web Family
C00974,SME,LTE,Web Family
C00975,Enterprise,LTE,Biz Speed
C00976,Enterprise,Fiber,Biz Speed
C00977,Enterprise,ADSL,Web Family
C00978,Residential,LTE,Biz Speed
C00979,SME,Fiber,Web Family
C00980,Enterprise,Fiber,Web Family
C00981,Residential,LTE,Biz Speed
C00982,Residential,LTE,Biz Speed
C00983,SME,Fiber,Web Family
C00984,Enterprise,Fiber,Web Family
C00985,SME,Fiber,Web Booster
C00986,Enterprise,LTE,Biz Speed
C00987,SME,LTE,Web Family
C00988,Enterprise,LTE,Biz Speed
C00989,Enterprise,LTE,Web Family
C00990,Enterprise,ADSL,Biz Speed
C00991,Residential,ADSL,Biz Speed
C00992,SME,LTE,Biz Speed
C00993,Residential,Fiber,Biz Speed
C00994,Enterprise,ADSL,Web Booster
C00995,Enterprise,Fiber,Web Family
C00996,Enterprise,Fiber,Biz Speed
C00997,SME,Fiber,Web Booster
C00998,Residential,LTE,Web Booster
C00999,Residential,ADSL,Biz Speed
C01000,SME,LTE,Web Family
C01001,Residential,ADSL,Web Family
C01002,Residential,ADSL,Web Family
C01003,SME,ADSL,Web Booster
C01004,SME,LTE,Web Booster
C01005,SME,Fiber,Web Booster
C01006,Enterprise,ADSL,Biz Speed
C01007,SME,Fiber,Web Family
C01008,SME,LTE,Web Family
C01009,Residential,LTE,Web Family
C01010,Enterprise,Fiber,Web Booster
C01011,Enterprise,LTE,Biz Speed
C01012,Enterprise,Fiber,Biz Speed
C01013,Residential,Fiber,Web Family
C01014,Residential,LTE,Biz Speed
C01015,Enterprise,ADSL,Web Booster
C01016,SME,Fiber,Web Family
C01017,Enterprise,ADSL,Web Booster
C01018,SME,Fiber,Web Booster
C01019,Enterprise,ADSL,Biz Speed
C01020,Residential,Fiber,Web Family
C01021,SME,Fiber,Web Booster
C01022,SME,LTE,Web Booster
C01023,Enterprise,LTE,Web Family
C01024,SME,Fiber,Web Booster
C01025,SME,Fiber,Web Booster
C01026,SME,LTE,Web Booster
C01027,SME,ADSL,Web Family
C01028,Enterprise,ADSL,Web Family
C01029,SME,ADSL,Web Booster
C01030,Enterprise,Fiber,Biz Speed
C01031,SME,ADSL,Web Booster
C01032,Enterprise,LTE,Biz Speed
C01033,SME,LTE,Web Family
C01034,Enterprise,Fiber,Biz Speed
C01035,Enterprise,ADSL,Biz Speed
C01036,Residential,Fiber,Web Booster
C01037,Residential,Fiber,Web Family
C01038,SME,Fiber,Biz Speed
C01039,Enterprise,Fiber,Biz Speed
C01040,Enterprise,Fiber,Web Family
C01041,SME,ADSL,Web Booster
C01042,Enterprise,LTE,Web Family
C01043,Enterprise,ADSL,Biz Speed
C01044,Residential,LTE,Web Family
C01045,Enterprise,ADSL,Web Family
C01046,Enterprise,Fiber,Web Booster
C01047,SME,LTE,Web Booster
C01048,SME,ADSL,Biz Speed
C01049,Residential,LTE,Web Booster
C01050,Enterprise,ADSL,Biz Speed
C01051,SME,LTE,Biz Speed
C01052,Enterprise,LTE,Web Booster
C01053,Residential,LTE,Web Booster
C01054,SME,ADSL,Biz Speed
C01055,Residential,Fiber,Web Booster
C01056,SME,LTE,Web Booster
C01057,Enterprise,ADSL,Web Family
C01058,Residential,LTE,Biz Speed
C01059,Enterprise,LTE,Web Family
C01060,Residential,Fiber,Web Booster
C01061,SME,Fiber,Biz Speed
C01062,Residential,Fiber,Web Family
C01063,Residential,Fiber,Web Family
C01064,Residential,LTE,Biz Speed
C01065,SME,LTE,Biz Speed
C01066,Residential,ADSL,Web Family
C01067,SME,ADSL,Web Booster
C01068,SME,ADSL,Biz Speed
C01069,Residential,LTE,Biz Speed
C01070,Residential,LTE,Web Family
C01071,Residential,ADSL,Web Family
C01072,Enterprise,Fiber,Biz Speed
C01073,Enterprise,LTE,Biz Speed
C01074,Enterprise,Fiber,Web Booster
C01075,Enterprise,Fiber,Biz Speed
C01076,Residential,LTE,Biz Speed
C01077,SME,ADSL,Biz Speed
C01078,SME,LTE,Web Booster
C01079,Residential,LTE,Web Booster
C01080,Enterprise,LTE,Biz Speed
C01081,Enterprise,ADSL,Web Booster
C01082,Enterprise,ADSL,Web Booster
C01083,Residential,LTE,Web Family
C01084,SME,ADSL,Web Booster
C01085,SME,ADSL,Biz Speed
C01086,Enterprise,LTE,Web Family
C01087,Residential,Fiber,Biz Speed
C01088,SME,ADSL,Web Family
C01089,Enterprise,LTE,Web Booster
C01090,SME,LTE,Web Booster
C01091,Enterprise,ADSL,Biz Speed
C01092,SME,ADSL,Biz Speed
C01093,Enterprise,ADSL,Web Booster
C01094,Enterprise,LTE,Biz Speed
C01095,Residential,ADSL,Biz Speed
C01096,Residential,LTE,Web Family
C01097,Enterprise,ADSL,Web Family
C01098,SME,ADSL,Web Family
C01099,Residential,ADSL,Web Booster
C01100,SME,LTE,Web Booster
C01101,SME,Fiber,Web Booster
C01102,Enterprise,ADSL,Biz Speed
C01103,Residential,LTE,Web Family
C01104,Enterprise,LTE,Biz Speed
C01105,Residential,Fiber,Web Family
C01106,SME,LTE,Biz Speed
C01107,SME,Fiber,Web Booster
C01108,Residential,Fiber,Web Booster
C01109,Residential,LTE,Biz Speed
C01110,SME,LTE,Web Family
C01111,Residential,ADSL,Web Family
C01112,Residential,Fiber,Biz Speed
C01113,SME,LTE,Web Booster
C01114,SME,Fiber,Web Family
C01115,Enterprise,LTE,Web Family
C01116,Enterprise,Fiber,Web Family
C01117,Enterprise,ADSL,Web Family
C01118,SME,LTE,Web Family
C01119,Enterprise,ADSL,Web Booster
C01120,Residential,LTE,Web Booster
C01121,Enterprise,ADSL,Biz Speed
C01122,Enterprise,Fiber,Web Booster
C01123,SME,LTE,Web Family
C01124,SME,Fiber,Web Family
C01125,Residential,Fiber,Biz Speed
C01126,Enterprise,Fiber,Web Family
C01127,Enterprise,Fiber,Web Booster
C01128,SME,ADSL,Biz Speed
C01129,Residential,ADSL,Web Family
C01130,Residential,Fiber,Biz Speed
C01131,SME,LTE,Web Family
C01132,SME,ADSL,Web Family
C01133,Enterprise,ADSL,Web Family
C01134,Enterprise,Fiber,Biz Speed
C01135,Enterprise,ADSL,Biz Speed
C01136,Residential,ADSL,Biz Speed
C01137,SME,Fiber,Web Family
C01138,Enterprise,Fiber,Web Booster
C01139,Residential,LTE,Biz Speed
C01140,Residential,Fiber,Biz Speed
C01141,Residential,ADSL,Web Booster
C01142,Residential,Fiber,Biz Speed
C01143,Residential,ADSL,Biz Speed
C01144,Residential,ADSL,Web Family
C01145,Residential,LTE,Biz Speed
C01146,SME,LTE,Web Booster
C01147,Residential,Fiber,Web Booster
C01148,Enterprise,LTE,Web Booster
C01149,Residential,Fiber,Web Family
C01150,Enterprise,ADSL,Web Family
C01151,SME,ADSL,Web Booster
C01152,Residential,LTE,Web Booster
C01153,SME,LTE,Web Booster
C01154,SME,ADSL,Web Booster
C01155,Enterprise,Fiber,Web Family
C01156,Enterprise,Fiber,Web Family
C01157,Enterprise,LTE,Biz Speed
C01158,Residential,ADSL,Web Booster
C01159,Enterprise,Fiber,Biz Speed
C01160,Enterprise,Fiber,Web Booster
C01161,Residential,LTE,Web Booster
C01162,SME,ADSL,Web Booster
C01163,Enterprise,ADSL,Biz Speed
C01164,Enterprise,Fiber,Biz Speed
C01165,Enterprise,ADSL,Biz Speed
C01166,Residential,LTE,Biz Speed
C01167,SME,LTE,Biz Speed
C01168,SME,Fiber,Biz Speed
C01169,Enterprise,Fiber,Web Family
C01170,Residential,ADSL,Web Booster
C01171,Residential,Fiber,Web Booster
C01172,SME,LTE,Web Family
C01173,Enterprise,ADSL,Web Booster
C01174,Residential,Fiber,Web Booster
C01175,Enterprise,LTE,Web Family
C01176,SME,LTE,Web Family
C01177,Enterprise,ADSL,Web Family
C01178,SME,Fiber,Biz Speed
C01179,Residential,ADSL,Biz Speed
C01180,Enterprise,ADSL,Web Family
C01181,SME,LTE,Web Booster
C01182,Residential,LTE,Web Booster
C01183,Enterprise,ADSL,Web Booster
C01184,SME,ADSL,Web Booster
C01185,Enterprise,Fiber,Web Family
C01186,Enterprise,LTE,Biz Speed
C01187,Enterprise,Fiber,Web Family
C01188,SME,Fiber,Biz Speed
C01189,SME,Fiber,Web Booster
C01190,Residential,Fiber,Web Booster
C01191,Residential,ADSL,Web Booster
C01192,SME,Fiber,Biz Speed
C01193,Enterprise,Fiber,Web Booster
C01194,Enterprise,ADSL,Web Family
C01195,Residential,ADSL,Biz Speed
C01196,SME,ADSL,Web Booster
C01197,Residential,ADSL,Biz Speed
C01198,Residential,Fiber,Web Booster
C01199,Enterprise,LTE,Biz Speed
C01200,SME,ADSL,Biz Speed
C01201,SME,LTE,Web Booster
C01202,SME,Fiber,Web Family
C01203,Enterprise,ADSL,Biz Speed
C01204,Enterprise,ADSL,Web Booster
C01205,Enterprise,ADSL,Web Family
C01206,Enterprise,ADSL,Web Booster
C01207,Enterprise,Fiber,Biz Speed
C01208,Residential,ADSL,Biz Speed
C01209,SME,ADSL,Web Family
C01210,Enterprise,LTE,Biz Speed
C01211,Enterprise,ADSL,Web Booster
C01212,Enterprise,LTE,Web Booster
C01213,Enterprise,Fiber,Web Family
C01214,Residential,ADSL,Web Family
C01215,Residential,LTE,Biz Speed
C01216,Residential,ADSL,Web Booster
C01217,Enterprise,Fiber,Web Booster
C01218,Residential,ADSL,Biz Speed
C01219,Residential,ADSL,Biz Speed
C01220,Residential,ADSL,Biz Speed
C01221,Enterprise,Fiber,Web Booster
C01222,Enterprise,LTE,Biz Speed
C01223,Enterprise,LTE,Web Family
C01224,SME,Fiber,Biz Speed
C01225,Enterprise,LTE,Biz Speed
C01226,Enterprise,Fiber,Biz Speed
C01227,SME,LTE,Web Family
C01228,Residential,Fiber,Web Family
C01229,Residential,LTE,Web Family
C01230,Enterprise,LTE,Web Family
C01231,SME,Fiber,Web Booster
C01232,Residential,Fiber,Web Family
C01233,Enterprise,Fiber,Biz Speed
C01234,Enterprise,LTE,Web Booster
C01235,Enterprise,LTE,Web Family
C01236,SME,ADSL,Web Family
C01237,Enterprise,Fiber,Biz Speed
C01238,Enterprise,ADSL,Web Booster
C01239,Residential,Fiber,Biz Speed
C01240,SME,LTE,Web Family
C01241,Enterprise,ADSL,Web Booster
C01242,Enterprise,Fiber,Web Family
C01243,SME,Fiber,Biz Speed
C01244,Enterprise,Fiber,Web Family
C01245,SME,LTE,Web Family
C01246,Enterprise,ADSL,Web Booster
C01247,Enterprise,LTE,Biz Speed
C01248,SME,LTE,Web Family
C01249,Enterprise,Fiber,Web Booster
C01250,Residential,Fiber,Biz Speed
C01251,Enterprise,Fiber,Web Family
C01252,Residential,ADSL,Web Booster
C01253,Residential,ADSL,Biz Speed
C01254,Enterprise,LTE,Biz Speed
C01255,Residential,ADSL,Biz Speed
C01256,SME,ADSL,Web Booster
C01257,Residential,Fiber,Web Family
C01258,Enterprise,Fiber,Biz Speed
C01259,SME,LTE,Web Booster
C01260,SME,LTE,Web Booster
C01261,Enterprise,Fiber,Biz Speed
C01262,Enterprise,ADSL,Web Family
C01263,Enterprise,Fiber,Biz Speed
C01264,SME,ADSL,Web Family
C01265,Enterprise,LTE,Biz Speed
C01266,SME,LTE,Web Booster
C01267,Residential,LTE,Web Family
C01268,Residential,ADSL,Web Booster
C01269,Enterprise,LTE,Biz Speed
C01270,Enterprise,ADSL,Biz Speed
C01271,Residential,ADSL,Biz Speed
C01272,Residential,Fiber,Biz Speed
C01273,Enterprise,ADSL,Web Family
C01274,Enterprise,ADSL,Biz Speed
C01275,SME,ADSL,Biz Speed
C01276,Residential,Fiber,Biz Speed
C01277,Residential,Fiber,Web Family
C01278,Enterprise,Fiber,Biz Speed
C01279,Enterprise,Fiber,Web Booster
C01280,SME,Fiber,Web Family
C01281,SME,LTE,Web Booster
C01282,Enterprise,Fiber,Web Family
C01283,Residential,Fiber,Web Booster
C01284,SME,ADSL,Biz Speed
C01285,Enterprise,Fiber,Biz Speed
C01286,SME,LTE,Web Family
C01287,Residential,Fiber,Biz Speed
C01288,SME,LTE,Web Booster
C01289,Enterprise,LTE,Web Booster
C01290,SME,LTE,Web Booster
C01291,Residential,ADSL,Biz Speed
C01292,SME,Fiber,Biz Speed
C01293,Enterprise,ADSL,Web Family
C01294,Residential,ADSL,Biz Speed
C01295,Enterprise,ADSL,Web Booster
C01296,Residential,Fiber,Biz Speed
C01297,Enterprise,LTE,Biz Speed
C01298,SME,LTE,Web Family
C01299,Enterprise,ADSL,Web Booster
C01300,Enterprise,ADSL,Web Family
C01301,Enterprise,Fiber,Biz Speed
C01302,Enterprise,ADSL,Web Family
C01303,Residential,LTE,Web Family
C01304,Enterprise,ADSL,Web Family
C01305,SME,LTE,Web Family
C01306,SME,Fiber,Web Family
C01307,Residential,Fiber,Biz Speed
C01308,SME,LTE,Web Booster
C01309,Residential,Fiber,Biz Speed
C01310,Enterprise,ADSL,Biz Speed
C01311,Enterprise,LTE,Biz Speed
C01312,Residential,LTE,Biz Speed
C01313,Enterprise,ADSL,Web Family
C01314,SME,Fiber,Biz Speed
C01315,SME,LTE,Web Booster
C01316,Residential,ADSL,Web Family
C01317,Residential,Fiber,Biz Speed
C01318,Residential,Fiber,Web Family
C01319,Enterprise,ADSL,Web Family
C01320,SME,LTE,Biz Speed
C01321,Enterprise,LTE,Web Booster
C01322,Residential,ADSL,Web Booster
C01323,Residential,Fiber,Biz Speed
C01324,Residential,ADSL,Biz Speed
C01325,Enterprise,Fiber,Web Family
C01326,Residential,ADSL,Web Booster
C01327,Enterprise,ADSL,Web Family
C01328,Enterprise,ADSL,Web Booster
C01329,Residential,LTE,Biz Speed
C01330,SME,Fiber,Web Family
C01331,Enterprise,Fiber,Biz Speed
C01332,Residential,ADSL,Biz Speed
C01333,Residential,ADSL,Biz Speed
C01334,SME,ADSL,Biz Speed
C01335,SME,LTE,Web Family
C01336,Residential,ADSL,Biz Speed
C01337,Residential,ADSL,Web Family
C01338,Enterprise,ADSL,Web Family
C01339,Enterprise,ADSL,Web Family
C01340,Enterprise,Fiber,Biz Speed
C01341,Residential,ADSL,Biz Speed
C01342,SME,LTE,Web Family
C01343,SME,Fiber,Web Booster
C01344,SME,LTE,Biz Speed
C01345,Enterprise,ADSL,Web Family
C01346,SME,LTE,Web Family
C01347,Residential,LTE,Biz Speed
C01348,SME,LTE,Web Family
C01349,Enterprise,Fiber,Biz Speed
C01350,Enterprise,Fiber,Web Booster
C01351,Enterprise,LTE,Web Booster
C01352,Residential,LTE,Biz Speed
C01353,SME,ADSL,Web Booster
C01354,Enterprise,LTE,Biz Speed
C01355,Residential,LTE,Biz Speed
C01356,SME,Fiber,Web Booster
C01357,SME,LTE,Web Booster
C01358,Enterprise,LTE,Biz Speed
C01359,Enterprise,Fiber,Biz Speed
C01360,Enterprise,Fiber,Web Family
C01361,SME,LTE,Biz Speed
C01362,Enterprise,ADSL,Web Family
C01363,Enterprise,Fiber,Web Family
C01364,SME,ADSL,Web Booster
C01365,SME,Fiber,Web Booster
C01366,Residential,ADSL,Web Booster
C01367,SME,ADSL,Biz Speed
C01368,Enterprise,ADSL,Web Family
C01369,Residential,ADSL,Web Booster
C01370,Residential,ADSL,Biz Speed
C01371,Residential,ADSL,Biz Speed
C01372,Residential,ADSL,Web Family
C01373,SME,Fiber,Biz Speed
C01374,Residential,Fiber,Web Booster
C01375,SME,ADSL,Web Booster
C01376,Residential,ADSL,Web Family
C01377,Residential,Fiber,Biz Speed
C01378,Enterprise,ADSL,Web Booster
C01379,SME,Fiber,Biz Speed
C01380,SME,LTE,Biz Speed
C01381,Residential,LTE,Biz Speed
C01382,Residential,ADSL,Web Booster
C01383,Residential,ADSL,Web Booster
C01384,Enterprise,LTE,Biz Speed
C01385,SME,ADSL,Web Booster
C01386,SME,LTE,Biz Speed
C01387,Enterprise,Fiber,Web Booster
C01388,Residential,LTE,Biz Speed
C01389,Residential,ADSL,Biz Speed
C01390,SME,LTE,Web Booster
C01391,Residential,ADSL,Web Booster
C01392,Residential,LTE,Biz Speed
C01393,SME,Fiber,Biz Speed
C01394,SME,LTE,Web Booster
C01395,Enterprise,LTE,Web Family
C01396,Enterprise,Fiber,Web Booster
C01397,Residential,ADSL,Web Family
C01398,Residential,Fiber,Web Family
C01399,Enterprise,LTE,Web Family
C01400,Residential,Fiber,Biz Speed
C01401,SME,ADSL,Web Family
C01402,Enterprise,Fiber,Web Booster
C01403,SME,LTE,Biz Speed
C01404,SME,Fiber,Biz Speed
C01405,Residential,ADSL,Web Family
C01406,SME,LTE,Biz Speed
C01407,SME,LTE,Biz Speed
C01408,SME,Fiber,Biz Speed
C01409,SME,ADSL,Web Family
C01410,Residential,LTE,Biz Speed
C01411,SME,ADSL,Web Booster
C01412,SME,Fiber,Web Booster
C01413,Enterprise,LTE,Web Booster
C01414,SME,Fiber,Web Booster
C01415,SME,LTE,Web Booster
C01416,Residential,ADSL,Web Family
C01417,Enterprise,Fiber,Web Family
C01418,Residential,ADSL,Web Booster
C01419,Residential,Fiber,Biz Speed
C01420,Residential,Fiber,Web Booster
C01421,Enterprise,ADSL,Biz Speed
C01422,SME,LTE,Web Booster
C01423,Enterprise,Fiber,Web Booster
C01424,Residential,Fiber,Web Family
C01425,SME,ADSL,Web Family
C01426,SME,LTE,Web Booster
C01427,Enterprise,LTE,Web Booster
C01428,Residential,LTE,Biz Speed
C01429,Residential,ADSL,Biz Speed
C01430,Enterprise,Fiber,Web Booster
C01431,Enterprise,ADSL,Web Booster
C01432,SME,Fiber,Web Booster
C01433,SME,ADSL,Web Family
C01434,Enterprise,LTE,Web Booster
C01435,Enterprise,LTE,Web Family
C01436,SME,Fiber,Web Booster
C01437,SME,ADSL,Web Booster
C01438,SME,LTE,Web Booster
C01439,SME,ADSL,Biz Speed
C01440,SME,LTE,Web Family
C01441,Residential,Fiber,Biz Speed
C01442,SME,ADSL,Biz Speed
C01443,Residential,Fiber,Web Booster
C01444,Residential,LTE,Biz Speed
C01445,SME,ADSL,Web Family
C01446,Enterprise,Fiber,Web Family
C01447,SME,LTE,Web Family
C01448,SME,LTE,Biz Speed
C01449,Enterprise,Fiber,Web Family
C01450,SME,LTE,Web Booster
C01451,Enterprise,LTE,Biz Speed
C01452,Enterprise,ADSL,Web Family
C01453,SME,ADSL,Biz Speed
C01454,Enterprise,LTE,Biz Speed
C01455,Enterprise,LTE,Web Booster
C01456,Residential,Fiber,Web Booster
C01457,SME,LTE,Web Family
C01458,Residential,ADSL,Web Family
C01459,SME,ADSL,Web Family
C01460,SME,LTE,Web Booster
C01461,SME,LTE,Biz Speed
C01462,Residential,ADSL,Web Booster
C01463,Enterprise,LTE,Web Booster
C01464,Enterprise,ADSL,Biz Speed
C01465,SME,Fiber,Web Booster
C01466,Enterprise,Fiber,Biz Speed
C01467,Enterprise,ADSL,Biz Speed
C01468,Enterprise,ADSL,Biz Speed
C01469,SME,Fiber,Web Family
C01470,SME,Fiber,Biz Speed
C01471,SME,LTE,Biz Speed
C01472,Residential,LTE,Web Family
C01473,Enterprise,Fiber,Web Family
C01474,SME,LTE,Web Family
C01475,Enterprise,Fiber,Web Family
C01476,Residential,LTE,Web Family
C01477,SME,LTE,Web Booster
C01478,Residential,LTE,Web Family
C01479,Residential,Fiber,Web Booster
C01480,Residential,ADSL,Web Booster
C01481,SME,LTE,Web Family
C01482,Enterprise,Fiber,Web Booster
C01483,SME,Fiber,Biz Speed
C01484,Residential,LTE,Biz Speed
C01485,Enterprise,ADSL,Web Family
C01486,Enterprise,LTE,Web Booster
C01487,Enterprise,Fiber,Biz Speed
C01488,Enterprise,Fiber,Web Booster
C01489,SME,Fiber,Web Booster
C01490,Enterprise,Fiber,Web Family
C01491,SME,LTE,Web Family
C01492,SME,ADSL,Web Family
C01493,Residential,Fiber,Web Family
C01494,Enterprise,LTE,Biz Speed
C01495,SME,Fiber,Web Family
C01496,Residential,ADSL,Biz Speed
C01497,Enterprise,Fiber,Web Family
C01498,Residential,ADSL,Biz Speed
C01499,Residential,LTE,Web Family
C01500,Enterprise,ADSL,Web Booster
C01501,SME,ADSL,Web Family
C01502,SME,LTE,Biz Speed
C01503,Residential,LTE,Biz Speed
C01504,SME,ADSL,Biz Speed
C01505,Enterprise,Fiber,Biz Speed
C01506,Enterprise,LTE,Web Booster
C01507,Enterprise,ADSL,Web Family
C01508,Residential,LTE,Web Booster
C01509,Enterprise,LTE,Web Booster
C01510,Enterprise,ADSL,Web Booster
C01511,Residential,ADSL,Web Booster
C01512,Residential,LTE,Biz Speed
C01513,Enterprise,LTE,Web Family
C01514,SME,ADSL,Web Family
C01515,SME,LTE,Biz Speed
C01516,Residential,ADSL,Biz Speed
C01517,Residential,Fiber,Web Family
C01518,SME,Fiber,Web Family
C01519,Enterprise,LTE,Biz Speed
C01520,Enterprise,ADSL,Biz Speed
C01521,SME,Fiber,Biz Speed
C01522,Residential,Fiber,Biz Speed
C01523,Residential,LTE,Biz Speed
C01524,Enterprise,ADSL,Web Booster
C01525,Enterprise,Fiber,Biz Speed
C01526,Residential,ADSL,Web Family
C01527,Residential,Fiber,Biz Speed
C01528,Enterprise,Fiber,Biz Speed
C01529,Residential,ADSL,Biz Speed
C01530,Enterprise,Fiber,Biz Speed
C01531,SME,ADSL,Web Family
C01532,Enterprise,LTE,Biz Speed
C01533,Enterprise,LTE,Web Family
C01534,Residential,ADSL,Web Booster
C01535,Enterprise,Fiber,Biz Speed
C01536,SME,LTE,Web Booster
C01537,SME,LTE,Web Booster
C01538,SME,ADSL,Web Booster
C01539,Enterprise,ADSL,Web Family
C01540,Enterprise,ADSL,Web Booster
C01541,SME,LTE,Web Booster
C01542,Residential,LTE,Biz Speed
C01543,Residential,LTE,Web Family
C01544,Residential,Fiber,Web Booster
C01545,Enterprise,LTE,Biz Speed
C01546,Enterprise,ADSL,Web Family
C01547,SME,LTE,Web Family
C01548,SME,ADSL,Web Family
C01549,SME,Fiber,Biz Speed
C01550,Residential,ADSL,Web Family
C01551,SME,Fiber,Web Booster
C01552,Enterprise,ADSL,Biz Speed
C01553,Residential,ADSL,Biz Speed
C01554,Enterprise,ADSL,Web Booster
C01555,Residential,LTE,Web Booster
C01556,SME,LTE,Web Family
C01557,Residential,ADSL,Biz Speed
C01558,Residential,ADSL,Biz Speed
C01559,SME,ADSL,Web Family
C01560,Enterprise,Fiber,Web Booster
C01561,Residential,Fiber,Web Family
C01562,SME,LTE,Biz Speed
C01563,Residential,Fiber,Web Booster
C01564,SME,Fiber,Web Family
C01565,SME,ADSL,Biz Speed
C01566,SME,LTE,Web Family
C01567,SME,ADSL,Web Family
C01568,SME,ADSL,Web Family
C01569,Enterprise,ADSL,Web Family
C01570,Enterprise,ADSL,Web Family
C01571,SME,LTE,Web Booster
C01572,Enterprise,Fiber,Web Family
C01573,SME,LTE,Web Booster
C01574,SME,ADSL,Biz Speed
C01575,SME,Fiber,Web Booster
C01576,SME,ADSL,Web Family
C01577,Residential,Fiber,Biz Speed
C01578,Enterprise,Fiber,Web Family
C01579,Residential,ADSL,Web Family
C01580,SME,Fiber,Web Booster
C01581,Residential,LTE,Web Booster
C01582,SME,Fiber,Biz Speed
C01583,Residential,ADSL,Biz Speed
C01584,Enterprise,LTE,Biz Speed
C01585,Residential,ADSL,Biz Speed
C01586,SME,ADSL,Biz Speed
C01587,SME,Fiber,Web Family
C01588,Enterprise,ADSL,Web Booster
C01589,Enterprise,Fiber,Web Family
C01590,SME,ADSL,Biz Speed
C01591,Residential,Fiber,Web Booster
C01592,Enterprise,LTE,Web Family
C01593,Enterprise,ADSL,Web Family
C01594,SME,ADSL,Biz Speed
C01595,Residential,ADSL,Web Booster
C01596,Enterprise,Fiber,Web Family
C01597,Enterprise,LTE,Web Booster
C01598,Enterprise,Fiber,Web Family
C01599,SME,LTE,Biz Speed
C01600,Enterprise,LTE,Web Family
C01601,SME,Fiber,Biz Speed
C01602,Residential,Fiber,Web Booster
C01603,Enterprise,Fiber,Web Family
C01604,Enterprise,ADSL,Biz Speed
C01605,Enterprise,Fiber,Web Booster
C01606,Residential,LTE,Web Booster
C01607,SME,LTE,Biz Speed
C01608,Enterprise,Fiber,Biz Speed
C01609,Residential,Fiber,Web Booster
C01610,Enterprise,Fiber,Web Booster
C01611,Residential,ADSL,Biz Speed
C01612,SME,Fiber,Biz Speed
C01613,Enterprise,Fiber,Web Family
C01614,Residential,ADSL,Web Family
C01615,SME,LTE,Web Booster
C01616,Enterprise,ADSL,Web Booster
C01617,Residential,Fiber,Web Family
C01618,Enterprise,ADSL,Web Booster
C01619,Enterprise,Fiber,Biz Speed
C01620,Enterprise,Fiber,Web Booster
C01621,SME,Fiber,Biz Speed
C01622,SME,ADSL,Biz Speed
C01623,SME,LTE,Web Booster
C01624,Residential,Fiber,Web Family
C01625,Residential,LTE,Web Booster
C01626,Enterprise,Fiber,Web Family
C01627,SME,ADSL,Web Booster
C01628,SME,Fiber,Web Booster
C01629,Residential,ADSL,Biz Speed
C01630,Enterprise,LTE,Web Booster
C01631,Enterprise,ADSL,Biz Speed
C01632,Enterprise,ADSL,Web Family
C01633,SME,LTE,Web Family
C01634,Residential,ADSL,Biz Speed
C01635,Enterprise,Fiber,Biz Speed
C01636,Enterprise,Fiber,Web Family
C01637,SME,LTE,Web Booster
C01638,SME,LTE,Biz Speed
C01639,Enterprise,ADSL,Web Family
C01640,Enterprise,LTE,Web Family
C01641,Residential,Fiber,Biz Speed
C01642,Enterprise,ADSL,Web Family
C01643,SME,LTE,Web Family
C01644,Enterprise,ADSL,Web Family
C01645,Residential,LTE,Web Booster
C01646,Enterprise,Fiber,Biz Speed
C01647,Residential,Fiber,Biz Speed
C01648,SME,Fiber,Biz Speed
C01649,Enterprise,ADSL,Biz Speed
C01650,SME,ADSL,Web Booster
C01651,Residential,LTE,Biz Speed
C01652,Residential,Fiber,Web Family
C01653,Enterprise,Fiber,Web Booster
C01654,Enterprise,LTE,Web Booster
C01655,Residential,Fiber,Web Family
C01656,SME,Fiber,Web Booster
C01657,SME,ADSL,Web Family
C01658,SME,Fiber,Web Family
C01659,SME,LTE,Web Booster
C01660,Enterprise,ADSL,Web Family
C01661,Enterprise,LTE,Biz Speed
C01662,Residential,Fiber,Web Family
C01663,Enterprise,LTE,Web Family
C01664,Residential,ADSL,Biz Speed
C01665,SME,LTE,Web Family
C01666,SME,Fiber,Web Family
C01667,Enterprise,ADSL,Biz Speed
C01668,Enterprise,ADSL,Web Family
C01669,Enterprise,ADSL,Web Booster
C01670,Residential,LTE,Web Booster
C01671,SME,Fiber,Web Booster
C01672,Residential,LTE,Web Booster
C01673,Enterprise,LTE,Web Booster
C01674,Enterprise,Fiber,Biz Speed
C01675,Residential,Fiber,Biz Speed
C01676,Enterprise,ADSL,Web Family
C01677,Enterprise,ADSL,Biz Speed
C01678,Enterprise,LTE,Web Booster
C01679,Enterprise,LTE,Web Family
C01680,SME,ADSL,Biz Speed
C01681,SME,Fiber,Biz Speed
C01682,SME,Fiber,Web Family
C01683,SME,ADSL,Web Family
C01684,Residential,ADSL,Web Booster
C01685,SME,LTE,Biz Speed
C01686,Residential,Fiber,Biz Speed
C01687,SME,LTE,Web Family
C01688,Enterprise,ADSL,Web Booster
C01689,Residential,ADSL,Web Booster
C01690,Enterprise,ADSL,Biz Speed
C01691,Residential,Fiber,Web Booster
C01692,Enterprise,LTE,Web Booster
C01693,Enterprise,Fiber,Web Booster
C01694,SME,ADSL,Web Booster
C01695,SME,ADSL,Web Family
C01696,SME,ADSL,Biz Speed
C01697,Enterprise,ADSL,Web Family
C01698,Enterprise,LTE,Web Booster
C01699,Residential,LTE,Web Family
C01700,SME,ADSL,Biz Speed
C01701,Enterprise,ADSL,Web Booster
C01702,Residential,LTE,Biz Speed
C01703,Enterprise,Fiber,Web Booster
C01704,SME,Fiber,Web Booster
C01705,SME,Fiber,Biz Speed
C01706,Residential,LTE,Web Family
C01707,Residential,LTE,Biz Speed
C01708,SME,ADSL,Web Family
C01709,SME,ADSL,Biz Speed
C01710,SME,Fiber,Web Family
C01711,Enterprise,ADSL,Web Family
C01712,Residential,LTE,Web Booster
C01713,Enterprise,Fiber,Web Family
C01714,Residential,ADSL,Biz Speed
C01715,SME,LTE,Web Family
C01716,Enterprise,ADSL,Web Booster
C01717,SME,ADSL,Web Family
C01718,Residential,LTE,Web Booster
C01719,SME,ADSL,Web Family
C01720,Residential,LTE,Web Family
C01721,Enterprise,ADSL,Biz Speed
C01722,Enterprise,LTE,Biz Speed
C01723,Residential,ADSL,Web Booster
C01724,Residential,Fiber,Web Booster
C01725,SME,ADSL,Web Booster
C01726,Residential,LTE,Biz Speed
C01727,SME,Fiber,Web Family
C01728,Residential,ADSL,Biz Speed
C01729,Enterprise,ADSL,Biz Speed
C01730,SME,LTE,Web Booster
C01731,Enterprise,ADSL,Biz Speed
C01732,SME,ADSL,Web Family
C01733,Enterprise,LTE,Web Family
C01734,Enterprise,ADSL,Biz Speed
C01735,SME,Fiber,Web Family
C01736,Enterprise,LTE,Web Booster
C01737,Enterprise,ADSL,Web Booster
C01738,SME,LTE,Web Booster
C01739,SME,Fiber,Web Booster
C01740,Residential,LTE,Web Booster
C01741,Residential,ADSL,Web Family
C01742,Enterprise,Fiber,Web Booster
C01743,Residential,LTE,Biz Speed
C01744,Enterprise,LTE,Web Family
C01745,Enterprise,Fiber,Web Booster
C01746,SME,Fiber,Biz Speed
C01747,SME,ADSL,Web Booster
C01748,Residential,Fiber,Biz Speed
C01749,Enterprise,ADSL,Biz Speed
C01750,Residential,ADSL,Biz Speed
C01751,Enterprise,Fiber,Web Booster
C01752,SME,Fiber,Biz Speed
C01753,Enterprise,LTE,Web Booster
C01754,Enterprise,Fiber,Web Family
C01755,Residential,ADSL,Biz Speed
C01756,Residential,ADSL,Web Family
C01757,SME,LTE,Biz Speed
C01758,Residential,Fiber,Biz Speed
C01759,SME,ADSL,Biz Speed
C01760,SME,ADSL,Web Booster
C01761,Enterprise,Fiber,Biz Speed
C01762,SME,Fiber,Web Booster
C01763,Enterprise,Fiber,Web Family
C01764,SME,Fiber,Web Booster
C01765,Residential,LTE,Biz Speed
C01766,Enterprise,LTE,Biz Speed
C01767,SME,LTE,Biz Speed
C01768,Residential,LTE,Web Family
C01769,SME,LTE,Web Booster
C01770,Enterprise,Fiber,Web Family
C01771,Enterprise,Fiber,Web Family
C01772,SME,ADSL,Web Booster
C01773,Residential,Fiber,Web Family
C01774,SME,LTE,Biz Speed
C01775,SME,ADSL,Web Family
C01776,SME,ADSL,Web Booster
C01777,Residential,Fiber,Web Booster
C01778,Enterprise,LTE,Biz Speed
C01779,Enterprise,LTE,Web Booster
C01780,Enterprise,LTE,Web Family
C01781,Enterprise,LTE,Biz Speed
C01782,Enterprise,LTE,Biz Speed
C01783,Enterprise,ADSL,Biz Speed
C01784,SME,LTE,Biz Speed
C01785,Enterprise,Fiber,Web Family
C01786,Enterprise,ADSL,Biz Speed
C01787,Enterprise,ADSL,Biz Speed
C01788,Residential,LTE,Biz Speed
C01789,SME,LTE,Biz Speed
C01790,Enterprise,ADSL,Web Booster
C01791,SME,LTE,Web Family
C01792,Enterprise,ADSL,Web Booster
C01793,Enterprise,LTE,Web Family
C01794,Enterprise,Fiber,Biz Speed
C01795,SME,ADSL,Biz Speed
C01796,SME,Fiber,Web Family
C01797,SME,LTE,Web Family
C01798,SME,LTE,Web Family
C01799,Enterprise,Fiber,Biz Speed
C01800,Enterprise,LTE,Web Booster
C01801,SME,ADSL,Web Family
C01802,Enterprise,Fiber,Web Booster
C01803,Residential,ADSL,Web Family
C01804,SME,LTE,Web Family
C01805,Enterprise,ADSL,Web Family
C01806,Enterprise,LTE,Web Family
C01807,Residential,Fiber,Web Family
C01808,SME,LTE,Web Booster
C01809,Enterprise,Fiber,Web Booster
C01810,SME,LTE,Web Booster
C01811,SME,Fiber,Web Booster
C01812,SME,LTE,Biz Speed
C01813,Enterprise,ADSL,Web Family
C01814,Enterprise,ADSL,Web Booster
C01815,SME,ADSL,Biz Speed
C01816,SME,LTE,Web Booster
C01817,SME,ADSL,Biz Speed
C01818,Enterprise,ADSL,Web Family
C01819,Enterprise,Fiber,Biz Speed
C01820,Enterprise,Fiber,Web Booster
C01821,Enterprise,Fiber,Web Family
C01822,Residential,ADSL,Web Family
C01823,SME,Fiber,Biz Speed
C01824,Residential,Fiber,Web Family
C01825,Residential,ADSL,Biz Speed
C01826,Residential,ADSL,Biz Speed
C01827,Residential,Fiber,Biz Speed
C01828,Enterprise,ADSL,Biz Speed
C01829,Residential,Fiber,Biz Speed
C01830,SME,LTE,Biz Speed
C01831,Enterprise,LTE,Web Booster
C01832,Enterprise,ADSL,Web Booster
C01833,Residential,LTE,Web Family
C01834,SME,Fiber,Web Booster
C01835,SME,Fiber,Web Booster
C01836,Residential,ADSL,Web Booster
C01837,SME,Fiber,Web Family
C01838,SME,Fiber,Biz Speed
C01839,SME,ADSL,Web Booster
C01840,Residential,Fiber,Biz Speed
C01841,SME,Fiber,Web Booster
C01842,Enterprise,Fiber,Web Family
C01843,SME,Fiber,Biz Speed
C01844,SME,ADSL,Web Family
C01845,SME,LTE,Web Booster
C01846,Enterprise,Fiber,Biz Speed
C01847,SME,ADSL,Web Booster
C01848,Enterprise,LTE,Web Booster
C01849,SME,Fiber,Biz Speed
C01850,Enterprise,Fiber,Web Booster
C01851,SME,Fiber,Web Booster
C01852,SME,ADSL,Web Family
C01853,Residential,LTE,Biz Speed
C01854,Enterprise,LTE,Web Family
C01855,SME,LTE,Web Family
C01856,SME,ADSL,Web Family
C01857,Residential,Fiber,Biz Speed
C01858,Residential,LTE,Web Booster
C01859,Enterprise,ADSL,Web Booster
C01860,SME,Fiber,Web Family
C01861,SME,ADSL,Web Family
C01862,Residential,ADSL,Biz Speed
C01863,Enterprise,ADSL,Web Family
C01864,Residential,Fiber,Web Family
C01865,SME,ADSL,Web Family
C01866,Enterprise,Fiber,Web Family
C01867,Residential,Fiber,Web Family
C01868,SME,Fiber,Web Booster
C01869,Enterprise,Fiber,Web Family
C01870,Enterprise,ADSL,Web Family
C01871,Residential,LTE,Web Booster
C01872,Enterprise,ADSL,Web Booster
C01873,Enterprise,ADSL,Biz Speed
C01874,Residential,Fiber,Biz Speed
C01875,Residential,Fiber,Web Booster
C01876,SME,Fiber,Biz Speed
C01877,Residential,LTE,Web Family
C01878,Residential,Fiber,Web Family
C01879,Enterprise,ADSL,Web Booster
C01880,Residential,LTE,Web Family
C01881,Residential,Fiber,Biz Speed
C01882,SME,LTE,Biz Speed
C01883,SME,ADSL,Web Family
C01884,Enterprise,LTE,Biz Speed
C01885,Residential,Fiber,Biz Speed
C01886,Enterprise,Fiber,Biz Speed
C01887,Residential,ADSL,Web Booster
C01888,Residential,ADSL,Web Family
C01889,Enterprise,Fiber,Biz Speed
C01890,Enterprise,ADSL,Web Family
C01891,Enterprise,ADSL,Web Family
C01892,Residential,Fiber,Web Family
C01893,SME,LTE,Web Family
C01894,Residential,Fiber,Biz Speed
C01895,Residential,LTE,Web Booster
C01896,SME,Fiber,Web Family
C01897,Enterprise,Fiber,Web Family
C01898,SME,ADSL,Web Family
C01899,Residential,ADSL,Web Booster
C01900,SME,LTE,Web Family
C01901,SME,Fiber,Web Family
C01902,Residential,Fiber,Biz Speed
C01903,Residential,LTE,Web Family
C01904,Enterprise,LTE,Web Family
C01905,Residential,Fiber,Biz Speed
C01906,SME,LTE,Web Family
C01907,Residential,ADSL,Web Booster
C01908,Residential,LTE,Web Family
C01909,Enterprise,Fiber,Web Booster
C01910,SME,LTE,Web Booster
C01911,SME,Fiber,Web Booster
C01912,Enterprise,ADSL,Web Family
C01913,Enterprise,Fiber,Web Family
C01914,Enterprise,LTE,Web Family
C01915,SME,LTE,Web Family
C01916,Enterprise,Fiber,Web Family
C01917,Enterprise,Fiber,Biz Speed
C01918,Enterprise,Fiber,Web Booster
C01919,Residential,LTE,Biz Speed
C01920,Residential,LTE,Biz Speed
C01921,Enterprise,Fiber,Web Booster
C01922,Residential,ADSL,Web Family
C01923,SME,Fiber,Web Family
C01924,Residential,ADSL,Web Family
C01925,Enterprise,LTE,Web Family
C01926,Enterprise,ADSL,Biz Speed
C01927,SME,LTE,Web Family
C01928,SME,Fiber,Web Booster
C01929,Enterprise,ADSL,Web Family
C01930,Residential,LTE,Biz Speed
C01931,Residential,LTE,Web Booster
C01932,Enterprise,ADSL,Biz Speed
C01933,Residential,ADSL,Web Family
C01934,SME,ADSL,Web Family
C01935,Enterprise,LTE,Web Family
C01936,SME,LTE,Biz Speed
C01937,SME,Fiber,Biz Speed
C01938,Residential,ADSL,Biz Speed
C01939,Residential,LTE,Web Family
C01940,Enterprise,LTE,Biz Speed
C01941,Enterprise,ADSL,Web Family
C01942,Residential,LTE,Web Booster
C01943,Enterprise,ADSL,Web Booster
C01944,Residential,LTE,Web Booster
C01945,Enterprise,ADSL,Web Family
C01946,Enterprise,ADSL,Biz Speed
C01947,SME,ADSL,Web Booster
C01948,Enterprise,Fiber,Web Family
C01949,SME,Fiber,Web Family
C01950,Residential,LTE,Web Family
C01951,SME,Fiber,Biz Speed
C01952,Residential,Fiber,Biz Speed
C01953,Residential,LTE,Web Booster
C01954,Enterprise,Fiber,Web Booster
C01955,SME,ADSL,Biz Speed
C01956,Residential,Fiber,Web Family
C01957,Residential,ADSL,Biz Speed
C01958,Enterprise,LTE,Biz Speed
C01959,SME,LTE,Biz Speed
C01960,Enterprise,ADSL,Web Booster
C01961,Enterprise,Fiber,Web Booster
C01962,SME,Fiber,Web Booster
C01963,SME,Fiber,Web Family
C01964,SME,Fiber,Biz Speed
C01965,Enterprise,ADSL,Web Booster
C01966,Residential,ADSL,Biz Speed
C01967,Residential,Fiber,Web Family
C01968,SME,ADSL,Web Family
C01969,SME,Fiber,Web Family
C01970,Residential,ADSL,Web Booster
C01971,Residential,LTE,Web Booster
C01972,Residential,ADSL,Web Booster
C01973,Residential,LTE,Web Booster
C01974,SME,LTE,Web Family
C01975,Enterprise,ADSL,Biz Speed
C01976,Enterprise,LTE,Web Booster
C01977,Enterprise,ADSL,Web Family
C01978,Enterprise,LTE,Web Booster
C01979,Enterprise,LTE,Web Family
C01980,Enterprise,Fiber,Web Booster
C01981,Enterprise,Fiber,Web Booster
C01982,SME,Fiber,Biz Speed
C01983,Enterprise,ADSL,Web Family
C01984,SME,Fiber,Web Family
C01985,SME,ADSL,Biz Speed
C01986,Enterprise,LTE,Web Family
C01987,Enterprise,ADSL,Biz Speed
C01988,Enterprise,LTE,Web Booster
C01989,SME,LTE,Web Booster
C01990,SME,LTE,Web Booster
C01991,SME,ADSL,Web Family
C01992,SME,ADSL,Web Booster
C01993,SME,Fiber,Biz Speed
C01994,SME,ADSL,Web Booster
C01995,Enterprise,ADSL,Web Family
C01996,SME,LTE,Biz Speed
C01997,Residential,ADSL,Web Booster
C01998,SME,ADSL,Web Booster
C01999,Enterprise,LTE,Biz Speed
C02000,Residential,Fiber,Web Family
C02001,SME,ADSL,Web Booster
C02002,SME,ADSL,Web Booster
C02003,Enterprise,LTE,Web Family
C02004,Residential,Fiber,Web Booster
C02005,Enterprise,ADSL,Web Booster
C02006,Enterprise,LTE,Web Booster
C02007,Enterprise,ADSL,Web Family
C02008,SME,LTE,Web Family
C02009,SME,ADSL,Web Booster
C02010,SME,ADSL,Biz Speed
C02011,Enterprise,Fiber,Web Booster
C02012,Enterprise,Fiber,Web Booster
C02013,Residential,Fiber,Web Booster
C02014,Enterprise,Fiber,Web Booster
C02015,SME,LTE,Web Booster
C02016,SME,Fiber,Web Booster
C02017,Enterprise,Fiber,Biz Speed
C02018,Enterprise,Fiber,Web Family
C02019,Residential,ADSL,Web Booster
C02020,Enterprise,LTE,Web Booster
C02021,Enterprise,LTE,Web Family
C02022,SME,Fiber,Web Family
C02023,SME,LTE,Web Booster
C02024,Residential,Fiber,Web Family
C02025,Residential,Fiber,Biz Speed
C02026,Enterprise,ADSL,Biz Speed
C02027,Residential,LTE,Web Booster
C02028,Residential,Fiber,Web Family
C02029,SME,ADSL,Web Booster
C02030,SME,ADSL,Biz Speed
C02031,SME,Fiber,Biz Speed
C02032,Enterprise,Fiber,Web Family
C02033,Enterprise,Fiber,Biz Speed
C02034,Residential,Fiber,Web Family
C02035,SME,ADSL,Web Family
C02036,SME,LTE,Web Family
C02037,Residential,ADSL,Biz Speed
C02038,SME,Fiber,Web Booster
C02039,SME,ADSL,Web Family
C02040,Residential,ADSL,Web Family
C02041,Residential,Fiber,Biz Speed
C02042,Residential,Fiber,Biz Speed
C02043,Enterprise,LTE,Web Booster
C02044,Enterprise,ADSL,Biz Speed
C02045,Enterprise,Fiber,Web Family
C02046,Residential,ADSL,Web Family
C02047,SME,Fiber,Biz Speed
C02048,Enterprise,Fiber,Web Family
C02049,Enterprise,LTE,Web Booster
C02050,Residential,LTE,Biz Speed
C02051,Residential,LTE,Web Booster
C02052,Enterprise,Fiber,Web Booster
C02053,SME,Fiber,Web Booster
C02054,Residential,LTE,Web Booster
C02055,Enterprise,ADSL,Web Family
C02056,SME,Fiber,Web Booster
C02057,Enterprise,ADSL,Web Booster
C02058,SME,Fiber,Biz Speed
C02059,SME,Fiber,Web Family
C02060,SME,ADSL,Web Booster
C02061,Enterprise,LTE,Biz Speed
C02062,SME,ADSL,Biz Speed
C02063,Residential,Fiber,Web Booster
C02064,Enterprise,Fiber,Biz Speed
C02065,Residential,Fiber,Web Booster
C02066,SME,Fiber,Biz Speed
C02067,SME,Fiber,Web Family
C02068,Enterprise,LTE,Web Booster
C02069,Enterprise,ADSL,Web Booster
C02070,Enterprise,LTE,Web Booster
C02071,Enterprise,LTE,Web Booster
C02072,Residential,LTE,Web Family
C02073,SME,LTE,Web Family
C02074,Residential,Fiber,Web Family
C02075,Residential,LTE,Biz Speed
C02076,Residential,LTE,Biz Speed
C02077,Residential,LTE,Biz Speed
C02078,Residential,ADSL,Biz Speed
C02079,SME,Fiber,Web Booster
C02080,SME,ADSL,Web Booster
C02081,Enterprise,ADSL,Web Family
C02082,Residential,LTE,Web Family
C02083,SME,LTE,Web Booster
C02084,Residential,Fiber,Biz Speed
C02085,SME,ADSL,Web Family
C02086,Residential,LTE,Biz Speed
C02087,Residential,ADSL,Biz Speed
C02088,Enterprise,ADSL,Biz Speed
C02089,SME,ADSL,Web Family
C02090,SME,LTE,Web Booster
C02091,SME,ADSL,Biz Speed
C02092,SME,LTE,Web Family
C02093,Residential,Fiber,Web Booster
C02094,Enterprise,ADSL,Web Family
C02095,Enterprise,LTE,Web Booster
C02096,SME,LTE,Web Booster
C02097,Enterprise,Fiber,Web Family
C02098,SME,ADSL,Web Family
C02099,Residential,LTE,Web Family
C02100,Residential,ADSL,Web Booster
C02101,Enterprise,LTE,Biz Speed
C02102,SME,LTE,Web Family
C02103,Enterprise,Fiber,Web Booster
C02104,SME,LTE,Biz Speed
C02105,SME,Fiber,Biz Speed
C02106,SME,LTE,Biz Speed
C02107,Enterprise,LTE,Web Family
C02108,SME,LTE,Web Family
C02109,Residential,ADSL,Web Family
C02110,Residential,LTE,Biz Speed
C02111,Residential,ADSL,Biz Speed
C02112,Enterprise,ADSL,Web Family
C02113,SME,Fiber,Biz Speed
C02114,SME,LTE,Web Family
C02115,Residential,ADSL,Web Booster
C02116,SME,LTE,Biz Speed
C02117,Residential,LTE,Web Booster
C02118,Enterprise,LTE,Biz Speed
C02119,Residential,Fiber,Biz Speed
C02120,Residential,ADSL,Web Booster
C02121,Enterprise,LTE,Web Booster
C02122,Enterprise,ADSL,Web Booster
C02123,Enterprise,ADSL,Web Family
C02124,SME,LTE,Web Family
C02125,Enterprise,ADSL,Web Booster
C02126,SME,LTE,Web Family
C02127,SME,LTE,Web Booster
C02128,SME,ADSL,Biz Speed
C02129,Residential,Fiber,Web Family
C02130,Residential,LTE,Web Booster
C02131,SME,LTE,Biz Speed
C02132,Residential,Fiber,Web Booster
C02133,SME,LTE,Biz Speed
C02134,Enterprise,Fiber,Biz Speed
C02135,Residential,Fiber,Web Family
C02136,SME,Fiber,Web Booster
C02137,Enterprise,ADSL,Web Family
C02138,Enterprise,Fiber,Web Family
C02139,Enterprise,ADSL,Web Family
C02140,Enterprise,ADSL,Web Booster
C02141,Residential,Fiber,Biz Speed
C02142,SME,LTE,Biz Speed
C02143,Enterprise,ADSL,Web Family
C02144,Residential,Fiber,Web Family
C02145,SME,LTE,Web Booster
C02146,Enterprise,Fiber,Web Booster
C02147,Enterprise,Fiber,Web Booster
C02148,SME,ADSL,Web Family
C02149,Residential,LTE,Web Booster
C02150,SME,Fiber,Biz Speed
C02151,Enterprise,Fiber,Biz Speed
C02152,Residential,ADSL,Biz Speed
C02153,Enterprise,LTE,Web Booster
C02154,Enterprise,LTE,Biz Speed
C02155,Residential,LTE,Web Booster
C02156,SME,LTE,Web Booster
C02157,Residential,LTE,Web Family
C02158,Residential,LTE,Biz Speed
C02159,Enterprise,LTE,Web Family
C02160,Residential,LTE,Web Booster
C02161,SME,ADSL,Web Booster
C02162,Residential,Fiber,Biz Speed
C02163,Residential,LTE,Web Booster
C02164,Enterprise,ADSL,Web Booster
C02165,Residential,Fiber,Biz Speed
C02166,Enterprise,LTE,Biz Speed
C02167,SME,Fiber,Biz Speed
C02168,Enterprise,Fiber,Web Family
C02169,Enterprise,ADSL,Biz Speed
C02170,Enterprise,ADSL,Web Booster
C02171,SME,LTE,Web Booster
C02172,Residential,LTE,Web Family
C02173,SME,LTE,Web Family
C02174,SME,Fiber,Web Booster
C02175,Enterprise,Fiber,Web Family
C02176,Enterprise,ADSL,Biz Speed
C02177,Residential,LTE,Web Family
C02178,Residential,Fiber,Web Booster
C02179,Enterprise,LTE,Web Family
C02180,SME,Fiber,Biz Speed
C02181,Enterprise,ADSL,Web Booster
C02182,SME,ADSL,Web Booster
C02183,Enterprise,Fiber,Web Family
C02184,SME,LTE,Biz Speed
C02185,Residential,LTE,Web Family
C02186,SME,ADSL,Biz Speed
C02187,Residential,LTE,Web Family
C02188,SME,Fiber,Biz Speed
C02189,Residential,LTE,Biz Speed
C02190,SME,Fiber,Web Family
C02191,SME,ADSL,Web Booster
C02192,Enterprise,LTE,Biz Speed
C02193,Enterprise,LTE,Web Family
C02194,Residential,Fiber,Web Booster
C02195,SME,LTE,Biz Speed
C02196,Enterprise,ADSL,Biz Speed
C02197,Residential,LTE,Biz Speed
C02198,SME,LTE,Biz Speed
C02199,Enterprise,Fiber,Biz Speed
C02200,Residential,ADSL,Web Booster
C02201,SME,Fiber,Web Family
C02202,Enterprise,LTE,Web Family
C02203,SME,Fiber,Web Family
C02204,SME,ADSL,Web Booster
C02205,SME,LTE,Biz Speed
C02206,SME,ADSL,Web Booster
C02207,Residential,LTE,Biz Speed
C02208,Residential,ADSL,Biz Speed
C02209,SME,Fiber,Web Family
C02210,Residential,Fiber,Web Family
C02211,Residential,ADSL,Web Booster
C02212,SME,Fiber,Web Booster
C02213,Enterprise,ADSL,Web Booster
C02214,Residential,ADSL,Web Family
C02215,Residential,Fiber,Web Booster
C02216,Residential,ADSL,Biz Speed
C02217,Enterprise,ADSL,Biz Speed
C02218,Residential,ADSL,Biz Speed
C02219,Residential,Fiber,Web Booster
C02220,SME,Fiber,Web Booster
C02221,Enterprise,Fiber,Web Booster
C02222,Residential,LTE,Web Family
C02223,SME,ADSL,Biz Speed
C02224,Enterprise,LTE,Biz Speed
C02225,SME,Fiber,Biz Speed
C02226,SME,LTE,Biz Speed
C02227,Enterprise,Fiber,Web Family
C02228,Enterprise,LTE,Web Booster
C02229,Enterprise,Fiber,Biz Speed
C02230,SME,Fiber,Web Booster
C02231,Residential,LTE,Web Family
C02232,Residential,Fiber,Web Booster
C02233,SME,ADSL,Biz Speed
C02234,SME,LTE,Web Booster
C02235,SME,ADSL,Biz Speed
C02236,Enterprise,Fiber,Web Booster
C02237,SME,LTE,Web Booster
C02238,Enterprise,ADSL,Web Booster
C02239,SME,LTE,Biz Speed
C02240,Enterprise,LTE,Web Family
C02241,SME,LTE,Biz Speed
C02242,Enterprise,ADSL,Web Family
C02243,Enterprise,ADSL,Biz Speed
C02244,SME,LTE,Web Booster
C02245,SME,LTE,Web Family
C02246,Enterprise,LTE,Web Family
C02247,SME,ADSL,Web Family
C02248,Residential,ADSL,Web Family
C02249,SME,Fiber,Web Booster
C02250,Enterprise,LTE,Web Booster
C02251,Residential,ADSL,Web Family
C02252,Enterprise,LTE,Web Family
C02253,SME,Fiber,Web Family
C02254,Enterprise,LTE,Web Booster
C02255,SME,ADSL,Web Booster
C02256,SME,LTE,Web Family
C02257,Residential,ADSL,Biz Speed
C02258,Enterprise,Fiber,Web Booster
C02259,Residential,LTE,Web Family
C02260,Enterprise,LTE,Web Booster
C02261,Enterprise,ADSL,Biz Speed
C02262,SME,ADSL,Biz Speed
C02263,Enterprise,ADSL,Biz Speed
C02264,SME,Fiber,Web Family
C02265,Residential,Fiber,Web Family
C02266,Residential,Fiber,Web Family
C02267,Residential,ADSL,Web Family
C02268,Enterprise,ADSL,Web Family
C02269,SME,Fiber,Web Booster
C02270,Residential,Fiber,Web Family
C02271,SME,LTE,Web Booster
C02272,SME,ADSL,Web Family
C02273,Enterprise,LTE,Web Family
C02274,Residential,ADSL,Biz Speed
C02275,SME,LTE,Biz Speed
C02276,Enterprise,ADSL,Web Booster
C02277,SME,LTE,Biz Speed
C02278,Enterprise,ADSL,Web Booster
C02279,Residential,ADSL,Web Family
C02280,SME,ADSL,Web Family
C02281,Enterprise,LTE,Web Booster
C02282,Enterprise,ADSL,Web Booster
C02283,SME,Fiber,Web Family
C02284,Residential,LTE,Web Booster
C02285,Enterprise,Fiber,Biz Speed
C02286,SME,ADSL,Biz Speed
C02287,Residential,LTE,Biz Speed
C02288,SME,ADSL,Biz Speed
C02289,SME,Fiber,Biz Speed
C02290,Enterprise,ADSL,Web Family
C02291,Residential,Fiber,Web Family
C02292,SME,Fiber,Web Booster
C02293,SME,LTE,Web Family
C02294,Residential,Fiber,Web Booster
C02295,SME,ADSL,Web Family
C02296,Enterprise,Fiber,Web Family
C02297,Residential,ADSL,Web Family
C02298,Residential,LTE,Web Booster
C02299,SME,Fiber,Biz Speed
C02300,Residential,ADSL,Biz Speed
C02301,Residential,ADSL,Web Family
C02302,SME,LTE,Web Family
C02303,Enterprise,ADSL,Web Family
C02304,Residential,ADSL,Web Family
C02305,Residential,Fiber,Web Booster
C02306,SME,ADSL,Web Booster
C02307,SME,ADSL,Web Family
C02308,SME,LTE,Web Family
C02309,Residential,LTE,Web Booster
C02310,Residential,Fiber,Web Booster
C02311,Enterprise,Fiber,Web Family
C02312,Enterprise,LTE,Web Booster
C02313,Residential,Fiber,Biz Speed
C02314,Residential,Fiber,Web Booster
C02315,SME,LTE,Biz Speed
C02316,SME,Fiber,Web Booster
C02317,Residential,ADSL,Biz Speed
C02318,Residential,LTE,Web Booster
C02319,Residential,LTE,Web Family
C02320,Residential,ADSL,Biz Speed
C02321,Enterprise,Fiber,Biz Speed
C02322,Enterprise,ADSL,Web Booster
C02323,Enterprise,ADSL,Biz Speed
C02324,Enterprise,ADSL,Web Booster
C02325,Residential,LTE,Biz Speed
C02326,Residential,ADSL,Web Booster
C02327,Residential,ADSL,Biz Speed
C02328,Enterprise,LTE,Biz Speed
C02329,Enterprise,LTE,Web Family
C02330,Residential,Fiber,Biz Speed
C02331,Enterprise,ADSL,Biz Speed
C02332,Enterprise,ADSL,Web Booster
C02333,Enterprise,ADSL,Web Booster
C02334,Enterprise,Fiber,Web Family
C02335,Enterprise,ADSL,Web Booster
C02336,SME,ADSL,Web Booster
C02337,Residential,ADSL,Web Family
C02338,SME,ADSL,Biz Speed
C02339,Residential,ADSL,Web Family
C02340,Enterprise,ADSL,Web Family
C02341,Residential,ADSL,Biz Speed
C02342,Enterprise,ADSL,Biz Speed
C02343,Residential,LTE,Web Booster
C02344,Enterprise,ADSL,Biz Speed
C02345,SME,ADSL,Biz Speed
C02346,SME,ADSL,Biz Speed
C02347,SME,LTE,Web Family
C02348,SME,LTE,Web Family
C02349,SME,Fiber,Web Booster
C02350,Residential,LTE,Biz Speed
C02351,Enterprise,ADSL,Biz Speed
C02352,SME,ADSL,Web Booster
C02353,SME,ADSL,Web Booster
C02354,SME,Fiber,Web Family
C02355,SME,ADSL,Web Booster
C02356,Enterprise,ADSL,Biz Speed
C02357,Residential,LTE,Web Booster
C02358,Residential,ADSL,Web Booster
C02359,Residential,ADSL,Web Booster
C02360,SME,ADSL,Web Booster
C02361,Residential,Fiber,Web Booster
C02362,SME,LTE,Web Booster
C02363,Residential,Fiber,Biz Speed
C02364,SME,LTE,Web Family
C02365,Enterprise,LTE,Web Family
C02366,SME,Fiber,Web Family
C02367,Enterprise,LTE,Biz Speed
C02368,SME,LTE,Web Booster
C02369,Enterprise,Fiber,Web Family
C02370,SME,LTE,Biz Speed
C02371,Enterprise,LTE,Web Family
C02372,Enterprise,ADSL,Web Booster
C02373,SME,LTE,Biz Speed
C02374,Enterprise,LTE,Biz Speed
C02375,Residential,Fiber,Biz Speed
C02376,Enterprise,ADSL,Web Booster
C02377,Residential,ADSL,Biz Speed
C02378,Enterprise,ADSL,Biz Speed
C02379,Enterprise,ADSL,Web Family
C02380,Enterprise,Fiber,Web Family
C02381,Enterprise,Fiber,Web Family
C02382,Residential,Fiber,Biz Speed
C02383,Enterprise,LTE,Web Family
C02384,Enterprise,LTE,Web Booster
C02385,SME,Fiber,Web Booster
C02386,SME,Fiber,Biz Speed
C02387,SME,Fiber,Web Family
C02388,Enterprise,Fiber,Web Booster
C02389,SME,Fiber,Web Family
C02390,SME,ADSL,Web Family
C02391,SME,Fiber,Web Family
C02392,SME,LTE,Web Family
C02393,SME,LTE,Web Booster
C02394,Residential,Fiber,Web Family
C02395,Enterprise,ADSL,Web Family
C02396,Enterprise,LTE,Web Family
C02397,SME,LTE,Biz Speed
C02398,SME,Fiber,Web Booster
C02399,Residential,LTE,Biz Speed
C02400,Enterprise,Fiber,Web Family
C02401,Enterprise,Fiber,Web Booster
C02402,SME,Fiber,Biz Speed
C02403,Residential,LTE,Biz Speed
C02404,Residential,ADSL,Web Booster
C02405,Enterprise,LTE,Web Family
C02406,SME,ADSL,Web Booster
C02407,Residential,Fiber,Web Family
C02408,SME,LTE,Biz Speed
C02409,Enterprise,LTE,Web Booster
C02410,Residential,ADSL,Biz Speed
C02411,Residential,ADSL,Biz Speed
C02412,SME,Fiber,Web Booster
C02413,Residential,ADSL,Biz Speed
C02414,SME,Fiber,Biz Speed
C02415,SME,ADSL,Web Booster
C02416,Enterprise,LTE,Web Booster
C02417,SME,LTE,Web Family
C02418,Enterprise,LTE,Web Family
C02419,Residential,ADSL,Web Family
C02420,Residential,Fiber,Biz Speed
C02421,Enterprise,ADSL,Biz Speed
C02422,SME,ADSL,Web Family
C02423,Enterprise,ADSL,Web Family
C02424,Enterprise,LTE,Biz Speed
C02425,SME,ADSL,Web Booster
C02426,Enterprise,Fiber,Web Family
C02427,Residential,LTE,Web Family
C02428,Residential,LTE,Biz Speed
C02429,SME,Fiber,Web Family
C02430,Enterprise,LTE,Biz Speed
C02431,SME,LTE,Web Family
C02432,Enterprise,ADSL,Biz Speed
C02433,Residential,ADSL,Web Booster
C02434,SME,ADSL,Biz Speed
C02435,Enterprise,Fiber,Biz Speed
C02436,Enterprise,ADSL,Biz Speed
C02437,Residential,ADSL,Web Family
C02438,Residential,LTE,Biz Speed
C02439,Enterprise,ADSL,Web Booster
C02440,Enterprise,Fiber,Biz Speed
C02441,Enterprise,LTE,Biz Speed
C02442,SME,Fiber,Web Booster
C02443,Enterprise,Fiber,Web Booster
C02444,SME,LTE,Web Family
C02445,SME,LTE,Web Booster
C02446,Residential,ADSL,Web Family
C02447,SME,ADSL,Web Booster
C02448,SME,Fiber,Web Booster
C02449,Enterprise,Fiber,Biz Speed
C02450,Enterprise,LTE,Web Family
C02451,Residential,Fiber,Web Booster
C02452,Enterprise,ADSL,Web Family
C02453,SME,Fiber,Biz Speed
C02454,SME,LTE,Web Family
C02455,Residential,LTE,Web Family
C02456,Enterprise,Fiber,Web Family
C02457,Enterprise,LTE,Web Family
C02458,Enterprise,Fiber,Web Family
C02459,Residential,LTE,Web Booster
C02460,Enterprise,Fiber,Web Family
C02461,SME,Fiber,Web Booster
C02462,SME,Fiber,Web Family
C02463,Enterprise,Fiber,Web Booster
C02464,SME,Fiber,Biz Speed
C02465,Residential,ADSL,Biz Speed
C02466,SME,LTE,Web Booster
C02467,Enterprise,ADSL,Web Family
C02468,Enterprise,Fiber,Web Booster
C02469,Enterprise,Fiber,Web Family
C02470,Enterprise,ADSL,Web Family
C02471,Residential,ADSL,Web Family
C02472,SME,LTE,Web Booster
C02473,Enterprise,LTE,Web Family
C02474,Residential,Fiber,Web Family
C02475,SME,ADSL,Biz Speed
C02476,SME,ADSL,Biz Speed
C02477,Residential,LTE,Web Booster
C02478,SME,LTE,Web Family
C02479,Enterprise,ADSL,Web Family
C02480,Enterprise,ADSL,Web Family
C02481,Residential,Fiber,Biz Speed
C02482,Residential,LTE,Web Family
C02483,Enterprise,ADSL,Web Booster
C02484,SME,ADSL,Biz Speed
C02485,Enterprise,LTE,Web Booster
C02486,Residential,LTE,Web Family
C02487,Residential,ADSL,Web Family
C02488,SME,ADSL,Web Family
C02489,Enterprise,LTE,Biz Speed
C02490,SME,Fiber,Web Family
C02491,Residential,LTE,Web Family
C02492,Residential,LTE,Web Booster
C02493,Enterprise,LTE,Web Family
C02494,Residential,Fiber,Web Booster
C02495,SME,ADSL,Web Family
C02496,Enterprise,Fiber,Web Family
C02497,Residential,LTE,Web Family
C02498,Enterprise,Fiber,Web Booster
C02499,Residential,LTE,Web Family
C02500,Residential,LTE,Web Booster
C02501,Enterprise,ADSL,Web Booster
C02502,Residential,Fiber,Web Family
C02503,Residential,Fiber,Web Family
C02504,Enterprise,LTE,Web Booster
C02505,Enterprise,Fiber,Web Family
C02506,Enterprise,Fiber,Biz Speed
C02507,Residential,LTE,Web Family
C02508,SME,Fiber,Biz Speed
C02509,SME,Fiber,Biz Speed
C02510,SME,ADSL,Biz Speed
C02511,Enterprise,LTE,Biz Speed
C02512,SME,LTE,Biz Speed
C02513,SME,ADSL,Web Booster
C02514,SME,ADSL,Web Booster
C02515,Enterprise,LTE,Biz Speed
C02516,Enterprise,ADSL,Web Family
C02517,Residential,LTE,Web Family
C02518,SME,LTE,Web Booster
C02519,SME,LTE,Biz Speed
C02520,Residential,LTE,Web Booster
C02521,Residential,ADSL,Web Family
C02522,Enterprise,LTE,Web Booster
C02523,SME,LTE,Web Booster
C02524,SME,LTE,Web Booster
C02525,SME,Fiber,Web Booster
C02526,SME,Fiber,Web Booster
C02527,Enterprise,ADSL,Biz Speed
C02528,SME,Fiber,Web Family
C02529,SME,Fiber,Biz Speed
C02530,Residential,ADSL,Web Booster
C02531,Enterprise,ADSL,Web Booster
C02532,Enterprise,Fiber,Biz Speed
C02533,SME,Fiber,Web Booster
C02534,SME,LTE,Web Booster
C02535,Enterprise,Fiber,Web Booster
C02536,Residential,LTE,Web Family
C02537,Enterprise,Fiber,Web Booster
C02538,Enterprise,ADSL,Web Booster
C02539,SME,LTE,Web Family
C02540,Residential,LTE,Biz Speed
C02541,SME,LTE,Biz Speed
C02542,Residential,ADSL,Web Family
C02543,Enterprise,Fiber,Web Booster
C02544,SME,LTE,Web Family
C02545,Enterprise,LTE,Biz Speed
C02546,SME,ADSL,Web Family
C02547,Residential,Fiber,Web Family
C02548,SME,ADSL,Biz Speed
C02549,Enterprise,ADSL,Web Booster
C02550,Residential,LTE,Web Family
C02551,Residential,LTE,Web Family
C02552,SME,ADSL,Web Booster
C02553,Residential,ADSL,Biz Speed
C02554,Enterprise,ADSL,Web Booster
C02555,Residential,Fiber,Web Booster
C02556,Residential,LTE,Biz Speed
C02557,SME,Fiber,Web Booster
C02558,Residential,LTE,Web Booster
C02559,Residential,Fiber,Biz Speed
C02560,Enterprise,Fiber,Web Booster
C02561,Residential,Fiber,Web Family
C02562,Enterprise,ADSL,Web Booster
C02563,Enterprise,LTE,Biz Speed
C02564,Enterprise,ADSL,Web Booster
C02565,Residential,Fiber,Web Booster
C02566,SME,ADSL,Web Family
C02567,Enterprise,LTE,Web Booster
C02568,Residential,ADSL,Web Family
C02569,SME,LTE,Biz Speed
C02570,SME,LTE,Biz Speed
C02571,Residential,LTE,Web Family
C02572,Enterprise,ADSL,Web Booster
C02573,Enterprise,Fiber,Biz Speed
C02574,SME,ADSL,Web Family
C02575,Residential,LTE,Biz Speed
C02576,Enterprise,Fiber,Biz Speed
C02577,Residential,LTE,Web Booster
C02578,Enterprise,Fiber,Web Booster
C02579,Residential,ADSL,Web Booster
C02580,Residential,LTE,Web Family
C02581,SME,Fiber,Web Family
C02582,Enterprise,ADSL,Web Booster
C02583,Enterprise,LTE,Web Family
C02584,Residential,LTE,Web Family
C02585,Residential,LTE,Biz Speed
C02586,SME,LTE,Web Family
C02587,Enterprise,Fiber,Biz Speed
C02588,Residential,LTE,Web Booster
C02589,Residential,Fiber,Biz Speed
C02590,SME,Fiber,Biz Speed
C02591,Residential,Fiber,Biz Speed
C02592,Enterprise,LTE,Web Family
C02593,Residential,Fiber,Biz Speed
C02594,Enterprise,ADSL,Web Family
C02595,Residential,ADSL,Biz Speed
C02596,Enterprise,ADSL,Web Family
C02597,SME,LTE,Web Family
C02598,Residential,LTE,Web Family
C02599,SME,Fiber,Web Family
C02600,SME,Fiber,Web Family
C02601,Residential,ADSL,Biz Speed
C02602,Residential,ADSL,Web Family
C02603,Residential,LTE,Biz Speed
C02604,SME,LTE,Biz Speed
C02605,Enterprise,Fiber,Biz Speed
C02606,SME,Fiber,Web Family
C02607,SME,LTE,Web Family
C02608,Enterprise,LTE,Web Family
C02609,SME,Fiber,Web Family
C02610,SME,ADSL,Biz Speed
C02611,Residential,Fiber,Web Booster
C02612,Enterprise,LTE,Web Family
C02613,Enterprise,Fiber,Web Booster
C02614,Enterprise,LTE,Biz Speed
C02615,Enterprise,ADSL,Web Family
C02616,Enterprise,ADSL,Web Booster
C02617,Enterprise,LTE,Web Family
C02618,Enterprise,ADSL,Web Booster
C02619,Enterprise,ADSL,Web Family
C02620,Enterprise,Fiber,Web Family
C02621,Residential,LTE,Web Family
C02622,Residential,ADSL,Web Family
C02623,SME,LTE,Web Booster
C02624,SME,Fiber,Biz Speed
C02625,Enterprise,ADSL,Web Booster
C02626,SME,Fiber,Web Booster
C02627,Residential,ADSL,Web Booster
C02628,SME,Fiber,Web Family
C02629,SME,LTE,Web Family
C02630,Residential,ADSL,Web Family
C02631,Enterprise,ADSL,Web Family
C02632,SME,ADSL,Web Booster
C02633,Enterprise,Fiber,Web Family
C02634,Residential,Fiber,Web Family
C02635,Residential,Fiber,Web Family
C02636,Enterprise,ADSL,Web Family
C02637,Residential,LTE,Biz Speed
C02638,Residential,ADSL,Web Family
C02639,Residential,ADSL,Web Family
C02640,Enterprise,LTE,Biz Speed
C02641,SME,Fiber,Web Booster
C02642,Residential,LTE,Web Booster
C02643,Enterprise,ADSL,Web Booster
C02644,SME,Fiber,Web Booster
C02645,Residential,LTE,Biz Speed
C02646,Enterprise,ADSL,Web Family
C02647,SME,LTE,Web Booster
C02648,Enterprise,ADSL,Web Booster
C02649,Residential,ADSL,Web Booster
C02650,Residential,Fiber,Web Family
C02651,Enterprise,ADSL,Web Booster
C02652,SME,LTE,Biz Speed
C02653,SME,LTE,Biz Speed
C02654,Residential,LTE,Web Family
C02655,Residential,LTE,Biz Speed
C02656,SME,LTE,Biz Speed
C02657,Enterprise,LTE,Biz Speed
C02658,Enterprise,Fiber,Biz Speed
C02659,SME,ADSL,Web Family
C02660,Residential,LTE,Biz Speed
C02661,Residential,ADSL,Biz Speed
C02662,SME,ADSL,Web Booster
C02663,Residential,LTE,Web Family
C02664,Enterprise,Fiber,Web Family
C02665,Residential,ADSL,Biz Speed
C02666,SME,ADSL,Biz Speed
C02667,Residential,ADSL,Web Family
C02668,Residential,LTE,Web Booster
C02669,Enterprise,ADSL,Biz Speed
C02670,Enterprise,LTE,Biz Speed
C02671,Enterprise,Fiber,Web Family
C02672,SME,Fiber,Web Booster
C02673,Enterprise,LTE,Biz Speed
C02674,Residential,LTE,Web Family
C02675,Enterprise,LTE,Biz Speed
C02676,SME,ADSL,Web Booster
C02677,SME,Fiber,Biz Speed
C02678,SME,Fiber,Biz Speed
C02679,SME,ADSL,Web Family
C02680,Residential,ADSL,Web Family
C02681,Residential,LTE,Web Booster
C02682,Enterprise,Fiber,Biz Speed
C02683,SME,Fiber,Web Booster
C02684,Residential,LTE,Web Family
C02685,SME,LTE,Biz Speed
C02686,Residential,Fiber,Web Booster
C02687,Residential,ADSL,Biz Speed
C02688,Residential,Fiber,Web Family
C02689,Residential,LTE,Biz Speed
C02690,SME,LTE,Web Booster
C02691,Enterprise,LTE,Web Booster
C02692,SME,LTE,Web Family
C02693,Enterprise,LTE,Web Booster
C02694,SME,LTE,Web Family
C02695,Enterprise,LTE,Biz Speed
C02696,Residential,Fiber,Biz Speed
C02697,Enterprise,LTE,Biz Speed
C02698,Residential,LTE,Web Booster
C02699,Enterprise,LTE,Biz Speed
C02700,Residential,Fiber,Biz Speed
C02701,SME,Fiber,Biz Speed
C02702,Residential,ADSL,Web Booster
C02703,Residential,ADSL,Web Booster
C02704,Enterprise,Fiber,Web Booster
C02705,SME,ADSL,Biz Speed
C02706,Enterprise,LTE,Web Booster
C02707,Enterprise,Fiber,Biz Speed
C02708,Enterprise,ADSL,Web Family
C02709,Residential,LTE,Biz Speed
C02710,SME,Fiber,Web Booster
C02711,SME,ADSL,Biz Speed
C02712,Residential,Fiber,Biz Speed
C02713,Residential,LTE,Biz Speed
C02714,SME,LTE,Web Booster
C02715,SME,ADSL,Web Booster
C02716,Enterprise,Fiber,Biz Speed
C02717,Enterprise,ADSL,Biz Speed
C02718,Enterprise,LTE,Web Family
C02719,Enterprise,Fiber,Biz Speed
C02720,Enterprise,ADSL,Biz Speed
C02721,Enterprise,ADSL,Biz Speed
C02722,SME,Fiber,Web Family
C02723,SME,Fiber,Web Family
C02724,Enterprise,ADSL,Web Family
C02725,Residential,ADSL,Web Booster
C02726,SME,LTE,Biz Speed
C02727,SME,Fiber,Biz Speed
C02728,SME,LTE,Web Booster
C02729,Enterprise,Fiber,Biz Speed
C02730,Enterprise,Fiber,Web Family
C02731,Enterprise,LTE,Web Booster
C02732,SME,Fiber,Web Booster
C02733,Residential,ADSL,Web Booster
C02734,Enterprise,ADSL,Web Family
C02735,SME,ADSL,Biz Speed
C02736,Enterprise,ADSL,Web Booster
C02737,Residential,LTE,Web Booster
C02738,SME,Fiber,Web Booster
C02739,Enterprise,Fiber,Biz Speed
C02740,Residential,ADSL,Biz Speed
C02741,Residential,LTE,Biz Speed
C02742,Enterprise,Fiber,Web Family
C02743,SME,LTE,Biz Speed
C02744,SME,LTE,Web Booster
C02745,Enterprise,LTE,Web Booster
C02746,Residential,ADSL,Biz Speed
C02747,Residential,LTE,Biz Speed
C02748,Residential,ADSL,Web Booster
C02749,Residential,ADSL,Web Family
C02750,SME,LTE,Web Family
C02751,Enterprise,Fiber,Biz Speed
C02752,SME,ADSL,Biz Speed
C02753,Residential,LTE,Web Booster
C02754,Residential,Fiber,Web Family
C02755,SME,Fiber,Web Family
C02756,Enterprise,ADSL,Web Booster
C02757,Residential,ADSL,Biz Speed
C02758,Residential,Fiber,Web Family
C02759,SME,ADSL,Biz Speed
C02760,Enterprise,ADSL,Web Booster
C02761,Enterprise,ADSL,Web Family
C02762,Enterprise,LTE,Web Booster
C02763,SME,LTE,Web Family
C02764,Residential,Fiber,Web Booster
C02765,Enterprise,Fiber,Web Family
C02766,Enterprise,LTE,Web Booster
C02767,Residential,ADSL,Web Family
C02768,Enterprise,ADSL,Web Booster
C02769,Residential,Fiber,Web Booster
C02770,Enterprise,Fiber,Web Booster
C02771,Residential,LTE,Biz Speed
C02772,Enterprise,LTE,Web Family
C02773,Enterprise,ADSL,Biz Speed
C02774,Enterprise,Fiber,Web Family
C02775,Residential,Fiber,Biz Speed
C02776,Residential,ADSL,Web Booster
C02777,Residential,Fiber,Web Family
C02778,Enterprise,Fiber,Web Family
C02779,Residential,Fiber,Web Family
C02780,SME,ADSL,Web Family
C02781,Enterprise,Fiber,Web Family
C02782,Enterprise,LTE,Biz Speed
C02783,Residential,ADSL,Web Booster
C02784,Enterprise,LTE,Biz Speed
C02785,Residential,ADSL,Web Family
C02786,Residential,Fiber,Web Family
C02787,SME,Fiber,Web Family
C02788,Residential,ADSL,Web Booster
C02789,Enterprise,ADSL,Web Booster
C02790,SME,LTE,Web Booster
C02791,Residential,LTE,Web Booster
C02792,SME,ADSL,Web Booster
C02793,Residential,ADSL,Web Family
C02794,Enterprise,LTE,Biz Speed
C02795,Residential,ADSL,Web Booster
C02796,Enterprise,ADSL,Biz Speed
C02797,Residential,LTE,Web Booster
C02798,Enterprise,Fiber,Web Family
C02799,Enterprise,Fiber,Biz Speed
C02800,Residential,LTE,Biz Speed
C02801,SME,LTE,Web Family
C02802,Residential,LTE,Web Family
C02803,Residential,LTE,Web Family
C02804,Residential,Fiber,Biz Speed
C02805,SME,ADSL,Web Booster
C02806,SME,ADSL,Biz Speed
C02807,Enterprise,LTE,Biz Speed
C02808,Residential,Fiber,Web Booster
C02809,SME,Fiber,Web Booster
C02810,Enterprise,ADSL,Biz Speed
C02811,SME,LTE,Biz Speed
C02812,Residential,ADSL,Biz Speed
C02813,Enterprise,Fiber,Web Family
C02814,Enterprise,LTE,Web Family
C02815,Enterprise,LTE,Biz Speed
C02816,Enterprise,ADSL,Web Booster
C02817,Residential,LTE,Web Booster
C02818,Enterprise,LTE,Web Booster
C02819,Enterprise,ADSL,Web Family
C02820,Residential,LTE,Web Booster
C02821,Residential,ADSL,Web Family
C02822,Residential,Fiber,Web Family
C02823,Residential,ADSL,Web Booster
C02824,SME,Fiber,Web Booster
C02825,Enterprise,Fiber,Web Booster
C02826,Enterprise,ADSL,Biz Speed
C02827,SME,Fiber,Biz Speed
C02828,Enterprise,Fiber,Biz Speed
C02829,Enterprise,ADSL,Web Booster
C02830,Enterprise,ADSL,Biz Speed
C02831,Residential,ADSL,Web Booster
C02832,Enterprise,ADSL,Web Family
C02833,SME,Fiber,Biz Speed
C02834,Residential,LTE,Web Booster
C02835,SME,Fiber,Web Booster
C02836,Residential,ADSL,Web Family
C02837,SME,LTE,Web Booster
C02838,Enterprise,ADSL,Biz Speed
C02839,SME,ADSL,Biz Speed
C02840,Residential,LTE,Biz Speed
C02841,Residential,LTE,Web Family
C02842,SME,LTE,Web Booster
C02843,SME,ADSL,Web Family
C02844,Residential,Fiber,Web Booster
C02845,Residential,ADSL,Biz Speed
C02846,SME,Fiber,Web Booster
C02847,Enterprise,LTE,Web Family
C02848,SME,LTE,Web Booster
C02849,Residential,ADSL,Web Booster
C02850,SME,ADSL,Web Booster
C02851,SME,ADSL,Web Booster
C02852,Enterprise,Fiber,Web Family
C02853,Residential,Fiber,Web Booster
C02854,SME,Fiber,Web Family
C02855,SME,ADSL,Web Booster
C02856,SME,ADSL,Web Booster
C02857,Enterprise,Fiber,Web Booster
C02858,SME,ADSL,Biz Speed
C02859,SME,Fiber,Web Family
C02860,Residential,Fiber,Web Family
C02861,Residential,ADSL,Web Family
C02862,SME,LTE,Biz Speed
C02863,SME,LTE,Web Booster
C02864,Residential,LTE,Web Family
C02865,Enterprise,ADSL,Web Family
C02866,Residential,LTE,Biz Speed
C02867,SME,Fiber,Web Booster
C02868,Residential,ADSL,Biz Speed
C02869,Residential,Fiber,Biz Speed
C02870,Residential,Fiber,Web Family
C02871,Residential,LTE,Web Family
C02872,SME,Fiber,Biz Speed
C02873,Residential,LTE,Web Booster
C02874,Enterprise,ADSL,Web Family
C02875,SME,LTE,Web Family
C02876,Enterprise,Fiber,Web Booster
C02877,SME,LTE,Web Booster
C02878,Residential,LTE,Web Family
C02879,Residential,Fiber,Biz Speed
C02880,Residential,LTE,Web Booster
C02881,Enterprise,Fiber,Web Booster
C02882,SME,LTE,Web Booster
C02883,Residential,ADSL,Web Family
C02884,Residential,LTE,Web Booster
C02885,SME,ADSL,Biz Speed
C02886,SME,Fiber,Biz Speed
C02887,Enterprise,LTE,Web Family
C02888,Residential,ADSL,Biz Speed
C02889,Residential,ADSL,Biz Speed
C02890,Residential,ADSL,Web Booster
C02891,Residential,ADSL,Biz Speed
C02892,Enterprise,LTE,Web Family
C02893,Residential,Fiber,Web Family
C02894,Enterprise,ADSL,Web Booster
C02895,Enterprise,LTE,Web Booster
C02896,Enterprise,Fiber,Web Booster
C02897,SME,ADSL,Biz Speed
C02898,Residential,ADSL,Web Booster
C02899,Residential,LTE,Web Family
C02900,Residential,ADSL,Web Family
C02901,SME,LTE,Biz Speed
C02902,Enterprise,Fiber,Web Family
C02903,Enterprise,LTE,Biz Speed
C02904,SME,ADSL,Web Booster
C02905,Residential,Fiber,Biz Speed
C02906,Enterprise,Fiber,Biz Speed
C02907,Enterprise,ADSL,Biz Speed
C02908,Residential,LTE,Biz Speed
C02909,Residential,Fiber,Web Family
C02910,Residential,LTE,Web Family
C02911,SME,Fiber,Web Booster
C02912,Residential,ADSL,Web Family
C02913,Residential,ADSL,Web Family
C02914,SME,ADSL,Biz Speed
C02915,SME,Fiber,Biz Speed
C02916,SME,ADSL,Web Family
C02917,Enterprise,LTE,Web Booster
C02918,Enterprise,Fiber,Web Booster
C02919,SME,Fiber,Web Booster
C02920,Enterprise,ADSL,Biz Speed
C02921,Enterprise,ADSL,Web Booster
C02922,SME,ADSL,Biz Speed
C02923,Residential,LTE,Web Family
C02924,Residential,ADSL,Biz Speed
C02925,SME,Fiber,Web Booster
C02926,Enterprise,LTE,Web Booster
C02927,SME,Fiber,Web Booster
C02928,Residential,Fiber,Web Family
C02929,Enterprise,Fiber,Biz Speed
C02930,SME,Fiber,Web Family
C02931,Enterprise,ADSL,Web Family
C02932,Residential,LTE,Web Family
C02933,Enterprise,LTE,Web Family
C02934,Residential,ADSL,Web Family
C02935,SME,LTE,Web Family
C02936,Residential,ADSL,Web Family
C02937,Residential,LTE,Web Family
C02938,Enterprise,Fiber,Web Family
C02939,Residential,ADSL,Biz Speed
C02940,Enterprise,Fiber,Web Family
C02941,Enterprise,LTE,Web Family
C02942,SME,Fiber,Web Family
C02943,Enterprise,LTE,Biz Speed
C02944,Residential,Fiber,Web Family
C02945,Residential,ADSL,Web Booster
C02946,Residential,Fiber,Web Family
C02947,Residential,LTE,Biz Speed
C02948,Enterprise,LTE,Biz Speed
C02949,Residential,LTE,Web Family
C02950,Residential,Fiber,Web Booster
C02951,Enterprise,LTE,Web Family
C02952,Residential,Fiber,Biz Speed
C02953,SME,ADSL,Web Booster
C02954,Enterprise,LTE,Web Family
C02955,Enterprise,LTE,Biz Speed
C02956,SME,Fiber,Web Booster
C02957,Enterprise,LTE,Web Booster
C02958,Enterprise,Fiber,Web Family
C02959,Residential,ADSL,Web Family
C02960,SME,LTE,Biz Speed
C02961,SME,Fiber,Web Family
C02962,Enterprise,LTE,Web Family
C02963,Residential,Fiber,Web Booster
C02964,SME,LTE,Web Booster
C02965,SME,ADSL,Biz Speed
C02966,Enterprise,Fiber,Web Booster
C02967,SME,ADSL,Biz Speed
C02968,Enterprise,Fiber,Web Booster
C02969,Enterprise,LTE,Biz Speed
C02970,Enterprise,ADSL,Web Family
C02971,Residential,LTE,Web Family
C02972,Residential,LTE,Biz Speed
C02973,Residential,Fiber,Web Family
C02974,SME,Fiber,Web Booster
C02975,Enterprise,LTE,Web Family
C02976,Residential,Fiber,Biz Speed
C02977,Enterprise,ADSL,Web Family
C02978,Residential,ADSL,Web Booster
C02979,Enterprise,Fiber,Biz Speed
C02980,SME,ADSL,Web Family
C02981,SME,Fiber,Web Family
C02982,Residential,ADSL,Web Booster
C02983,Residential,LTE,Biz Speed
C02984,Enterprise,ADSL,Web Booster
C02985,Enterprise,LTE,Web Booster
C02986,Enterprise,Fiber,Web Booster
C02987,Residential,ADSL,Web Family
C02988,Residential,ADSL,Web Family
C02989,SME,ADSL,Web Booster
C02990,SME,ADSL,Biz Speed
C02991,Residential,LTE,Web Family
C02992,Residential,ADSL,Web Booster
C02993,Residential,ADSL,Web Family
C02994,Residential,Fiber,Web Booster
C02995,Enterprise,ADSL,Biz Speed
C02996,Enterprise,LTE,Web Booster
C02997,Enterprise,LTE,Web Booster
C02998,SME,ADSL,Web Booster
C02999,Residential,Fiber,Web Family
C03000,SME,Fiber,Web Family
C03001,Enterprise,Fiber,Web Family
C03002,Residential,LTE,Web Family
C03003,Enterprise,Fiber,Web Family
C03004,Enterprise,ADSL,Web Family
C03005,SME,Fiber,Web Family
C03006,SME,Fiber,Web Booster
C03007,SME,ADSL,Web Family
C03008,SME,ADSL,Web Booster
C03009,Enterprise,ADSL,Web Family
C03010,Enterprise,ADSL,Web Family
C03011,Residential,Fiber,Biz Speed
C03012,SME,ADSL,Web Family
C03013,Residential,ADSL,Web Booster
C03014,Enterprise,Fiber,Biz Speed
C03015,Residential,ADSL,Biz Speed
C03016,Enterprise,Fiber,Biz Speed
C03017,Enterprise,ADSL,Biz Speed
C03018,SME,LTE,Web Family
C03019,SME,ADSL,Web Booster
C03020,Enterprise,ADSL,Web Booster
C03021,Enterprise,ADSL,Web Family
C03022,Enterprise,ADSL,Web Booster
C03023,Residential,Fiber,Web Booster
C03024,Residential,LTE,Web Family
C03025,Residential,LTE,Web Family
C03026,Enterprise,LTE,Web Booster
C03027,Residential,ADSL,Web Booster
C03028,SME,LTE,Web Booster
C03029,Residential,Fiber,Biz Speed
C03030,SME,LTE,Web Booster
C03031,Enterprise,ADSL,Web Family
C03032,Enterprise,ADSL,Web Booster
C03033,Enterprise,LTE,Biz Speed
C03034,Enterprise,Fiber,Biz Speed
C03035,Residential,ADSL,Web Family
C03036,Enterprise,Fiber,Web Family
C03037,SME,LTE,Web Family
C03038,Residential,Fiber,Web Booster
C03039,Enterprise,Fiber,Web Booster
C03040,Enterprise,ADSL,Web Booster
C03041,Residential,ADSL,Web Family
C03042,SME,LTE,Web Family
C03043,Residential,LTE,Web Booster
C03044,SME,Fiber,Biz Speed
C03045,Residential,LTE,Web Booster
C03046,Residential,LTE,Web Family
C03047,SME,ADSL,Web Family
C03048,SME,Fiber,Web Booster
C03049,SME,Fiber,Web Family
C03050,Residential,ADSL,Web Booster
C03051,Enterprise,Fiber,Web Family
C03052,SME,LTE,Web Family
C03053,Enterprise,LTE,Web Booster
C03054,Enterprise,LTE,Web Family
C03055,Residential,LTE,Web Booster
C03056,SME,Fiber,Web Family
C03057,SME,LTE,Web Booster
C03058,Residential,ADSL,Web Booster
C03059,Enterprise,ADSL,Web Booster
C03060,Enterprise,ADSL,Web Family
C03061,Enterprise,ADSL,Biz Speed
C03062,Enterprise,ADSL,Biz Speed
C03063,Enterprise,LTE,Web Family
C03064,SME,Fiber,Web Booster
C03065,Residential,ADSL,Web Booster
C03066,Enterprise,Fiber,Web Booster
C03067,Residential,ADSL,Web Booster
C03068,Enterprise,Fiber,Web Family
C03069,Residential,LTE,Biz Speed
C03070,Residential,ADSL,Web Booster
C03071,Residential,Fiber,Biz Speed
C03072,Residential,LTE,Web Booster
C03073,SME,ADSL,Web Family
C03074,Enterprise,LTE,Web Booster
C03075,SME,ADSL,Web Booster
C03076,SME,Fiber,Web Family
C03077,SME,Fiber,Biz Speed
C03078,Enterprise,LTE,Web Booster
C03079,Enterprise,ADSL,Biz Speed
C03080,SME,ADSL,Biz Speed
C03081,Residential,Fiber,Web Family
C03082,Residential,ADSL,Web Booster
C03083,Enterprise,ADSL,Biz Speed
C03084,SME,ADSL,Biz Speed
C03085,Enterprise,LTE,Web Booster
C03086,SME,ADSL,Web Booster
C03087,SME,Fiber,Web Booster
C03088,SME,LTE,Biz Speed
C03089,Enterprise,LTE,Web Family
C03090,Residential,ADSL,Web Booster
C03091,Enterprise,LTE,Web Booster
C03092,SME,ADSL,Web Family
C03093,SME,Fiber,Web Family
C03094,SME,ADSL,Biz Speed
C03095,SME,Fiber,Biz Speed
C03096,Residential,ADSL,Web Booster
C03097,Enterprise,LTE,Web Family
C03098,Enterprise,LTE,Web Family
C03099,SME,ADSL,Web Family
C03100,SME,ADSL,Web Family
C03101,Residential,ADSL,Web Family
C03102,Enterprise,ADSL,Web Booster
C03103,Enterprise,LTE,Biz Speed
C03104,SME,Fiber,Web Family
C03105,SME,Fiber,Biz Speed
C03106,Residential,Fiber,Biz Speed
C03107,Residential,ADSL,Web Booster
C03108,Enterprise,Fiber,Web Booster
C03109,SME,Fiber,Web Family
C03110,Residential,LTE,Web Family
C03111,Residential,ADSL,Web Booster
C03112,Enterprise,Fiber,Web Booster
C03113,Residential,ADSL,Web Family
C03114,Enterprise,Fiber,Web Family
C03115,Enterprise,Fiber,Web Family
C03116,SME,Fiber,Web Family
C03117,SME,Fiber,Web Booster
C03118,Residential,LTE,Web Family
C03119,Enterprise,Fiber,Web Family
C03120,SME,LTE,Biz Speed
C03121,Residential,Fiber,Web Booster
C03122,Residential,ADSL,Biz Speed
C03123,Residential,Fiber,Web Booster
C03124,SME,ADSL,Biz Speed
C03125,Residential,ADSL,Biz Speed
C03126,Residential,Fiber,Biz Speed
C03127,Residential,ADSL,Biz Speed
C03128,Residential,LTE,Web Family
C03129,Residential,LTE,Web Family
C03130,Enterprise,ADSL,Web Family
C03131,SME,Fiber,Web Family
C03132,Enterprise,ADSL,Web Booster
C03133,SME,LTE,Biz Speed
C03134,Residential,LTE,Web Family
C03135,Enterprise,LTE,Web Booster
C03136,Enterprise,LTE,Web Family
C03137,Enterprise,LTE,Web Booster
C03138,SME,ADSL,Biz Speed
C03139,SME,ADSL,Web Family
C03140,SME,Fiber,Biz Speed
C03141,Enterprise,Fiber,Web Booster
C03142,Residential,ADSL,Web Booster
C03143,SME,ADSL,Biz Speed
C03144,Enterprise,LTE,Web Booster
C03145,Residential,LTE,Web Booster
C03146,SME,Fiber,Web Family
C03147,SME,LTE,Web Family
C03148,Residential,Fiber,Web Booster
C03149,Enterprise,LTE,Web Family
C03150,SME,Fiber,Biz Speed
C03151,SME,ADSL,Web Family
C03152,Residential,ADSL,Web Booster
C03153,Enterprise,Fiber,Biz Speed
C03154,SME,ADSL,Web Booster
C03155,SME,Fiber,Web Family
C03156,SME,LTE,Web Family
C03157,SME,Fiber,Web Family
C03158,Enterprise,LTE,Biz Speed
C03159,Enterprise,Fiber,Web Booster
C03160,Enterprise,Fiber,Web Booster
C03161,SME,Fiber,Biz Speed
C03162,Residential,LTE,Biz Speed
C03163,SME,Fiber,Web Booster
C03164,SME,LTE,Web Booster
C03165,Enterprise,LTE,Web Booster
C03166,SME,LTE,Biz Speed
C03167,SME,ADSL,Web Family
C03168,Enterprise,Fiber,Web Family
C03169,Residential,Fiber,Web Family
C03170,Enterprise,ADSL,Web Booster
C03171,Residential,Fiber,Biz Speed
C03172,SME,ADSL,Web Family
C03173,Residential,LTE,Web Family
C03174,SME,Fiber,Web Booster
C03175,Enterprise,LTE,Web Booster
C03176,Residential,ADSL,Web Booster
C03177,SME,Fiber,Biz Speed
C03178,SME,ADSL,Web Booster
C03179,Enterprise,ADSL,Web Family
C03180,Enterprise,LTE,Web Booster
C03181,Enterprise,LTE,Web Family
C03182,SME,ADSL,Web Family
C03183,Residential,ADSL,Biz Speed
C03184,Residential,ADSL,Web Family
C03185,SME,Fiber,Web Family
C03186,Residential,LTE,Web Booster
C03187,Residential,LTE,Web Family
C03188,Enterprise,ADSL,Web Booster
C03189,SME,ADSL,Web Booster
C03190,Enterprise,Fiber,Web Family
C03191,SME,LTE,Web Booster
C03192,Enterprise,Fiber,Web Booster
C03193,SME,LTE,Web Family
C03194,Enterprise,ADSL,Web Family
C03195,Residential,ADSL,Web Family
C03196,SME,Fiber,Web Booster
C03197,Enterprise,ADSL,Web Booster
C03198,Residential,ADSL,Web Family
C03199,Residential,Fiber,Web Booster
C03200,Enterprise,LTE,Web Family
C03201,SME,Fiber,Web Family
C03202,Enterprise,LTE,Web Family
C03203,SME,Fiber,Biz Speed
C03204,Enterprise,LTE,Biz Speed
C03205,Enterprise,Fiber,Biz Speed
C03206,Residential,Fiber,Web Family
C03207,Residential,ADSL,Web Booster
C03208,Enterprise,Fiber,Web Booster
C03209,Enterprise,ADSL,Biz Speed
C03210,SME,Fiber,Web Family
C03211,Enterprise,LTE,Web Booster
C03212,Residential,LTE,Biz Speed
C03213,Enterprise,LTE,Biz Speed
C03214,Residential,ADSL,Biz Speed
C03215,Enterprise,LTE,Biz Speed
C03216,SME,ADSL,Web Family
C03217,SME,LTE,Web Family
C03218,Enterprise,LTE,Web Booster
C03219,Residential,LTE,Web Family
C03220,Residential,ADSL,Web Booster
C03221,Enterprise,Fiber,Web Booster
C03222,SME,Fiber,Web Family
C03223,Enterprise,ADSL,Web Booster
C03224,Enterprise,ADSL,Web Family
C03225,Residential,Fiber,Web Booster
C03226,SME,LTE,Web Booster
C03227,Enterprise,LTE,Biz Speed
C03228,SME,LTE,Web Family
C03229,SME,ADSL,Web Booster
C03230,Enterprise,ADSL,Web Booster
C03231,Enterprise,ADSL,Biz Speed
C03232,Residential,LTE,Web Family
C03233,Residential,LTE,Web Booster
C03234,Enterprise,ADSL,Biz Speed
C03235,SME,Fiber,Biz Speed
C03236,SME,ADSL,Web Family
C03237,Enterprise,ADSL,Biz Speed
C03238,SME,ADSL,Web Family
C03239,Enterprise,LTE,Web Booster
C03240,SME,LTE,Web Booster
C03241,Enterprise,ADSL,Biz Speed
C03242,Enterprise,Fiber,Web Booster
C03243,Enterprise,LTE,Web Booster
C03244,Residential,LTE,Biz Speed
C03245,Enterprise,Fiber,Biz Speed
C03246,Enterprise,ADSL,Biz Speed
C03247,SME,LTE,Web Family
C03248,Residential,LTE,Web Family
C03249,Enterprise,Fiber,Web Family
C03250,Residential,LTE,Web Booster
C03251,Residential,Fiber,Web Booster
C03252,SME,ADSL,Biz Speed
C03253,Enterprise,Fiber,Web Family
C03254,Residential,ADSL,Web Family
C03255,Residential,LTE,Web Family
C03256,SME,Fiber,Biz Speed
C03257,SME,LTE,Web Family
C03258,SME,ADSL,Web Booster
C03259,SME,ADSL,Web Booster
C03260,Residential,ADSL,Web Family
C03261,SME,ADSL,Web Family
C03262,Residential,LTE,Biz Speed
C03263,SME,ADSL,Web Family
C03264,SME,Fiber,Web Family
C03265,Enterprise,LTE,Biz Speed
C03266,Enterprise,LTE,Web Booster
C03267,SME,LTE,Web Booster
C03268,Enterprise,Fiber,Web Booster
C03269,Residential,ADSL,Web Booster
C03270,Enterprise,ADSL,Web Booster
C03271,Enterprise,ADSL,Web Booster
C03272,SME,Fiber,Web Booster
C03273,SME,ADSL,Web Booster
C03274,Residential,Fiber,Web Booster
C03275,Enterprise,Fiber,Web Booster
C03276,SME,ADSL,Web Booster
C03277,Residential,Fiber,Biz Speed
C03278,Enterprise,ADSL,Biz Speed
C03279,Residential,ADSL,Web Family
C03280,SME,Fiber,Web Family
C03281,Enterprise,Fiber,Web Booster
C03282,Enterprise,Fiber,Web Booster
C03283,Residential,Fiber,Web Family
C03284,Enterprise,Fiber,Biz Speed
C03285,Residential,Fiber,Web Booster
C03286,Enterprise,LTE,Web Booster
C03287,Residential,LTE,Web Booster
C03288,Residential,Fiber,Biz Speed
C03289,Enterprise,ADSL,Web Booster
C03290,Enterprise,Fiber,Web Booster
C03291,Residential,Fiber,Web Family
C03292,Enterprise,Fiber,Web Family
C03293,Enterprise,ADSL,Web Family
C03294,SME,LTE,Biz Speed
C03295,Enterprise,LTE,Web Booster
C03296,SME,LTE,Biz Speed
C03297,SME,LTE,Web Booster
C03298,SME,LTE,Web Family
C03299,Residential,ADSL,Web Booster
C03300,Enterprise,ADSL,Biz Speed
C03301,SME,Fiber,Web Booster
C03302,SME,LTE,Web Family
C03303,SME,ADSL,Biz Speed
C03304,Enterprise,ADSL,Web Booster
C03305,Residential,ADSL,Web Family
C03306,Enterprise,ADSL,Web Booster
C03307,Residential,LTE,Biz Speed
C03308,SME,Fiber,Biz Speed
C03309,SME,ADSL,Biz Speed
C03310,Enterprise,ADSL,Biz Speed
C03311,Residential,ADSL,Web Booster
C03312,Enterprise,LTE,Biz Speed
C03313,SME,Fiber,Web Family
C03314,Enterprise,Fiber,Web Family
C03315,Residential,LTE,Biz Speed
C03316,Residential,ADSL,Web Family
C03317,Residential,ADSL,Web Booster
C03318,SME,Fiber,Web Family
C03319,Residential,Fiber,Biz Speed
C03320,SME,ADSL,Biz Speed
C03321,Residential,LTE,Web Family
C03322,SME,Fiber,Biz Speed
C03323,Residential,Fiber,Web Booster
C03324,Enterprise,LTE,Web Family
C03325,Residential,LTE,Biz Speed
C03326,Residential,Fiber,Biz Speed
C03327,Enterprise,Fiber,Web Family
C03328,Residential,Fiber,Web Booster
C03329,Enterprise,ADSL,Web Family
C03330,Enterprise,ADSL,Biz Speed
C03331,SME,Fiber,Web Family
C03332,SME,ADSL,Web Booster
C03333,Enterprise,Fiber,Web Family
C03334,Enterprise,LTE,Web Family
C03335,Residential,ADSL,Web Booster
C03336,SME,Fiber,Web Family
C03337,SME,Fiber,Web Family
C03338,SME,LTE,Web Booster
C03339,Residential,Fiber,Web Booster
C03340,Enterprise,Fiber,Biz Speed
C03341,Enterprise,LTE,Web Booster
C03342,Enterprise,ADSL,Web Family
C03343,SME,ADSL,Web Family
C03344,SME,LTE,Web Family
C03345,Residential,Fiber,Web Family
C03346,Enterprise,LTE,Biz Speed
C03347,Residential,Fiber,Web Booster
C03348,Enterprise,ADSL,Biz Speed
C03349,Residential,LTE,Web Family
C03350,Enterprise,ADSL,Biz Speed
C03351,Enterprise,LTE,Web Family
C03352,Residential,Fiber,Web Family
C03353,Residential,ADSL,Web Booster
C03354,SME,Fiber,Web Family
C03355,Residential,Fiber,Biz Speed
C03356,SME,ADSL,Biz Speed
C03357,Enterprise,LTE,Web Family
C03358,SME,ADSL,Web Family
C03359,SME,ADSL,Web Family
C03360,Residential,ADSL,Web Booster
C03361,SME,LTE,Web Family
C03362,Residential,ADSL,Web Family
C03363,Enterprise,ADSL,Biz Speed
C03364,Residential,ADSL,Web Family
C03365,Residential,Fiber,Web Family
C03366,SME,Fiber,Web Booster
C03367,Enterprise,Fiber,Web Booster
C03368,SME,LTE,Biz Speed
C03369,Residential,Fiber,Web Booster
C03370,Residential,LTE,Biz Speed
C03371,SME,Fiber,Web Booster
C03372,SME,ADSL,Web Booster
C03373,Residential,ADSL,Web Booster
C03374,Enterprise,ADSL,Web Family
C03375,SME,ADSL,Biz Speed
C03376,Residential,Fiber,Web Family
C03377,Enterprise,Fiber,Web Booster
C03378,Residential,Fiber,Web Booster
C03379,Residential,Fiber,Web Family
C03380,Enterprise,LTE,Web Family
C03381,Residential,LTE,Web Booster
C03382,SME,Fiber,Web Family
C03383,Enterprise,LTE,Web Booster
C03384,SME,LTE,Web Booster
C03385,Residential,LTE,Web Family
C03386,Enterprise,Fiber,Biz Speed
C03387,Enterprise,LTE,Web Family
C03388,SME,LTE,Biz Speed
C03389,Residential,LTE,Biz Speed
C03390,SME,LTE,Biz Speed
C03391,Residential,Fiber,Biz Speed
C03392,Enterprise,ADSL,Web Booster
C03393,Enterprise,LTE,Web Booster
C03394,Enterprise,ADSL,Web Booster
C03395,SME,LTE,Biz Speed
C03396,Residential,Fiber,Web Family
C03397,Enterprise,LTE,Web Family
C03398,Enterprise,LTE,Web Booster
C03399,Residential,ADSL,Web Booster
C03400,Enterprise,LTE,Biz Speed
C03401,Enterprise,Fiber,Web Family
C03402,Enterprise,LTE,Web Booster
C03403,SME,LTE,Web Family
C03404,SME,Fiber,Web Booster
C03405,Enterprise,Fiber,Web Booster
C03406,Residential,LTE,Biz Speed
C03407,Residential,LTE,Web Family
C03408,SME,LTE,Web Booster
C03409,Enterprise,Fiber,Web Family
C03410,Enterprise,Fiber,Web Family
C03411,Residential,Fiber,Biz Speed
C03412,SME,ADSL,Web Booster
C03413,Enterprise,Fiber,Web Family
C03414,SME,LTE,Web Family
C03415,SME,ADSL,Biz Speed
C03416,Residential,LTE,Web Family
C03417,SME,Fiber,Biz Speed
C03418,Residential,LTE,Biz Speed
C03419,Enterprise,LTE,Web Family
C03420,SME,Fiber,Web Family
C03421,SME,LTE,Web Booster
C03422,SME,LTE,Web Booster
C03423,Residential,LTE,Web Family
C03424,Residential,ADSL,Web Family
C03425,Residential,LTE,Biz Speed
C03426,Enterprise,ADSL,Biz Speed
C03427,Residential,LTE,Biz Speed
C03428,Enterprise,Fiber,Web Booster
C03429,Enterprise,Fiber,Web Family
C03430,Residential,ADSL,Biz Speed
C03431,Enterprise,ADSL,Biz Speed
C03432,Enterprise,Fiber,Biz Speed
C03433,Enterprise,LTE,Biz Speed
C03434,SME,LTE,Web Booster
C03435,Enterprise,LTE,Web Family
C03436,SME,Fiber,Web Booster
C03437,Residential,ADSL,Web Family
C03438,SME,LTE,Web Family
C03439,Enterprise,Fiber,Web Booster
C03440,Enterprise,Fiber,Web Booster
C03441,Residential,ADSL,Web Family
C03442,Residential,LTE,Biz Speed
C03443,Residential,ADSL,Web Booster
C03444,SME,LTE,Web Family
C03445,SME,ADSL,Web Family
C03446,Enterprise,Fiber,Web Family
C03447,Residential,Fiber,Web Family
C03448,Enterprise,ADSL,Web Booster
C03449,Residential,Fiber,Web Booster
C03450,Residential,Fiber,Web Family
C03451,Enterprise,LTE,Web Booster
C03452,SME,ADSL,Biz Speed
C03453,SME,Fiber,Web Booster
C03454,SME,ADSL,Biz Speed
C03455,Enterprise,Fiber,Web Family
C03456,SME,LTE,Web Booster
C03457,Enterprise,LTE,Web Booster
C03458,Enterprise,Fiber,Biz Speed
C03459,Enterprise,ADSL,Web Family
C03460,Residential,ADSL,Biz Speed
C03461,Enterprise,LTE,Web Booster
C03462,Residential,ADSL,Biz Speed
C03463,Residential,Fiber,Web Booster
C03464,Residential,ADSL,Biz Speed
C03465,Enterprise,ADSL,Web Booster
C03466,SME,LTE,Web Family
C03467,Residential,ADSL,Biz Speed
C03468,Enterprise,LTE,Biz Speed
C03469,SME,Fiber,Web Booster
C03470,Residential,LTE,Web Booster
C03471,Residential,Fiber,Web Booster
C03472,SME,ADSL,Web Family
C03473,Enterprise,LTE,Web Family
C03474,Enterprise,ADSL,Web Family
C03475,Residential,ADSL,Biz Speed
C03476,Residential,LTE,Web Family
C03477,SME,ADSL,Web Booster
C03478,Enterprise,Fiber,Web Booster
C03479,Residential,ADSL,Biz Speed
C03480,Residential,LTE,Web Booster
C03481,Residential,Fiber,Web Booster
C03482,Residential,LTE,Web Family
C03483,Residential,ADSL,Web Family
C03484,Enterprise,LTE,Web Booster
C03485,Enterprise,ADSL,Biz Speed
C03486,Enterprise,ADSL,Web Booster
C03487,Residential,LTE,Web Family
C03488,Enterprise,LTE,Web Family
C03489,Enterprise,ADSL,Web Family
C03490,Enterprise,Fiber,Web Family
C03491,SME,Fiber,Biz Speed
C03492,SME,Fiber,Web Booster
C03493,Enterprise,LTE,Web Booster
C03494,Enterprise,Fiber,Biz Speed
C03495,Enterprise,Fiber,Web Family
C03496,SME,ADSL,Biz Speed
C03497,Residential,Fiber,Web Booster
C03498,Enterprise,LTE,Biz Speed
C03499,Enterprise,LTE,Web Booster
C03500,Residential,LTE,Web Family
C03501,Enterprise,LTE,Web Booster
C03502,SME,ADSL,Web Booster
C03503,SME,Fiber,Web Family
C03504,SME,LTE,Web Booster
C03505,Enterprise,LTE,Web Family
C03506,SME,ADSL,Web Family
C03507,SME,ADSL,Web Family
C03508,SME,LTE,Biz Speed
C03509,Residential,Fiber,Web Booster
C03510,Residential,LTE,Web Family
C03511,SME,LTE,Biz Speed
C03512,SME,LTE,Web Booster
C03513,Residential,LTE,Web Booster
C03514,SME,ADSL,Web Family
C03515,SME,Fiber,Biz Speed
C03516,Enterprise,Fiber,Biz Speed
C03517,Enterprise,ADSL,Web Booster
C03518,Enterprise,Fiber,Biz Speed
C03519,SME,Fiber,Biz Speed
C03520,SME,ADSL,Web Family
C03521,Enterprise,Fiber,Web Booster
C03522,Residential,ADSL,Web Booster
C03523,Residential,LTE,Web Family
C03524,SME,LTE,Web Family
C03525,Residential,Fiber,Web Family
C03526,Enterprise,Fiber,Biz Speed
C03527,SME,Fiber,Web Family
C03528,Residential,Fiber,Biz Speed
C03529,Residential,Fiber,Web Booster
C03530,SME,ADSL,Web Booster
C03531,Enterprise,LTE,Web Family
C03532,Enterprise,ADSL,Biz Speed
C03533,SME,Fiber,Web Family
C03534,Enterprise,ADSL,Web Family
C03535,Enterprise,LTE,Web Family
C03536,SME,LTE,Web Booster
C03537,Residential,LTE,Web Booster
C03538,Residential,LTE,Biz Speed
C03539,SME,LTE,Web Booster
C03540,SME,ADSL,Web Booster
C03541,Enterprise,ADSL,Biz Speed
C03542,Residential,LTE,Biz Speed
C03543,SME,ADSL,Biz Speed
C03544,Residential,ADSL,Web Family
C03545,Residential,LTE,Web Booster
C03546,Residential,ADSL,Web Booster
C03547,Enterprise,Fiber,Web Family
C03548,Residential,LTE,Biz Speed
C03549,Residential,LTE,Biz Speed
C03550,Enterprise,ADSL,Biz Speed
C03551,Residential,LTE,Web Booster
C03552,Enterprise,LTE,Web Family
C03553,Enterprise,ADSL,Biz Speed
C03554,Residential,LTE,Biz Speed
C03555,Enterprise,LTE,Biz Speed
C03556,Enterprise,Fiber,Web Booster
C03557,SME,ADSL,Biz Speed
C03558,Enterprise,Fiber,Web Family
C03559,Residential,LTE,Web Family
C03560,Residential,ADSL,Biz Speed
C03561,Residential,LTE,Web Family
C03562,SME,LTE,Web Family
C03563,Enterprise,LTE,Web Family
C03564,Enterprise,LTE,Web Booster
C03565,Residential,LTE,Web Booster
C03566,Enterprise,LTE,Biz Speed
C03567,SME,ADSL,Biz Speed
C03568,SME,ADSL,Biz Speed
C03569,Enterprise,ADSL,Web Booster
C03570,SME,LTE,Web Booster
C03571,SME,ADSL,Biz Speed
C03572,Residential,Fiber,Biz Speed
C03573,SME,Fiber,Web Booster
C03574,Residential,LTE,Web Family
C03575,Residential,LTE,Biz Speed
C03576,Enterprise,Fiber,Biz Speed
C03577,Residential,Fiber,Biz Speed
C03578,Residential,Fiber,Web Booster
C03579,Residential,LTE,Biz Speed
C03580,Residential,LTE,Web Booster
C03581,SME,ADSL,Biz Speed
C03582,Enterprise,LTE,Web Booster
C03583,Enterprise,ADSL,Web Family
C03584,Residential,Fiber,Biz Speed
C03585,Residential,LTE,Biz Speed
C03586,Enterprise,ADSL,Biz Speed
C03587,SME,ADSL,Biz Speed
C03588,Enterprise,ADSL,Biz Speed
C03589,Residential,Fiber,Web Family
C03590,Residential,Fiber,Biz Speed
C03591,Residential,LTE,Web Family
C03592,Residential,Fiber,Biz Speed
C03593,SME,ADSL,Web Booster
C03594,Enterprise,Fiber,Web Family
C03595,SME,LTE,Biz Speed
C03596,SME,ADSL,Web Booster
C03597,Enterprise,Fiber,Web Family
C03598,SME,ADSL,Web Family
C03599,Enterprise,LTE,Web Booster
C03600,SME,ADSL,Web Family
C03601,SME,ADSL,Web Booster
C03602,SME,LTE,Biz Speed
C03603,SME,Fiber,Biz Speed
C03604,Residential,LTE,Web Booster
C03605,Enterprise,Fiber,Web Family
C03606,Enterprise,Fiber,Web Family
C03607,SME,Fiber,Web Booster
C03608,Enterprise,Fiber,Biz Speed
C03609,Enterprise,LTE,Biz Speed
C03610,Residential,ADSL,Biz Speed
C03611,Enterprise,Fiber,Biz Speed
C03612,Enterprise,LTE,Biz Speed
C03613,SME,Fiber,Web Booster
C03614,Enterprise,ADSL,Web Family
C03615,Residential,ADSL,Biz Speed
C03616,Enterprise,Fiber,Web Family
C03617,Residential,Fiber,Web Booster
C03618,Residential,LTE,Web Family
C03619,SME,Fiber,Biz Speed
C03620,Residential,LTE,Biz Speed
C03621,SME,ADSL,Web Family
C03622,Enterprise,ADSL,Web Booster
C03623,Enterprise,LTE,Web Booster
C03624,Enterprise,Fiber,Web Family
C03625,Enterprise,Fiber,Biz Speed
C03626,Residential,LTE,Web Family
C03627,Residential,ADSL,Biz Speed
C03628,Enterprise,ADSL,Web Family
C03629,Enterprise,LTE,Web Family
C03630,Enterprise,ADSL,Web Family
C03631,SME,Fiber,Web Family
C03632,Residential,ADSL,Web Family
C03633,Enterprise,ADSL,Web Family
C03634,Residential,Fiber,Biz Speed
C03635,Residential,ADSL,Web Family
C03636,Enterprise,ADSL,Web Family
C03637,Enterprise,Fiber,Web Booster
C03638,Enterprise,LTE,Web Family
C03639,Enterprise,LTE,Web Booster
C03640,Residential,LTE,Web Family
C03641,SME,LTE,Biz Speed
C03642,Residential,LTE,Web Booster
C03643,SME,ADSL,Biz Speed
C03644,Enterprise,ADSL,Web Family
C03645,Enterprise,LTE,Web Family
C03646,Residential,ADSL,Web Booster
C03647,Enterprise,LTE,Web Family
C03648,Enterprise,ADSL,Biz Speed
C03649,Residential,ADSL,Web Family
C03650,SME,LTE,Web Family
C03651,Enterprise,ADSL,Biz Speed
C03652,Residential,LTE,Biz Speed
C03653,Enterprise,LTE,Biz Speed
C03654,Residential,LTE,Biz Speed
C03655,SME,Fiber,Web Family
C03656,SME,LTE,Biz Speed
C03657,Residential,LTE,Web Booster
C03658,Enterprise,Fiber,Web Family
C03659,Enterprise,LTE,Biz Speed
C03660,SME,ADSL,Web Booster
C03661,Residential,LTE,Biz Speed
C03662,SME,LTE,Biz Speed
C03663,Residential,Fiber,Biz Speed
C03664,SME,LTE,Biz Speed
C03665,Residential,Fiber,Biz Speed
C03666,SME,ADSL,Biz Speed
C03667,Residential,ADSL,Web Family
C03668,SME,Fiber,Web Family
C03669,Residential,LTE,Web Booster
C03670,SME,Fiber,Biz Speed
C03671,Residential,LTE,Web Booster
C03672,Residential,Fiber,Web Booster
C03673,Residential,Fiber,Biz Speed
C03674,SME,Fiber,Web Booster
C03675,Residential,LTE,Biz Speed
C03676,Enterprise,Fiber,Web Booster
C03677,SME,ADSL,Web Family
C03678,Residential,LTE,Web Family
C03679,Residential,LTE,Web Booster
C03680,Enterprise,ADSL,Web Booster
C03681,Enterprise,Fiber,Web Booster
C03682,Enterprise,ADSL,Web Family
C03683,Enterprise,Fiber,Web Family
C03684,SME,ADSL,Web Family
C03685,SME,Fiber,Biz Speed
C03686,SME,Fiber,Web Family
C03687,SME,Fiber,Web Booster
C03688,Residential,LTE,Web Family
C03689,SME,ADSL,Web Booster
C03690,SME,Fiber,Web Family
C03691,Enterprise,Fiber,Web Booster
C03692,SME,ADSL,Biz Speed
C03693,SME,Fiber,Web Family
C03694,Enterprise,ADSL,Web Booster
C03695,Residential,LTE,Biz Speed
C03696,SME,LTE,Web Family
C03697,SME,ADSL,Biz Speed
C03698,SME,ADSL,Web Booster
C03699,Enterprise,LTE,Biz Speed
C03700,Residential,Fiber,Web Booster
C03701,SME,ADSL,Web Family
C03702,SME,ADSL,Biz Speed
C03703,Enterprise,ADSL,Biz Speed
C03704,SME,Fiber,Web Booster
C03705,Residential,LTE,Web Booster
C03706,Enterprise,ADSL,Web Booster
C03707,SME,ADSL,Web Booster
C03708,Residential,ADSL,Web Booster
C03709,SME,LTE,Web Family
C03710,SME,ADSL,Web Family
C03711,SME,ADSL,Web Family
C03712,SME,Fiber,Web Family
C03713,Residential,Fiber,Biz Speed
C03714,SME,LTE,Web Booster
C03715,SME,ADSL,Biz Speed
C03716,Enterprise,ADSL,Biz Speed
C03717,Residential,LTE,Web Booster
C03718,Enterprise,ADSL,Biz Speed
C03719,Residential,LTE,Biz Speed
C03720,Residential,LTE,Biz Speed
C03721,SME,LTE,Web Family
C03722,Enterprise,LTE,Biz Speed
C03723,Residential,LTE,Web Family
C03724,Enterprise,LTE,Web Booster
C03725,Enterprise,Fiber,Biz Speed
C03726,SME,ADSL,Web Booster
C03727,SME,LTE,Biz Speed
C03728,Residential,LTE,Biz Speed
C03729,Enterprise,LTE,Web Family
C03730,SME,Fiber,Web Booster
C03731,SME,ADSL,Web Family
C03732,SME,ADSL,Biz Speed
C03733,Residential,Fiber,Web Family
C03734,Residential,Fiber,Biz Speed
C03735,Enterprise,ADSL,Web Booster
C03736,Enterprise,ADSL,Web Booster
C03737,SME,ADSL,Web Family
C03738,SME,LTE,Web Booster
C03739,Enterprise,LTE,Web Family
C03740,Residential,ADSL,Web Booster
C03741,Residential,ADSL,Biz Speed
C03742,Enterprise,LTE,Biz Speed
C03743,Residential,Fiber,Biz Speed
C03744,SME,LTE,Web Booster
C03745,SME,ADSL,Web Booster
C03746,Enterprise,ADSL,Web Family
C03747,Enterprise,LTE,Web Booster
C03748,Residential,LTE,Biz Speed
C03749,Residential,LTE,Biz Speed
C03750,Enterprise,Fiber,Web Family
C03751,Residential,Fiber,Biz Speed
C03752,Residential,ADSL,Web Booster
C03753,SME,Fiber,Web Booster
C03754,SME,LTE,Web Booster
C03755,Enterprise,ADSL,Biz Speed
C03756,SME,ADSL,Biz Speed
C03757,Residential,LTE,Web Booster
C03758,SME,LTE,Web Family
C03759,Residential,LTE,Web Booster
C03760,SME,LTE,Biz Speed
C03761,Residential,LTE,Biz Speed
C03762,SME,LTE,Web Family
C03763,Enterprise,Fiber,Web Family
C03764,Enterprise,Fiber,Biz Speed
C03765,SME,Fiber,Web Booster
C03766,Residential,ADSL,Biz Speed
C03767,Residential,LTE,Web Family
C03768,Enterprise,LTE,Biz Speed
C03769,Residential,Fiber,Web Booster
C03770,Residential,Fiber,Web Booster
C03771,Residential,LTE,Web Family
C03772,Residential,Fiber,Biz Speed
C03773,Residential,ADSL,Biz Speed
C03774,Residential,Fiber,Web Booster
C03775,Residential,ADSL,Web Booster
C03776,Residential,Fiber,Web Booster
C03777,Residential,Fiber,Biz Speed
C03778,Enterprise,LTE,Biz Speed
C03779,SME,Fiber,Web Booster
C03780,Enterprise,ADSL,Web Family
C03781,Enterprise,ADSL,Biz Speed
C03782,SME,LTE,Biz Speed
C03783,SME,ADSL,Web Family
C03784,Enterprise,ADSL,Biz Speed
C03785,SME,Fiber,Web Family
C03786,SME,ADSL,Web Family
C03787,SME,LTE,Biz Speed
C03788,Residential,LTE,Web Family
C03789,SME,ADSL,Biz Speed
C03790,Enterprise,LTE,Web Family
C03791,SME,LTE,Biz Speed
C03792,SME,ADSL,Web Booster
C03793,Enterprise,Fiber,Web Family
C03794,SME,Fiber,Web Family
C03795,Enterprise,LTE,Biz Speed
C03796,Enterprise,Fiber,Biz Speed
C03797,SME,ADSL,Web Booster
C03798,Residential,ADSL,Biz Speed
C03799,Enterprise,LTE,Web Booster
C03800,Residential,Fiber,Web Family
C03801,Residential,ADSL,Web Family
C03802,Enterprise,ADSL,Biz Speed
C03803,Enterprise,LTE,Web Booster
C03804,Residential,LTE,Biz Speed
C03805,Enterprise,LTE,Biz Speed
C03806,SME,ADSL,Web Family
C03807,SME,Fiber,Web Booster
C03808,Residential,ADSL,Web Family
C03809,SME,Fiber,Web Family
C03810,Enterprise,ADSL,Web Family
C03811,SME,LTE,Web Booster
C03812,Enterprise,Fiber,Biz Speed
C03813,Enterprise,Fiber,Biz Speed
C03814,Enterprise,Fiber,Web Booster
C03815,SME,ADSL,Web Family
C03816,Enterprise,ADSL,Biz Speed
C03817,Residential,LTE,Biz Speed
C03818,Residential,LTE,Biz Speed
C03819,Enterprise,Fiber,Web Family
C03820,SME,Fiber,Web Family
C03821,SME,ADSL,Web Booster
C03822,Residential,ADSL,Web Family
C03823,Residential,ADSL,Web Booster
C03824,Residential,Fiber,Biz Speed
C03825,SME,LTE,Web Family
C03826,Residential,LTE,Biz Speed
C03827,SME,Fiber,Web Booster
C03828,Residential,Fiber,Biz Speed
C03829,Enterprise,LTE,Web Booster
C03830,Enterprise,LTE,Web Family
C03831,SME,ADSL,Web Family
C03832,Enterprise,ADSL,Web Booster
C03833,SME,LTE,Biz Speed
C03834,Enterprise,Fiber,Web Booster
C03835,Enterprise,LTE,Biz Speed
C03836,Enterprise,Fiber,Web Booster
C03837,Enterprise,ADSL,Web Booster
C03838,Residential,Fiber,Web Booster
C03839,Enterprise,LTE,Web Booster
C03840,Residential,LTE,Biz Speed
C03841,SME,LTE,Biz Speed
C03842,Residential,Fiber,Web Family
C03843,Residential,LTE,Biz Speed
C03844,Enterprise,LTE,Web Family
C03845,Enterprise,Fiber,Biz Speed
C03846,SME,Fiber,Web Family
C03847,Residential,Fiber,Biz Speed
C03848,SME,ADSL,Web Booster
C03849,SME,ADSL,Web Booster
C03850,SME,LTE,Web Booster
C03851,SME,LTE,Biz Speed
C03852,Enterprise,LTE,Web Booster
C03853,Enterprise,LTE,Web Booster
C03854,SME,Fiber,Web Booster
C03855,Residential,LTE,Web Booster
C03856,Enterprise,Fiber,Web Family
C03857,SME,LTE,Web Booster
C03858,SME,LTE,Web Booster
C03859,Enterprise,Fiber,Web Family
C03860,SME,LTE,Web Family
C03861,Residential,LTE,Biz Speed
C03862,Enterprise,ADSL,Web Booster
C03863,Residential,ADSL,Web Booster
C03864,Enterprise,LTE,Web Family
C03865,Enterprise,ADSL,Web Booster
C03866,Residential,ADSL,Web Booster
C03867,SME,LTE,Web Booster
C03868,Residential,ADSL,Web Family
C03869,Enterprise,LTE,Web Family
C03870,Enterprise,LTE,Biz Speed
C03871,Residential,LTE,Web Family
C03872,Enterprise,ADSL,Web Booster
C03873,SME,ADSL,Web Family
C03874,Residential,ADSL,Biz Speed
C03875,SME,LTE,Biz Speed
C03876,Residential,LTE,Web Booster
C03877,SME,LTE,Web Family
C03878,Enterprise,LTE,Web Booster
C03879,Residential,Fiber,Web Family
C03880,SME,LTE,Web Booster
C03881,Enterprise,Fiber,Biz Speed
C03882,Enterprise,LTE,Web Family
C03883,SME,ADSL,Web Booster
C03884,SME,ADSL,Web Family
C03885,Enterprise,Fiber,Biz Speed
C03886,Enterprise,Fiber,Biz Speed
C03887,Residential,ADSL,Web Booster
C03888,Residential,Fiber,Biz Speed
C03889,SME,LTE,Web Booster
C03890,Enterprise,Fiber,Biz Speed
C03891,Residential,ADSL,Biz Speed
C03892,Enterprise,ADSL,Biz Speed
C03893,SME,Fiber,Web Booster
C03894,Residential,ADSL,Web Booster
C03895,Residential,LTE,Web Booster
C03896,Residential,ADSL,Biz Speed
C03897,Enterprise,LTE,Biz Speed
C03898,Enterprise,LTE,Biz Speed
C03899,Residential,Fiber,Web Family
C03900,Residential,Fiber,Web Family
C03901,Residential,Fiber,Biz Speed
C03902,Residential,LTE,Web Booster
C03903,Enterprise,Fiber,Web Family
C03904,SME,LTE,Web Family
C03905,Residential,LTE,Web Family
C03906,SME,Fiber,Web Booster
C03907,Enterprise,ADSL,Web Family
C03908,SME,LTE,Web Booster
C03909,SME,ADSL,Web Family
C03910,Residential,ADSL,Biz Speed
C03911,Residential,Fiber,Web Family
C03912,SME,ADSL,Biz Speed
C03913,SME,LTE,Web Family
C03914,Residential,ADSL,Web Booster
C03915,Enterprise,Fiber,Web Booster
C03916,SME,LTE,Web Booster
C03917,Residential,LTE,Web Booster
C03918,Residential,LTE,Biz Speed
C03919,Enterprise,Fiber,Biz Speed
C03920,SME,LTE,Web Family
C03921,SME,ADSL,Biz Speed
C03922,Residential,Fiber,Web Family
C03923,Residential,Fiber,Biz Speed
C03924,Enterprise,LTE,Web Family
C03925,Residential,ADSL,Biz Speed
C03926,Enterprise,LTE,Web Family
C03927,Residential,ADSL,Web Family
C03928,Enterprise,Fiber,Web Booster
C03929,Residential,Fiber,Web Family
C03930,SME,LTE,Biz Speed
C03931,SME,ADSL,Web Booster
C03932,Residential,LTE,Web Family
C03933,Residential,ADSL,Web Family
C03934,Residential,ADSL,Web Booster
C03935,Enterprise,ADSL,Web Family
C03936,Residential,LTE,Web Family
C03937,Residential,Fiber,Web Booster
C03938,SME,ADSL,Web Booster
C03939,Enterprise,ADSL,Web Family
C03940,SME,LTE,Web Family
C03941,Enterprise,LTE,Biz Speed
C03942,Residential,LTE,Web Booster
C03943,Enterprise,Fiber,Web Family
C03944,Residential,Fiber,Web Family
C03945,Enterprise,Fiber,Biz Speed
C03946,Enterprise,Fiber,Web Family
C03947,Residential,ADSL,Biz Speed
C03948,Enterprise,LTE,Biz Speed
C03949,Enterprise,ADSL,Web Booster
C03950,Residential,LTE,Web Booster
C03951,Residential,ADSL,Biz Speed
C03952,Residential,ADSL,Web Booster
C03953,Residential,Fiber,Web Family
C03954,Residential,Fiber,Web Family
C03955,Residential,ADSL,Web Booster
C03956,SME,Fiber,Biz Speed
C03957,Enterprise,LTE,Web Booster
C03958,SME,ADSL,Web Booster
C03959,Residential,ADSL,Web Booster
C03960,Enterprise,LTE,Web Booster
C03961,Residential,LTE,Web Booster
C03962,SME,ADSL,Web Booster
C03963,Enterprise,LTE,Biz Speed
C03964,SME,LTE,Biz Speed
C03965,Enterprise,Fiber,Web Family
C03966,SME,Fiber,Web Family
C03967,SME,Fiber,Web Booster
C03968,SME,ADSL,Web Family
C03969,Enterprise,Fiber,Web Booster
C03970,Enterprise,Fiber,Web Family
C03971,Residential,Fiber,Web Family
C03972,SME,ADSL,Biz Speed
C03973,Enterprise,ADSL,Biz Speed
C03974,Enterprise,LTE,Biz Speed
C03975,Enterprise,Fiber,Web Booster
C03976,Enterprise,Fiber,Biz Speed
C03977,Enterprise,Fiber,Biz Speed
C03978,Enterprise,LTE,Web Family
C03979,SME,LTE,Web Booster
C03980,SME,LTE,Web Booster
C03981,Enterprise,LTE,Web Family
C03982,Enterprise,ADSL,Biz Speed
C03983,Enterprise,ADSL,Biz Speed
C03984,Residential,LTE,Web Family
C03985,Residential,Fiber,Web Booster
C03986,Enterprise,LTE,Web Booster
C03987,Residential,LTE,Web Family
C03988,SME,Fiber,Web Booster
C03989,Enterprise,ADSL,Biz Speed
C03990,SME,Fiber,Biz Speed
C03991,SME,Fiber,Biz Speed
C03992,SME,ADSL,Web Family
C03993,Enterprise,LTE,Web Family
C03994,SME,Fiber,Biz Speed
C03995,SME,Fiber,Web Family
C03996,Enterprise,LTE,Web Booster
C03997,Residential,LTE,Web Booster
C03998,SME,LTE,Biz Speed
C03999,Enterprise,ADSL,Web Booster
C04000,Residential,ADSL,Web Family
C04001,Enterprise,ADSL,Biz Speed
C04002,Residential,ADSL,Web Booster
C04003,SME,LTE,Web Family
C04004,SME,ADSL,Biz Speed
C04005,SME,ADSL,Biz Speed
C04006,Enterprise,LTE,Web Booster
C04007,Residential,ADSL,Web Booster
C04008,SME,Fiber,Biz Speed
C04009,SME,Fiber,Biz Speed
C04010,Enterprise,ADSL,Web Booster
C04011,Enterprise,LTE,Web Family
C04012,Enterprise,ADSL,Web Family
C04013,Residential,Fiber,Web Booster
C04014,Enterprise,ADSL,Web Booster
C04015,Enterprise,ADSL,Web Family
C04016,SME,LTE,Biz Speed
C04017,Residential,LTE,Biz Speed
C04018,SME,ADSL,Web Family
C04019,Residential,Fiber,Biz Speed
C04020,Residential,LTE,Web Booster
C04021,Enterprise,LTE,Web Booster
C04022,Enterprise,LTE,Web Booster
C04023,Residential,LTE,Web Booster
C04024,SME,LTE,Biz Speed
C04025,SME,Fiber,Web Family
C04026,Enterprise,ADSL,Web Booster
C04027,SME,Fiber,Web Booster
C04028,SME,LTE,Biz Speed
C04029,Residential,LTE,Web Booster
C04030,Enterprise,Fiber,Biz Speed
C04031,Enterprise,LTE,Biz Speed
C04032,SME,Fiber,Web Booster
C04033,SME,LTE,Web Booster
C04034,SME,Fiber,Web Family
C04035,Residential,Fiber,Biz Speed
C04036,Enterprise,ADSL,Biz Speed
C04037,Enterprise,ADSL,Web Family
C04038,Enterprise,Fiber,Web Family
C04039,Enterprise,ADSL,Biz Speed
C04040,SME,Fiber,Biz Speed
C04041,SME,LTE,Web Family
C04042,Residential,ADSL,Web Booster
C04043,Residential,LTE,Web Family
C04044,Residential,Fiber,Biz Speed
C04045,SME,Fiber,Web Booster
C04046,Enterprise,Fiber,Web Family
C04047,SME,ADSL,Web Family
C04048,SME,Fiber,Web Family
C04049,SME,LTE,Web Booster
C04050,Enterprise,Fiber,Web Booster
C04051,Enterprise,ADSL,Web Booster
C04052,SME,ADSL,Web Booster
C04053,SME,LTE,Web Booster
C04054,Residential,LTE,Biz Speed
C04055,Enterprise,Fiber,Web Booster
C04056,Enterprise,Fiber,Biz Speed
C04057,Residential,ADSL,Biz Speed
C04058,SME,Fiber,Biz Speed
C04059,SME,ADSL,Biz Speed
C04060,Enterprise,Fiber,Web Booster
C04061,Residential,LTE,Biz Speed
C04062,Enterprise,LTE,Web Family
C04063,Residential,Fiber,Biz Speed
C04064,Enterprise,Fiber,Web Booster
C04065,Enterprise,Fiber,Web Family
C04066,Residential,ADSL,Web Booster
C04067,Enterprise,Fiber,Biz Speed
C04068,SME,ADSL,Web Family
C04069,Residential,ADSL,Web Booster
C04070,Enterprise,ADSL,Web Booster
C04071,Enterprise,ADSL,Web Booster
C04072,Enterprise,ADSL,Biz Speed
C04073,Residential,ADSL,Web Family
C04074,SME,ADSL,Web Family
C04075,Residential,ADSL,Web Family
C04076,Enterprise,Fiber,Biz Speed
C04077,Enterprise,Fiber,Web Family
C04078,SME,ADSL,Web Family
C04079,Residential,LTE,Biz Speed
C04080,Enterprise,LTE,Web Booster
C04081,SME,Fiber,Web Booster
C04082,SME,LTE,Web Family
C04083,SME,LTE,Web Family
C04084,SME,Fiber,Web Family
C04085,Enterprise,ADSL,Web Family
C04086,Residential,ADSL,Web Booster
C04087,Enterprise,Fiber,Biz Speed
C04088,SME,Fiber,Web Family
C04089,Enterprise,Fiber,Web Family
C04090,SME,Fiber,Biz Speed
C04091,Residential,Fiber,Web Family
C04092,SME,Fiber,Biz Speed
C04093,SME,Fiber,Biz Speed
C04094,Enterprise,LTE,Biz Speed
C04095,SME,ADSL,Web Family
C04096,SME,Fiber,Biz Speed
C04097,Enterprise,Fiber,Web Booster
C04098,Residential,LTE,Biz Speed
C04099,Enterprise,Fiber,Web Family
C04100,Enterprise,Fiber,Biz Speed
C04101,SME,ADSL,Biz Speed
C04102,SME,Fiber,Biz Speed
C04103,SME,Fiber,Web Booster
C04104,SME,Fiber,Web Booster
C04105,Residential,LTE,Biz Speed
C04106,Enterprise,Fiber,Biz Speed
C04107,Enterprise,LTE,Biz Speed
C04108,Enterprise,ADSL,Biz Speed
C04109,Enterprise,ADSL,Web Family
C04110,Residential,LTE,Web Family
C04111,Enterprise,LTE,Web Booster
C04112,Residential,LTE,Web Family
C04113,SME,ADSL,Web Booster
C04114,SME,LTE,Web Booster
C04115,Enterprise,Fiber,Biz Speed
C04116,Residential,Fiber,Web Booster
C04117,Enterprise,ADSL,Biz Speed
C04118,SME,ADSL,Web Family
C04119,Residential,LTE,Web Booster
C04120,Enterprise,Fiber,Biz Speed
C04121,Enterprise,ADSL,Biz Speed
C04122,Enterprise,LTE,Biz Speed
C04123,Residential,Fiber,Web Booster
C04124,Residential,ADSL,Web Booster
C04125,Residential,LTE,Web Family
C04126,Enterprise,Fiber,Web Family
C04127,Residential,ADSL,Web Family
C04128,Residential,Fiber,Biz Speed
C04129,SME,Fiber,Web Booster
C04130,SME,LTE,Web Family
C04131,Enterprise,Fiber,Biz Speed
C04132,SME,ADSL,Biz Speed
C04133,Enterprise,LTE,Web Family
C04134,Enterprise,ADSL,Web Booster
C04135,Residential,LTE,Web Booster
C04136,Residential,LTE,Web Booster
C04137,Enterprise,ADSL,Web Booster
C04138,SME,Fiber,Biz Speed
C04139,Residential,ADSL,Web Family
C04140,SME,Fiber,Web Family
C04141,Residential,ADSL,Web Booster
C04142,Enterprise,ADSL,Web Booster
C04143,SME,LTE,Biz Speed
C04144,Residential,LTE,Web Family
C04145,Enterprise,LTE,Web Family
C04146,Residential,LTE,Web Booster
C04147,Residential,Fiber,Web Booster
C04148,Enterprise,Fiber,Web Family
C04149,SME,LTE,Biz Speed
C04150,Enterprise,Fiber,Biz Speed
C04151,Residential,Fiber,Biz Speed
C04152,Enterprise,Fiber,Web Family
C04153,SME,Fiber,Web Booster
C04154,Enterprise,Fiber,Web Booster
C04155,SME,ADSL,Web Family
C04156,Enterprise,Fiber,Web Booster
C04157,SME,Fiber,Web Booster
C04158,Residential,ADSL,Biz Speed
C04159,Residential,Fiber,Biz Speed
C04160,Residential,Fiber,Biz Speed
C04161,Enterprise,ADSL,Web Family
C04162,Residential,ADSL,Web Booster
C04163,Residential,Fiber,Biz Speed
C04164,SME,Fiber,Biz Speed
C04165,SME,ADSL,Web Family
C04166,Enterprise,Fiber,Biz Speed
C04167,Residential,ADSL,Web Booster
C04168,Enterprise,LTE,Web Booster
C04169,SME,LTE,Biz Speed
C04170,SME,ADSL,Web Booster
C04171,Enterprise,LTE,Web Booster
C04172,Residential,LTE,Biz Speed
C04173,Residential,Fiber,Web Booster
C04174,Residential,LTE,Web Booster
C04175,SME,ADSL,Web Family
C04176,SME,Fiber,Web Family
C04177,Enterprise,ADSL,Web Family
C04178,Residential,ADSL,Web Booster
C04179,SME,LTE,Web Booster
C04180,SME,LTE,Web Booster
C04181,SME,LTE,Biz Speed
C04182,Enterprise,ADSL,Web Family
C04183,Enterprise,Fiber,Biz Speed
C04184,Enterprise,ADSL,Biz Speed
C04185,SME,ADSL,Web Booster
C04186,SME,Fiber,Web Booster
C04187,Residential,ADSL,Biz Speed
C04188,Enterprise,LTE,Web Family
C04189,SME,ADSL,Web Family
C04190,Enterprise,LTE,Web Family
C04191,Residential,ADSL,Web Family
C04192,Enterprise,Fiber,Web Booster
C04193,Enterprise,ADSL,Web Family
C04194,Enterprise,Fiber,Web Family
C04195,SME,Fiber,Biz Speed
C04196,SME,LTE,Biz Speed
C04197,Enterprise,ADSL,Biz Speed
C04198,Residential,ADSL,Web Family
C04199,Residential,Fiber,Web Family
C04200,Residential,LTE,Web Family
C04201,SME,Fiber,Biz Speed
C04202,Residential,LTE,Web Family
C04203,SME,ADSL,Web Booster
C04204,Enterprise,Fiber,Web Booster
C04205,Enterprise,Fiber,Web Family
C04206,Residential,ADSL,Biz Speed
C04207,Enterprise,ADSL,Biz Speed
C04208,SME,ADSL,Web Family
C04209,Enterprise,Fiber,Web Booster
C04210,Residential,Fiber,Web Booster
C04211,SME,Fiber,Web Family
C04212,SME,LTE,Biz Speed
C04213,SME,Fiber,Web Booster
C04214,Enterprise,LTE,Web Booster
C04215,SME,Fiber,Web Family
C04216,SME,ADSL,Web Booster
C04217,Residential,ADSL,Web Family
C04218,SME,LTE,Biz Speed
C04219,Residential,LTE,Biz Speed
C04220,SME,Fiber,Biz Speed
C04221,SME,Fiber,Web Booster
C04222,Residential,ADSL,Web Booster
C04223,Residential,LTE,Web Booster
C04224,Residential,ADSL,Web Family
C04225,SME,LTE,Web Booster
C04226,SME,ADSL,Biz Speed
C04227,Residential,LTE,Biz Speed
C04228,Enterprise,Fiber,Biz Speed
C04229,SME,LTE,Web Family
C04230,SME,LTE,Web Family
C04231,SME,ADSL,Web Booster
C04232,Enterprise,LTE,Web Booster
C04233,Residential,LTE,Biz Speed
C04234,Residential,LTE,Web Booster
C04235,SME,ADSL,Web Family
C04236,SME,ADSL,Web Family
C04237,Residential,Fiber,Web Family
C04238,SME,Fiber,Web Family
C04239,Residential,Fiber,Web Family
C04240,Residential,ADSL,Web Booster
C04241,Enterprise,Fiber,Web Family
C04242,SME,ADSL,Web Booster
C04243,Residential,ADSL,Web Family
C04244,Residential,Fiber,Biz Speed
C04245,Residential,Fiber,Biz Speed
C04246,Residential,LTE,Biz Speed
C04247,Residential,ADSL,Web Family
C04248,Enterprise,ADSL,Web Family
C04249,Residential,ADSL,Web Booster
C04250,Residential,LTE,Web Booster
C04251,Enterprise,Fiber,Web Booster
C04252,Residential,Fiber,Web Family
C04253,SME,Fiber,Biz Speed
C04254,Residential,ADSL,Web Family
C04255,Residential,Fiber,Web Family
C04256,Residential,Fiber,Web Booster
C04257,Enterprise,LTE,Biz Speed
C04258,Enterprise,LTE,Web Family
C04259,SME,ADSL,Web Family
C04260,Enterprise,ADSL,Web Booster
C04261,Residential,Fiber,Web Family
C04262,SME,ADSL,Web Family
C04263,SME,Fiber,Biz Speed
C04264,Enterprise,LTE,Web Family
C04265,Enterprise,Fiber,Web Booster
C04266,SME,ADSL,Biz Speed
C04267,Residential,ADSL,Web Booster
C04268,SME,LTE,Web Booster
C04269,SME,LTE,Web Booster
C04270,SME,LTE,Biz Speed
C04271,Residential,Fiber,Biz Speed
C04272,Enterprise,LTE,Web Booster
C04273,SME,LTE,Web Booster
C04274,SME,LTE,Web Family
C04275,SME,LTE,Web Family
C04276,SME,LTE,Biz Speed
C04277,SME,Fiber,Web Booster
C04278,Enterprise,Fiber,Web Family
C04279,Residential,Fiber,Web Family
C04280,SME,Fiber,Web Booster
C04281,Residential,LTE,Web Booster
C04282,Enterprise,LTE,Web Family
C04283,Enterprise,ADSL,Web Booster
C04284,Residential,LTE,Biz Speed
C04285,Residential,Fiber,Web Booster
C04286,Enterprise,LTE,Web Family
C04287,SME,Fiber,Web Booster
C04288,SME,ADSL,Web Family
C04289,SME,ADSL,Biz Speed
C04290,Residential,ADSL,Web Family
C04291,SME,ADSL,Web Booster
C04292,Residential,LTE,Biz Speed
C04293,Residential,Fiber,Web Booster
C04294,Residential,Fiber,Web Booster
C04295,SME,ADSL,Web Booster
C04296,Enterprise,LTE,Biz Speed
C04297,Enterprise,Fiber,Web Family
C04298,Enterprise,ADSL,Web Family
C04299,Enterprise,Fiber,Web Family
C04300,SME,Fiber,Web Booster
C04301,Residential,LTE,Web Family
C04302,Residential,ADSL,Web Booster
C04303,Enterprise,LTE,Web Family
C04304,Residential,LTE,Biz Speed
C04305,Residential,LTE,Web Family
C04306,Residential,LTE,Web Booster
C04307,SME,ADSL,Web Family
C04308,SME,LTE,Web Booster
C04309,Enterprise,Fiber,Biz Speed
C04310,Enterprise,ADSL,Web Family
C04311,Residential,ADSL,Web Family
C04312,Enterprise,LTE,Web Family
C04313,SME,ADSL,Web Family
C04314,Residential,Fiber,Web Booster
C04315,Enterprise,ADSL,Web Booster
C04316,SME,Fiber,Web Booster
C04317,Enterprise,Fiber,Biz Speed
C04318,SME,Fiber,Web Booster
C04319,Residential,ADSL,Biz Speed
C04320,Residential,ADSL,Web Family
C04321,Residential,Fiber,Web Family
C04322,Enterprise,LTE,Web Booster
C04323,Enterprise,LTE,Biz Speed
C04324,SME,ADSL,Web Booster
C04325,SME,ADSL,Web Family
C04326,SME,ADSL,Biz Speed
C04327,Enterprise,Fiber,Biz Speed
C04328,Residential,LTE,Web Family
C04329,Residential,Fiber,Web Family
C04330,Enterprise,Fiber,Web Family
C04331,SME,LTE,Web Family
C04332,Residential,LTE,Web Booster
C04333,Enterprise,LTE,Biz Speed
C04334,Enterprise,Fiber,Biz Speed
C04335,Residential,LTE,Web Family
C04336,SME,Fiber,Web Family
C04337,Enterprise,ADSL,Web Family
C04338,Enterprise,Fiber,Web Booster
C04339,Residential,Fiber,Web Family
C04340,Residential,ADSL,Web Booster
C04341,Enterprise,ADSL,Web Booster
C04342,SME,LTE,Web Family
C04343,Enterprise,LTE,Biz Speed
C04344,Residential,ADSL,Web Family
C04345,Enterprise,LTE,Web Family
C04346,Residential,ADSL,Web Booster
C04347,Residential,LTE,Web Family
C04348,Residential,ADSL,Biz Speed
C04349,SME,ADSL,Web Booster
C04350,Residential,Fiber,Biz Speed
C04351,Residential,LTE,Web Booster
C04352,Enterprise,LTE,Web Booster
C04353,Enterprise,ADSL,Biz Speed
C04354,SME,Fiber,Web Family
C04355,SME,Fiber,Biz Speed
C04356,Residential,Fiber,Biz Speed
C04357,SME,ADSL,Biz Speed
C04358,Enterprise,LTE,Web Booster
C04359,Enterprise,ADSL,Web Family
C04360,SME,Fiber,Biz Speed
C04361,Residential,Fiber,Web Family
C04362,Residential,LTE,Biz Speed
C04363,SME,LTE,Web Booster
C04364,Residential,LTE,Web Booster
C04365,SME,ADSL,Web Family
C04366,Residential,Fiber,Web Family
C04367,Residential,LTE,Web Family
C04368,SME,ADSL,Biz Speed
C04369,Residential,Fiber,Web Booster
C04370,Residential,LTE,Biz Speed
C04371,Residential,LTE,Web Booster
C04372,SME,Fiber,Web Family
C04373,SME,LTE,Web Family
C04374,Enterprise,ADSL,Biz Speed
C04375,SME,Fiber,Web Family
C04376,Enterprise,Fiber,Web Booster
C04377,Enterprise,ADSL,Biz Speed
C04378,Residential,ADSL,Biz Speed
C04379,Enterprise,ADSL,Web Family
C04380,SME,ADSL,Web Booster
C04381,SME,LTE,Web Booster
C04382,Residential,ADSL,Web Family
C04383,SME,ADSL,Web Booster
C04384,Residential,LTE,Web Family
C04385,Residential,Fiber,Biz Speed
C04386,Residential,ADSL,Web Family
C04387,SME,ADSL,Biz Speed
C04388,Residential,ADSL,Biz Speed
C04389,SME,Fiber,Biz Speed
C04390,SME,ADSL,Web Family
C04391,SME,ADSL,Biz Speed
C04392,SME,ADSL,Biz Speed
C04393,Residential,ADSL,Web Booster
C04394,SME,LTE,Web Family
C04395,SME,ADSL,Biz Speed
C04396,SME,Fiber,Biz Speed
C04397,Residential,LTE,Web Booster
C04398,SME,ADSL,Biz Speed
C04399,Residential,LTE,Biz Speed
C04400,Enterprise,Fiber,Biz Speed
C04401,Enterprise,ADSL,Web Family
C04402,Enterprise,Fiber,Web Family
C04403,SME,Fiber,Web Booster
C04404,Enterprise,ADSL,Web Family
C04405,Enterprise,Fiber,Web Booster
C04406,Enterprise,Fiber,Biz Speed
C04407,Enterprise,LTE,Web Booster
C04408,Enterprise,LTE,Biz Speed
C04409,Enterprise,ADSL,Web Booster
C04410,SME,ADSL,Web Booster
C04411,Residential,Fiber,Biz Speed
C04412,Residential,ADSL,Web Family
C04413,Enterprise,Fiber,Web Booster
C04414,Residential,ADSL,Web Booster
C04415,SME,LTE,Web Family
C04416,Residential,Fiber,Web Family
C04417,SME,Fiber,Web Family
C04418,Enterprise,Fiber,Web Family
C04419,Residential,LTE,Web Booster
C04420,Residential,ADSL,Biz Speed
C04421,SME,LTE,Web Family
C04422,Enterprise,ADSL,Web Booster
C04423,Enterprise,Fiber,Biz Speed
C04424,Residential,LTE,Web Booster
C04425,SME,ADSL,Web Booster
C04426,SME,ADSL,Web Family
C04427,Enterprise,ADSL,Web Booster
C04428,Enterprise,LTE,Web Family
C04429,SME,Fiber,Web Booster
C04430,Residential,Fiber,Web Family
C04431,Enterprise,ADSL,Web Family
C04432,Enterprise,LTE,Web Family
C04433,SME,Fiber,Web Booster
C04434,Enterprise,LTE,Web Family
C04435,Residential,Fiber,Biz Speed
C04436,Enterprise,Fiber,Biz Speed
C04437,Enterprise,Fiber,Web Booster
C04438,Enterprise,LTE,Biz Speed
C04439,Residential,LTE,Biz Speed
C04440,Enterprise,LTE,Web Family
C04441,SME,Fiber,Web Family
C04442,SME,LTE,Web Family
C04443,Residential,Fiber,Web Booster
C04444,Residential,LTE,Biz Speed
C04445,Residential,LTE,Web Family
C04446,Residential,LTE,Biz Speed
C04447,SME,Fiber,Biz Speed
C04448,Enterprise,Fiber,Web Family
C04449,Residential,ADSL,Biz Speed
C04450,SME,LTE,Web Booster
C04451,SME,Fiber,Biz Speed
C04452,Enterprise,LTE,Biz Speed
C04453,SME,LTE,Web Family
C04454,Enterprise,ADSL,Web Booster
C04455,Residential,LTE,Biz Speed
C04456,SME,ADSL,Web Family
C04457,Residential,Fiber,Web Family
C04458,Enterprise,Fiber,Biz Speed
C04459,Enterprise,ADSL,Web Booster
C04460,SME,Fiber,Biz Speed
C04461,SME,Fiber,Biz Speed
C04462,Residential,Fiber,Web Booster
C04463,Enterprise,LTE,Web Family
C04464,Enterprise,Fiber,Web Family
C04465,SME,ADSL,Biz Speed
C04466,Residential,LTE,Web Family
C04467,Residential,Fiber,Biz Speed
C04468,SME,Fiber,Web Family
C04469,Enterprise,ADSL,Biz Speed
C04470,Residential,Fiber,Biz Speed
C04471,Enterprise,Fiber,Web Family
C04472,Residential,ADSL,Web Family
C04473,SME,ADSL,Web Booster
C04474,SME,LTE,Web Family
C04475,Residential,LTE,Web Booster
C04476,Enterprise,ADSL,Web Booster
C04477,Enterprise,Fiber,Biz Speed
C04478,SME,ADSL,Biz Speed
C04479,Enterprise,ADSL,Web Family
C04480,Enterprise,LTE,Web Booster
C04481,SME,ADSL,Web Family
C04482,Enterprise,Fiber,Biz Speed
C04483,Residential,ADSL,Web Family
C04484,SME,LTE,Web Booster
C04485,SME,LTE,Biz Speed
C04486,SME,LTE,Biz Speed
C04487,Enterprise,ADSL,Biz Speed
C04488,Enterprise,ADSL,Biz Speed
C04489,Enterprise,Fiber,Web Booster
C04490,Enterprise,LTE,Web Booster
C04491,Enterprise,ADSL,Web Family
C04492,SME,LTE,Web Booster
C04493,Residential,LTE,Web Booster
C04494,Enterprise,Fiber,Web Booster
C04495,Residential,LTE,Biz Speed
C04496,SME,LTE,Biz Speed
C04497,Enterprise,Fiber,Biz Speed
C04498,Residential,ADSL,Web Booster
C04499,Enterprise,LTE,Biz Speed
C04500,SME,Fiber,Web Booster
C04501,Residential,Fiber,Biz Speed
C04502,SME,ADSL,Web Family
C04503,Enterprise,LTE,Web Family
C04504,SME,LTE,Web Family
C04505,Enterprise,LTE,Biz Speed
C04506,SME,Fiber,Web Booster
C04507,SME,Fiber,Web Booster
C04508,SME,Fiber,Web Family
C04509,SME,LTE,Web Booster
C04510,Enterprise,ADSL,Web Booster
C04511,SME,Fiber,Web Booster
C04512,SME,ADSL,Web Booster
C04513,SME,LTE,Web Booster
C04514,Residential,Fiber,Web Family
C04515,Residential,Fiber,Web Family
C04516,Enterprise,ADSL,Web Booster
C04517,Residential,ADSL,Biz Speed
C04518,Residential,ADSL,Biz Speed
C04519,Residential,LTE,Biz Speed
C04520,SME,LTE,Web Family
C04521,Enterprise,ADSL,Biz Speed
C04522,Enterprise,LTE,Web Family
C04523,Enterprise,ADSL,Web Booster
C04524,Residential,LTE,Web Family
C04525,Residential,Fiber,Web Family
C04526,Enterprise,LTE,Web Booster
C04527,Residential,LTE,Web Family
C04528,Enterprise,Fiber,Web Family
C04529,SME,Fiber,Web Family
C04530,SME,LTE,Biz Speed
C04531,SME,LTE,Web Family
C04532,Residential,LTE,Biz Speed
C04533,Residential,ADSL,Web Booster
C04534,SME,Fiber,Biz Speed
C04535,Residential,ADSL,Web Booster
C04536,Enterprise,LTE,Web Booster
C04537,Enterprise,ADSL,Web Booster
C04538,Enterprise,Fiber,Web Booster
C04539,Residential,ADSL,Biz Speed
C04540,Residential,LTE,Web Family
C04541,SME,LTE,Web Booster
C04542,SME,Fiber,Web Booster
C04543,SME,Fiber,Biz Speed
C04544,Residential,ADSL,Biz Speed
C04545,Enterprise,Fiber,Web Booster
C04546,SME,LTE,Web Family
C04547,Enterprise,LTE,Web Booster
C04548,SME,LTE,Web Family
C04549,SME,LTE,Web Family
C04550,Enterprise,ADSL,Biz Speed
C04551,Residential,Fiber,Web Booster
C04552,Residential,Fiber,Biz Speed
C04553,Residential,ADSL,Biz Speed
C04554,SME,Fiber,Biz Speed
C04555,SME,Fiber,Web Booster
C04556,SME,LTE,Web Family
C04557,SME,Fiber,Biz Speed
C04558,Residential,ADSL,Web Family
C04559,Enterprise,Fiber,Web Booster
C04560,SME,Fiber,Web Family
C04561,Residential,ADSL,Biz Speed
C04562,Residential,LTE,Web Family
C04563,SME,ADSL,Web Booster
C04564,Residential,ADSL,Web Family
C04565,Residential,LTE,Web Family
C04566,Enterprise,Fiber,Biz Speed
C04567,Residential,LTE,Web Family
C04568,SME,Fiber,Web Family
C04569,Enterprise,LTE,Biz Speed
C04570,SME,Fiber,Web Booster
C04571,Residential,ADSL,Web Family
C04572,Enterprise,Fiber,Web Family
C04573,Residential,Fiber,Web Booster
C04574,SME,ADSL,Web Booster
C04575,Enterprise,LTE,Biz Speed
C04576,Enterprise,ADSL,Web Booster
C04577,Enterprise,ADSL,Biz Speed
C04578,SME,ADSL,Web Booster
C04579,SME,Fiber,Web Family
C04580,Enterprise,LTE,Web Booster
C04581,SME,LTE,Web Booster
C04582,Residential,LTE,Web Booster
C04583,Residential,Fiber,Web Booster
C04584,Residential,LTE,Biz Speed
C04585,Enterprise,Fiber,Biz Speed
C04586,SME,Fiber,Web Family
C04587,Residential,LTE,Web Booster
C04588,SME,ADSL,Web Booster
C04589,Residential,LTE,Web Family
C04590,Residential,Fiber,Web Family
C04591,Residential,LTE,Web Booster
C04592,SME,LTE,Biz Speed
C04593,Residential,ADSL,Web Booster
C04594,Enterprise,ADSL,Web Booster
C04595,SME,Fiber,Web Booster
C04596,SME,ADSL,Web Family
C04597,Residential,Fiber,Biz Speed
C04598,SME,Fiber,Web Family
C04599,Enterprise,ADSL,Web Booster
C04600,SME,LTE,Biz Speed
C04601,Enterprise,LTE,Web Booster
C04602,Enterprise,ADSL,Web Family
C04603,SME,LTE,Biz Speed
C04604,Enterprise,ADSL,Biz Speed
C04605,Residential,Fiber,Web Booster
C04606,Enterprise,LTE,Biz Speed
C04607,SME,Fiber,Web Family
C04608,Residential,Fiber,Biz Speed
C04609,SME,Fiber,Web Family
C04610,Residential,Fiber,Web Family
C04611,Residential,LTE,Web Family
C04612,Enterprise,LTE,Web Family
C04613,Residential,Fiber,Web Family
C04614,SME,Fiber,Web Family
C04615,Residential,ADSL,Web Booster
C04616,Enterprise,LTE,Web Booster
C04617,SME,LTE,Web Booster
C04618,Enterprise,ADSL,Web Booster
C04619,SME,ADSL,Web Family
C04620,Enterprise,ADSL,Biz Speed
C04621,Enterprise,Fiber,Web Family
C04622,SME,LTE,Web Booster
C04623,Enterprise,LTE,Web Booster
C04624,SME,Fiber,Biz Speed
C04625,SME,Fiber,Web Family
C04626,Residential,Fiber,Web Booster
C04627,Residential,ADSL,Biz Speed
C04628,SME,ADSL,Web Booster
C04629,SME,LTE,Web Family
C04630,Enterprise,LTE,Biz Speed
C04631,SME,Fiber,Web Booster
C04632,SME,Fiber,Web Booster
C04633,Residential,LTE,Web Booster
C04634,Residential,LTE,Web Booster
C04635,SME,ADSL,Web Family
C04636,Residential,LTE,Web Family
C04637,Residential,LTE,Web Family
C04638,Enterprise,LTE,Web Family
C04639,Residential,ADSL,Web Family
C04640,SME,LTE,Web Family
C04641,Enterprise,ADSL,Web Family
C04642,Residential,LTE,Web Family
C04643,SME,LTE,Biz Speed
C04644,Enterprise,LTE,Biz Speed
C04645,Residential,Fiber,Web Booster
C04646,Residential,ADSL,Web Family
C04647,Enterprise,Fiber,Web Family
C04648,SME,LTE,Web Family
C04649,SME,ADSL,Biz Speed
C04650,Enterprise,LTE,Web Family
C04651,Enterprise,LTE,Web Family
C04652,Enterprise,ADSL,Web Family
C04653,Residential,ADSL,Web Booster
C04654,SME,ADSL,Web Family
C04655,SME,LTE,Biz Speed
C04656,Enterprise,ADSL,Web Booster
C04657,Residential,LTE,Biz Speed
C04658,Residential,LTE,Web Family
C04659,Residential,Fiber,Web Family
C04660,Residential,Fiber,Web Family
C04661,Residential,Fiber,Biz Speed
C04662,SME,ADSL,Web Booster
C04663,Enterprise,LTE,Web Booster
C04664,Enterprise,ADSL,Biz Speed
C04665,Enterprise,LTE,Biz Speed
C04666,SME,ADSL,Web Family
C04667,SME,Fiber,Web Booster
C04668,Residential,LTE,Web Booster
C04669,SME,LTE,Biz Speed
C04670,Enterprise,LTE,Web Booster
C04671,SME,ADSL,Biz Speed
C04672,SME,ADSL,Biz Speed
C04673,Residential,LTE,Web Booster
C04674,SME,Fiber,Web Family
C04675,Residential,ADSL,Biz Speed
C04676,SME,Fiber,Biz Speed
C04677,Residential,Fiber,Biz Speed
C04678,SME,ADSL,Web Booster
C04679,Residential,LTE,Biz Speed
C04680,Residential,LTE,Biz Speed
C04681,Enterprise,ADSL,Biz Speed
C04682,SME,ADSL,Biz Speed
C04683,Enterprise,Fiber,Web Booster
C04684,Enterprise,Fiber,Web Booster
C04685,Enterprise,ADSL,Web Booster
C04686,SME,Fiber,Web Booster
C04687,SME,ADSL,Biz Speed
C04688,Residential,LTE,Web Booster
C04689,Enterprise,ADSL,Web Family
C04690,Enterprise,Fiber,Web Booster
C04691,Enterprise,Fiber,Web Family
C04692,Enterprise,LTE,Web Booster
C04693,Enterprise,Fiber,Web Family
C04694,SME,Fiber,Web Booster
C04695,Residential,Fiber,Web Booster
C04696,Enterprise,LTE,Web Family
C04697,Enterprise,ADSL,Web Booster
C04698,Enterprise,Fiber,Web Booster
C04699,Residential,ADSL,Biz Speed
C04700,Residential,Fiber,Web Booster
C04701,SME,Fiber,Biz Speed
C04702,Residential,ADSL,Web Booster
C04703,Enterprise,Fiber,Web Booster
C04704,Residential,ADSL,Biz Speed
C04705,Enterprise,LTE,Biz Speed
C04706,Residential,LTE,Web Family
C04707,SME,Fiber,Web Booster
C04708,Enterprise,ADSL,Biz Speed
C04709,Residential,Fiber,Web Family
C04710,Residential,Fiber,Web Family
C04711,SME,Fiber,Web Family
C04712,SME,Fiber,Biz Speed
C04713,Enterprise,LTE,Biz Speed
C04714,Enterprise,ADSL,Web Booster
C04715,SME,Fiber,Web Booster
C04716,Residential,ADSL,Web Booster
C04717,Enterprise,Fiber,Web Family
C04718,SME,Fiber,Biz Speed
C04719,Enterprise,Fiber,Web Booster
C04720,Enterprise,LTE,Web Family
C04721,SME,LTE,Web Family
C04722,SME,Fiber,Web Family
C04723,Enterprise,LTE,Biz Speed
C04724,Residential,ADSL,Web Family
C04725,SME,ADSL,Web Booster
C04726,Enterprise,LTE,Web Family
C04727,Residential,LTE,Web Family
C04728,SME,Fiber,Biz Speed
C04729,Enterprise,LTE,Web Booster
C04730,Residential,LTE,Web Booster
C04731,Residential,ADSL,Biz Speed
C04732,Residential,ADSL,Web Family
C04733,Enterprise,ADSL,Biz Speed
C04734,Residential,ADSL,Web Family
C04735,Enterprise,LTE,Web Family
C04736,SME,LTE,Web Family
C04737,Residential,LTE,Biz Speed
C04738,Residential,ADSL,Web Booster
C04739,Residential,LTE,Web Booster
C04740,Residential,ADSL,Web Booster
C04741,SME,ADSL,Web Booster
C04742,Residential,LTE,Web Booster
C04743,Residential,Fiber,Biz Speed
C04744,Residential,LTE,Web Family
C04745,SME,LTE,Web Booster
C04746,Residential,ADSL,Web Family
C04747,Residential,Fiber,Web Family
C04748,Enterprise,ADSL,Web Family
C04749,Enterprise,ADSL,Biz Speed
C04750,Enterprise,ADSL,Web Booster
C04751,SME,Fiber,Web Booster
C04752,SME,Fiber,Biz Speed
C04753,Enterprise,Fiber,Web Family
C04754,Enterprise,Fiber,Web Family
C04755,Residential,LTE,Web Booster
C04756,Residential,LTE,Web Family
C04757,Enterprise,Fiber,Web Family
C04758,Residential,ADSL,Biz Speed
C04759,Residential,ADSL,Web Family
C04760,Enterprise,ADSL,Web Family
C04761,Enterprise,ADSL,Web Family
C04762,Residential,ADSL,Biz Speed
C04763,Enterprise,ADSL,Web Family
C04764,Residential,Fiber,Web Booster
C04765,Enterprise,LTE,Web Family
C04766,SME,LTE,Web Family
C04767,Enterprise,LTE,Biz Speed
C04768,Residential,ADSL,Web Family
C04769,SME,ADSL,Biz Speed
C04770,Residential,LTE,Biz Speed
C04771,SME,ADSL,Web Family
C04772,Enterprise,ADSL,Web Family
C04773,Residential,Fiber,Biz Speed
C04774,Residential,ADSL,Web Family
C04775,Enterprise,LTE,Web Family
C04776,SME,Fiber,Biz Speed
C04777,Residential,ADSL,Web Family
C04778,Residential,LTE,Web Family
C04779,SME,Fiber,Web Family
C04780,Residential,LTE,Web Booster
C04781,SME,ADSL,Biz Speed
C04782,SME,ADSL,Web Family
C04783,Residential,Fiber,Web Booster
C04784,Enterprise,ADSL,Web Family
C04785,SME,LTE,Web Family
C04786,SME,LTE,Web Family
C04787,Residential,ADSL,Web Booster
C04788,Residential,LTE,Web Family
C04789,Residential,LTE,Web Booster
C04790,Residential,LTE,Biz Speed
C04791,SME,LTE,Web Booster
C04792,SME,Fiber,Biz Speed
C04793,SME,LTE,Web Booster
C04794,Residential,LTE,Web Family
C04795,Residential,ADSL,Web Booster
C04796,Enterprise,ADSL,Biz Speed
C04797,Residential,LTE,Biz Speed
C04798,SME,ADSL,Web Family
C04799,Enterprise,ADSL,Web Booster
C04800,Residential,Fiber,Biz Speed
C04801,Residential,Fiber,Web Booster
C04802,Residential,ADSL,Biz Speed
C04803,Enterprise,ADSL,Web Family
C04804,Enterprise,Fiber,Web Family
C04805,SME,ADSL,Biz Speed
C04806,SME,Fiber,Web Booster
C04807,Residential,ADSL,Web Booster
C04808,SME,LTE,Biz Speed
C04809,Enterprise,Fiber,Biz Speed
C04810,Enterprise,ADSL,Biz Speed
C04811,SME,LTE,Biz Speed
C04812,Residential,LTE,Web Family
C04813,SME,LTE,Web Family
C04814,SME,Fiber,Web Booster
C04815,Residential,ADSL,Web Family
C04816,Residential,Fiber,Web Booster
C04817,Residential,LTE,Web Booster
C04818,Enterprise,Fiber,Web Family
C04819,Enterprise,LTE,Biz Speed
C04820,Enterprise,Fiber,Web Family
C04821,Residential,LTE,Web Family
C04822,SME,Fiber,Web Booster
C04823,SME,Fiber,Web Family
C04824,Residential,ADSL,Web Family
C04825,SME,ADSL,Biz Speed
C04826,Residential,Fiber,Web Booster
C04827,Enterprise,Fiber,Biz Speed
C04828,Enterprise,Fiber,Web Booster
C04829,Residential,LTE,Web Booster
C04830,Enterprise,ADSL,Web Family
C04831,SME,Fiber,Web Booster
C04832,SME,LTE,Biz Speed
C04833,Residential,ADSL,Web Family
C04834,Enterprise,Fiber,Biz Speed
C04835,Residential,Fiber,Web Family
C04836,Enterprise,Fiber,Web Family
C04837,Residential,Fiber,Web Booster
C04838,Enterprise,LTE,Web Family
C04839,Residential,Fiber,Biz Speed
C04840,Residential,LTE,Biz Speed
C04841,SME,ADSL,Web Booster
C04842,Residential,Fiber,Web Booster
C04843,Residential,LTE,Web Family
C04844,Enterprise,LTE,Web Family
C04845,Residential,Fiber,Web Family
C04846,Residential,LTE,Web Family
C04847,Residential,LTE,Biz Speed
C04848,Enterprise,ADSL,Biz Speed
C04849,Enterprise,ADSL,Web Booster
C04850,Residential,ADSL,Biz Speed
C04851,Residential,LTE,Web Booster
C04852,SME,LTE,Web Booster
C04853,Residential,ADSL,Web Family
C04854,SME,LTE,Biz Speed
C04855,Residential,ADSL,Web Family
C04856,Residential,Fiber,Web Family
C04857,Enterprise,Fiber,Biz Speed
C04858,Enterprise,ADSL,Biz Speed
C04859,Residential,Fiber,Biz Speed
C04860,Residential,Fiber,Web Family
C04861,Enterprise,ADSL,Biz Speed
C04862,Residential,ADSL,Biz Speed
C04863,Enterprise,ADSL,Web Family
C04864,SME,ADSL,Web Family
C04865,Residential,LTE,Web Booster
C04866,Residential,Fiber,Web Family
C04867,Residential,ADSL,Web Family
C04868,Residential,LTE,Biz Speed
C04869,Residential,ADSL,Web Booster
C04870,Enterprise,LTE,Web Booster
C04871,Residential,Fiber,Biz Speed
C04872,Enterprise,Fiber,Web Family
C04873,Enterprise,ADSL,Biz Speed
C04874,Enterprise,Fiber,Web Booster
C04875,Residential,LTE,Biz Speed
C04876,Residential,ADSL,Biz Speed
C04877,Residential,ADSL,Web Family
C04878,SME,LTE,Biz Speed
C04879,Enterprise,ADSL,Web Booster
C04880,SME,Fiber,Web Family
C04881,Residential,ADSL,Biz Speed
C04882,SME,LTE,Web Booster
C04883,Residential,Fiber,Web Family
C04884,SME,ADSL,Biz Speed
C04885,SME,LTE,Web Booster
C04886,SME,LTE,Web Family
C04887,Residential,Fiber,Biz Speed
C04888,Residential,LTE,Web Booster
C04889,Residential,LTE,Biz Speed
C04890,Enterprise,Fiber,Web Booster
C04891,Residential,Fiber,Web Booster
C04892,SME,ADSL,Web Family
C04893,SME,ADSL,Web Family
C04894,Residential,ADSL,Web Booster
C04895,Enterprise,ADSL,Web Family
C04896,Residential,LTE,Web Family
C04897,Enterprise,ADSL,Biz Speed
C04898,SME,Fiber,Biz Speed
C04899,Enterprise,Fiber,Web Family
C04900,SME,Fiber,Web Family
C04901,SME,ADSL,Web Family
C04902,Enterprise,ADSL,Web Family
C04903,Enterprise,LTE,Biz Speed
C04904,SME,LTE,Web Family
C04905,SME,ADSL,Web Family
C04906,Residential,LTE,Web Booster
C04907,Enterprise,Fiber,Web Family
C04908,Enterprise,ADSL,Web Booster
C04909,Enterprise,ADSL,Biz Speed
C04910,Enterprise,LTE,Web Booster
C04911,Residential,Fiber,Web Booster
C04912,Residential,LTE,Biz Speed
C04913,Enterprise,LTE,Web Family
C04914,SME,Fiber,Web Booster
C04915,SME,LTE,Biz Speed
C04916,SME,LTE,Web Booster
C04917,Residential,Fiber,Web Booster
C04918,Enterprise,ADSL,Web Booster
C04919,Enterprise,Fiber,Web Booster
C04920,Enterprise,Fiber,Biz Speed
C04921,SME,LTE,Web Booster
C04922,SME,ADSL,Biz Speed
C04923,Enterprise,ADSL,Web Family
C04924,Enterprise,Fiber,Web Booster
C04925,Enterprise,ADSL,Biz Speed
C04926,SME,LTE,Biz Speed
C04927,SME,ADSL,Biz Speed
C04928,Enterprise,LTE,Web Family
C04929,Enterprise,Fiber,Web Booster
C04930,Residential,Fiber,Web Booster
C04931,Enterprise,LTE,Biz Speed
C04932,Enterprise,Fiber,Web Booster
C04933,Residential,Fiber,Web Family
C04934,Enterprise,LTE,Biz Speed
C04935,Residential,ADSL,Web Family
C04936,Residential,Fiber,Biz Speed
C04937,Enterprise,Fiber,Web Booster
C04938,SME,ADSL,Web Booster
C04939,Residential,LTE,Web Family
C04940,Residential,ADSL,Biz Speed
C04941,SME,LTE,Web Family
C04942,Enterprise,LTE,Biz Speed
C04943,Enterprise,Fiber,Web Family
C04944,Residential,Fiber,Web Family
C04945,SME,LTE,Web Family
C04946,Enterprise,ADSL,Web Family
C04947,SME,LTE,Web Booster
C04948,SME,LTE,Biz Speed
C04949,Enterprise,Fiber,Biz Speed
C04950,Residential,ADSL,Biz Speed
C04951,SME,ADSL,Web Booster
C04952,Residential,Fiber,Web Booster
C04953,Residential,ADSL,Biz Speed
C04954,SME,Fiber,Biz Speed
C04955,Residential,LTE,Biz Speed
C04956,Residential,ADSL,Web Family
C04957,SME,Fiber,Web Family
C04958,Residential,Fiber,Biz Speed
C04959,Residential,Fiber,Web Family
C04960,SME,LTE,Web Booster
C04961,SME,Fiber,Biz Speed
C04962,Enterprise,LTE,Web Family
C04963,SME,ADSL,Web Family
C04964,Enterprise,Fiber,Web Booster
C04965,SME,LTE,Web Booster
C04966,Enterprise,Fiber,Biz Speed
C04967,Residential,ADSL,Web Family
C04968,Residential,Fiber,Web Family
C04969,Residential,ADSL,Web Family
C04970,SME,ADSL,Web Family
C04971,Residential,LTE,Web Family
C04972,Residential,LTE,Biz Speed
C04973,Residential,Fiber,Web Booster
C04974,SME,Fiber,Web Booster
C04975,Residential,LTE,Biz Speed
C04976,Enterprise,LTE,Web Booster
C04977,Enterprise,Fiber,Biz Speed
C04978,Enterprise,LTE,Web Booster
C04979,Residential,Fiber,Web Family
C04980,Enterprise,Fiber,Biz Speed
C04981,Residential,LTE,Web Booster
C04982,Enterprise,ADSL,Biz Speed
C04983,Residential,LTE,Web Family
C04984,Enterprise,LTE,Biz Speed
C04985,Residential,Fiber,Biz Speed
C04986,Enterprise,ADSL,Web Family
C04987,Residential,ADSL,Web Booster
C04988,Enterprise,ADSL,Web Family
C04989,SME,ADSL,Web Family
C04990,Enterprise,LTE,Web Booster
C04991,Residential,LTE,Biz Speed
C04992,Enterprise,ADSL,Web Booster
C04993,Enterprise,LTE,Biz Speed
C04994,Enterprise,ADSL,Biz Speed
C04995,Enterprise,ADSL,Biz Speed
C04996,SME,Fiber,Biz Speed
C04997,Enterprise,LTE,Biz Speed
C04998,Enterprise,Fiber,Web Family
C04999,Residential,LTE,Web Family
C05000,SME,ADSL,Biz Speed
C05001,Residential,Fiber,Web Family
C05002,Residential,LTE,Web Family
C05003,SME,LTE,Biz Speed
C05004,Residential,LTE,Biz Speed
C05005,Enterprise,LTE,Web Family
C05006,Residential,LTE,Web Booster
C05007,Residential,ADSL,Web Booster
C05008,Residential,LTE,Biz Speed
C05009,Enterprise,Fiber,Biz Speed
C05010,SME,ADSL,Biz Speed
C05011,SME,ADSL,Web Family
C05012,Enterprise,Fiber,Biz Speed
C05013,Residential,LTE,Web Family
C05014,SME,ADSL,Web Family
C05015,Enterprise,ADSL,Biz Speed
C05016,Residential,ADSL,Web Family
C05017,SME,ADSL,Biz Speed
C05018,Enterprise,LTE,Web Family
C05019,SME,ADSL,Web Booster
C05020,Enterprise,Fiber,Web Family
C05021,SME,LTE,Web Family
C05022,Enterprise,Fiber,Web Family
C05023,SME,ADSL,Web Booster
C05024,Residential,LTE,Web Family
C05025,SME,ADSL,Web Family
C05026,SME,ADSL,Web Booster
C05027,Residential,Fiber,Web Family
C05028,Residential,Fiber,Web Family
C05029,Enterprise,LTE,Biz Speed
C05030,SME,Fiber,Web Family
C05031,SME,ADSL,Web Family
C05032,Enterprise,Fiber,Biz Speed
C05033,Residential,Fiber,Web Family
C05034,Residential,ADSL,Biz Speed
C05035,SME,ADSL,Biz Speed
C05036,Enterprise,LTE,Web Family
C05037,Residential,ADSL,Biz Speed
C05038,Enterprise,LTE,Biz Speed
C05039,Residential,Fiber,Biz Speed
C05040,Enterprise,LTE,Web Booster
C05041,SME,LTE,Web Booster
C05042,SME,Fiber,Web Family
C05043,SME,Fiber,Biz Speed
C05044,SME,ADSL,Web Family
C05045,SME,Fiber,Biz Speed
C05046,Enterprise,LTE,Biz Speed
C05047,SME,LTE,Web Family
C05048,Enterprise,ADSL,Biz Speed
C05049,SME,Fiber,Web Booster
C05050,Enterprise,ADSL,Web Booster
C05051,Residential,Fiber,Web Family
C05052,Residential,Fiber,Web Booster
C05053,Residential,Fiber,Web Booster
C05054,SME,Fiber,Web Booster
C05055,Residential,LTE,Web Family
C05056,Residential,ADSL,Web Family
C05057,Residential,Fiber,Web Booster
C05058,SME,Fiber,Biz Speed
C05059,SME,Fiber,Web Booster
C05060,Enterprise,LTE,Web Booster
C05061,Residential,LTE,Web Family
C05062,Enterprise,LTE,Web Booster
C05063,Residential,ADSL,Web Family
C05064,SME,Fiber,Web Family
C05065,SME,ADSL,Web Family
C05066,Residential,LTE,Web Booster
C05067,Residential,Fiber,Web Booster
C05068,SME,Fiber,Web Booster
C05069,Residential,Fiber,Web Booster
C05070,SME,ADSL,Biz Speed
C05071,Residential,Fiber,Web Family
C05072,Enterprise,Fiber,Web Booster
C05073,Enterprise,ADSL,Web Family
C05074,Residential,LTE,Biz Speed
C05075,SME,Fiber,Biz Speed
C05076,Enterprise,LTE,Biz Speed
C05077,SME,Fiber,Web Booster
C05078,Residential,ADSL,Web Family
C05079,Enterprise,Fiber,Biz Speed
C05080,SME,LTE,Web Family
C05081,Enterprise,LTE,Biz Speed
C05082,Enterprise,ADSL,Biz Speed
C05083,SME,LTE,Biz Speed
C05084,Residential,LTE,Web Booster
C05085,SME,LTE,Web Family
C05086,Enterprise,Fiber,Web Family
C05087,Residential,LTE,Biz Speed
C05088,Enterprise,Fiber,Web Family
C05089,SME,LTE,Biz Speed
C05090,SME,ADSL,Biz Speed
C05091,SME,ADSL,Web Booster
C05092,Enterprise,LTE,Web Booster
C05093,Enterprise,Fiber,Biz Speed
C05094,Residential,Fiber,Biz Speed
C05095,Enterprise,LTE,Web Booster
C05096,Residential,ADSL,Biz Speed
C05097,Enterprise,LTE,Web Family
C05098,Enterprise,ADSL,Web Booster
C05099,Residential,Fiber,Web Family
C05100,Residential,LTE,Web Family
C05101,Enterprise,ADSL,Web Family
C05102,Enterprise,LTE,Biz Speed
C05103,Enterprise,LTE,Biz Speed
C05104,Enterprise,Fiber,Web Booster
C05105,SME,ADSL,Biz Speed
C05106,Enterprise,Fiber,Biz Speed
C05107,SME,LTE,Biz Speed
C05108,SME,Fiber,Biz Speed
C05109,Residential,LTE,Web Family
C05110,Enterprise,LTE,Web Booster
C05111,Residential,ADSL,Biz Speed
C05112,Enterprise,LTE,Web Booster
C05113,Residential,ADSL,Web Family
C05114,Enterprise,LTE,Web Booster
C05115,SME,LTE,Biz Speed
C05116,Enterprise,ADSL,Web Booster
C05117,Enterprise,Fiber,Web Family
C05118,Enterprise,Fiber,Web Booster
C05119,Residential,ADSL,Biz Speed
C05120,Enterprise,Fiber,Web Booster
C05121,Enterprise,ADSL,Web Family
C05122,Enterprise,LTE,Web Family
C05123,SME,LTE,Web Booster
C05124,SME,ADSL,Web Booster
C05125,Residential,ADSL,Web Family
C05126,Enterprise,Fiber,Biz Speed
C05127,SME,LTE,Web Booster
C05128,Enterprise,LTE,Web Booster
C05129,Residential,Fiber,Web Booster
C05130,Enterprise,LTE,Web Family
C05131,Enterprise,Fiber,Biz Speed
C05132,Enterprise,LTE,Web Booster
C05133,Residential,Fiber,Biz Speed
C05134,Enterprise,Fiber,Web Booster
C05135,SME,Fiber,Biz Speed
C05136,SME,Fiber,Biz Speed
C05137,Enterprise,LTE,Web Family
C05138,SME,LTE,Web Family
C05139,Residential,LTE,Biz Speed
C05140,Enterprise,Fiber,Web Booster
C05141,Enterprise,LTE,Web Family
C05142,Enterprise,Fiber,Biz Speed
C05143,SME,LTE,Web Family
C05144,SME,ADSL,Web Booster
C05145,Enterprise,LTE,Web Family
C05146,SME,ADSL,Web Booster
C05147,Residential,Fiber,Web Family
C05148,Enterprise,Fiber,Biz Speed
C05149,Enterprise,Fiber,Web Family
C05150,Enterprise,LTE,Web Family
C05151,Enterprise,ADSL,Web Booster
C05152,SME,Fiber,Web Family
C05153,Residential,LTE,Web Booster
C05154,SME,LTE,Web Family
C05155,SME,Fiber,Web Family
C05156,Residential,LTE,Biz Speed
C05157,SME,LTE,Biz Speed
C05158,Enterprise,Fiber,Web Family
C05159,SME,LTE,Web Family
C05160,Enterprise,LTE,Web Family
C05161,Enterprise,Fiber,Web Booster
C05162,Residential,Fiber,Web Booster
C05163,SME,ADSL,Biz Speed
C05164,Residential,ADSL,Biz Speed
C05165,Enterprise,Fiber,Biz Speed
C05166,Residential,LTE,Web Family
C05167,Residential,Fiber,Biz Speed
C05168,SME,LTE,Web Family
C05169,SME,ADSL,Web Booster
C05170,SME,ADSL,Biz Speed
C05171,SME,ADSL,Web Booster
C05172,Residential,Fiber,Web Booster
C05173,Enterprise,LTE,Biz Speed
C05174,SME,ADSL,Biz Speed
C05175,Enterprise,LTE,Web Booster
C05176,SME,ADSL,Biz Speed
C05177,Enterprise,Fiber,Web Booster
C05178,Residential,Fiber,Biz Speed
C05179,SME,Fiber,Web Family
C05180,Residential,Fiber,Web Family
C05181,SME,LTE,Biz Speed
C05182,Enterprise,Fiber,Web Family
C05183,Residential,ADSL,Web Family
C05184,SME,Fiber,Web Family
C05185,SME,LTE,Web Family
C05186,Enterprise,ADSL,Web Booster
C05187,Residential,ADSL,Web Family
C05188,SME,ADSL,Biz Speed
C05189,SME,ADSL,Biz Speed
C05190,SME,Fiber,Web Booster
C05191,Enterprise,Fiber,Web Booster
C05192,Enterprise,LTE,Biz Speed
C05193,Enterprise,LTE,Web Family
C05194,Residential,LTE,Biz Speed
C05195,Enterprise,Fiber,Web Booster
C05196,Residential,ADSL,Web Family
C05197,Residential,ADSL,Biz Speed
C05198,Residential,ADSL,Web Family
C05199,Residential,Fiber,Web Family
C05200,Enterprise,Fiber,Biz Speed
C05201,Residential,Fiber,Web Booster
C05202,Residential,ADSL,Web Family
C05203,SME,Fiber,Web Family
C05204,SME,LTE,Web Family
C05205,SME,LTE,Biz Speed
C05206,Enterprise,LTE,Web Family
C05207,SME,LTE,Web Booster
C05208,Enterprise,LTE,Biz Speed
C05209,SME,Fiber,Web Booster
C05210,Enterprise,Fiber,Web Booster
C05211,Residential,ADSL,Biz Speed
C05212,SME,ADSL,Biz Speed
C05213,Residential,LTE,Web Family
C05214,Residential,ADSL,Web Booster
C05215,Enterprise,LTE,Web Family
C05216,Enterprise,Fiber,Web Family
C05217,Enterprise,ADSL,Web Family
C05218,Enterprise,ADSL,Web Family
C05219,Residential,LTE,Web Family
C05220,Enterprise,ADSL,Biz Speed
C05221,SME,Fiber,Web Family
C05222,SME,ADSL,Biz Speed
C05223,SME,Fiber,Biz Speed
C05224,Residential,Fiber,Web Booster
C05225,Enterprise,Fiber,Biz Speed
C05226,Enterprise,Fiber,Web Booster
C05227,SME,LTE,Web Booster
C05228,Enterprise,ADSL,Web Booster
C05229,SME,Fiber,Web Family
C05230,SME,Fiber,Web Family
C05231,SME,LTE,Biz Speed
C05232,SME,ADSL,Biz Speed
C05233,Residential,LTE,Biz Speed
C05234,Enterprise,LTE,Web Family
C05235,Residential,LTE,Web Family
C05236,SME,Fiber,Biz Speed
C05237,SME,ADSL,Web Booster
C05238,Residential,LTE,Biz Speed
C05239,SME,Fiber,Biz Speed
C05240,Enterprise,Fiber,Web Family
C05241,Enterprise,Fiber,Web Family
C05242,SME,ADSL,Biz Speed
C05243,Enterprise,Fiber,Web Family
C05244,Residential,LTE,Biz Speed
C05245,Enterprise,LTE,Biz Speed
C05246,Enterprise,LTE,Web Booster
C05247,Enterprise,ADSL,Biz Speed
C05248,SME,ADSL,Biz Speed
C05249,Residential,ADSL,Biz Speed
C05250,Residential,Fiber,Web Family
C05251,SME,Fiber,Web Booster
C05252,Enterprise,ADSL,Web Booster
C05253,Residential,LTE,Web Family
C05254,Enterprise,ADSL,Web Family
C05255,Residential,ADSL,Biz Speed
C05256,Enterprise,ADSL,Biz Speed
C05257,Residential,Fiber,Web Booster
C05258,SME,ADSL,Biz Speed
C05259,Residential,ADSL,Web Family
C05260,Enterprise,LTE,Web Booster
C05261,Enterprise,ADSL,Web Booster
C05262,Residential,Fiber,Web Booster
C05263,Residential,ADSL,Web Family
C05264,Residential,Fiber,Biz Speed
C05265,SME,LTE,Web Booster
C05266,Residential,Fiber,Web Family
C05267,Enterprise,ADSL,Web Family
C05268,SME,LTE,Web Family
C05269,Residential,Fiber,Web Family
C05270,Residential,LTE,Web Family
C05271,Enterprise,ADSL,Biz Speed
C05272,Residential,Fiber,Biz Speed
C05273,Residential,Fiber,Web Booster
C05274,SME,LTE,Web Booster
C05275,Residential,ADSL,Web Family
C05276,Enterprise,LTE,Biz Speed
C05277,SME,Fiber,Web Family
C05278,Residential,ADSL,Biz Speed
C05279,Enterprise,Fiber,Web Booster
C05280,Enterprise,ADSL,Web Booster
C05281,Residential,ADSL,Web Booster
C05282,Residential,ADSL,Web Family
C05283,SME,LTE,Biz Speed
C05284,Residential,ADSL,Biz Speed
C05285,Residential,ADSL,Biz Speed
C05286,SME,Fiber,Biz Speed
C05287,Residential,Fiber,Web Family
C05288,Residential,Fiber,Web Booster
C05289,SME,ADSL,Web Booster
C05290,SME,LTE,Web Family
C05291,Residential,LTE,Web Family
C05292,Residential,Fiber,Web Family
C05293,Residential,LTE,Web Family
C05294,Residential,LTE,Web Family
C05295,SME,Fiber,Web Family
C05296,Residential,LTE,Biz Speed
C05297,Residential,LTE,Web Booster
C05298,Residential,LTE,Web Family
C05299,SME,ADSL,Biz Speed
C05300,Residential,LTE,Web Booster
C05301,Residential,ADSL,Biz Speed
C05302,Residential,ADSL,Biz Speed
C05303,Residential,Fiber,Web Family
C05304,Enterprise,LTE,Web Booster
C05305,Enterprise,ADSL,Web Booster
C05306,SME,ADSL,Web Family
C05307,Enterprise,ADSL,Web Booster
C05308,SME,Fiber,Web Family
C05309,Residential,Fiber,Web Booster
C05310,Residential,Fiber,Web Family
C05311,Residential,ADSL,Web Family
C05312,Residential,ADSL,Web Booster
C05313,Residential,LTE,Web Booster
C05314,Residential,LTE,Web Family
C05315,Residential,ADSL,Web Family
C05316,Enterprise,ADSL,Web Booster
C05317,Residential,ADSL,Web Family
C05318,Residential,LTE,Biz Speed
C05319,Residential,Fiber,Biz Speed
C05320,SME,Fiber,Web Family
C05321,Enterprise,Fiber,Web Booster
C05322,Residential,LTE,Web Booster
C05323,SME,LTE,Web Booster
C05324,SME,Fiber,Web Family
C05325,Residential,Fiber,Biz Speed
C05326,SME,ADSL,Biz Speed
C05327,SME,LTE,Biz Speed
C05328,SME,LTE,Web Family
C05329,Enterprise,Fiber,Web Booster
C05330,Enterprise,Fiber,Biz Speed
C05331,SME,LTE,Web Booster
C05332,SME,Fiber,Web Family
C05333,Residential,ADSL,Web Family
C05334,Enterprise,LTE,Web Family
C05335,SME,LTE,Web Booster
C05336,SME,LTE,Biz Speed
C05337,Residential,Fiber,Web Family
C05338,SME,ADSL,Web Booster
C05339,SME,Fiber,Web Family
C05340,SME,ADSL,Web Family
C05341,Enterprise,Fiber,Biz Speed
C05342,Enterprise,ADSL,Biz Speed
C05343,Enterprise,Fiber,Web Booster
C05344,Enterprise,Fiber,Web Booster
C05345,Residential,LTE,Biz Speed
C05346,Residential,ADSL,Web Booster
C05347,Enterprise,LTE,Web Booster
C05348,Enterprise,LTE,Biz Speed
C05349,Residential,Fiber,Web Booster
C05350,Enterprise,Fiber,Web Booster
C05351,Enterprise,ADSL,Web Booster
C05352,SME,Fiber,Web Family
C05353,SME,Fiber,Web Booster
C05354,SME,Fiber,Web Family
C05355,SME,LTE,Web Family
C05356,Enterprise,ADSL,Biz Speed
C05357,SME,ADSL,Biz Speed
C05358,Enterprise,LTE,Web Family
C05359,SME,Fiber,Web Booster
C05360,Enterprise,Fiber,Web Family
C05361,Residential,ADSL,Web Booster
C05362,Enterprise,Fiber,Web Family
C05363,Residential,Fiber,Biz Speed
C05364,Residential,ADSL,Biz Speed
C05365,Residential,ADSL,Web Family
C05366,Enterprise,ADSL,Biz Speed
C05367,Enterprise,ADSL,Biz Speed
C05368,Residential,Fiber,Web Family
C05369,Residential,ADSL,Biz Speed
C05370,Enterprise,LTE,Biz Speed
C05371,Residential,ADSL,Web Booster
C05372,SME,ADSL,Web Family
C05373,Residential,LTE,Web Booster
C05374,Enterprise,Fiber,Biz Speed
C05375,Enterprise,LTE,Web Booster
C05376,Enterprise,Fiber,Web Family
C05377,SME,ADSL,Web Family
C05378,SME,LTE,Biz Speed
C05379,Residential,Fiber,Web Booster
C05380,SME,ADSL,Web Booster
C05381,Enterprise,ADSL,Web Family
C05382,Enterprise,LTE,Biz Speed
C05383,SME,Fiber,Biz Speed
C05384,Enterprise,ADSL,Web Family
C05385,SME,ADSL,Biz Speed
C05386,SME,ADSL,Biz Speed
C05387,Residential,ADSL,Web Booster
C05388,Residential,LTE,Web Family
C05389,SME,Fiber,Web Booster
C05390,SME,ADSL,Biz Speed
C05391,SME,LTE,Biz Speed
C05392,Enterprise,ADSL,Biz Speed
C05393,Enterprise,LTE,Web Booster
C05394,SME,ADSL,Biz Speed
C05395,SME,Fiber,Web Booster
C05396,Enterprise,LTE,Biz Speed
C05397,Enterprise,LTE,Web Booster
C05398,Enterprise,LTE,Biz Speed
C05399,SME,LTE,Biz Speed
C05400,Residential,LTE,Web Family
C05401,SME,Fiber,Web Booster
C05402,SME,ADSL,Web Family
C05403,SME,LTE,Biz Speed
C05404,Residential,ADSL,Biz Speed
C05405,Residential,LTE,Biz Speed
C05406,Enterprise,ADSL,Web Family
C05407,SME,Fiber,Web Booster
C05408,Residential,ADSL,Web Booster
C05409,Residential,LTE,Web Family
C05410,Residential,Fiber,Web Booster
C05411,Residential,ADSL,Biz Speed
C05412,Enterprise,ADSL,Biz Speed
C05413,Residential,ADSL,Web Booster
C05414,Residential,LTE,Biz Speed
C05415,Residential,LTE,Web Family
C05416,Residential,LTE,Web Booster
C05417,Residential,LTE,Web Booster
C05418,Enterprise,Fiber,Web Family
C05419,SME,LTE,Web Booster
C05420,Residential,ADSL,Web Family
C05421,Enterprise,Fiber,Web Family
C05422,SME,Fiber,Biz Speed
C05423,Residential,LTE,Biz Speed
C05424,Enterprise,Fiber,Biz Speed
C05425,SME,ADSL,Biz Speed
C05426,Enterprise,ADSL,Web Family
C05427,Enterprise,Fiber,Web Booster
C05428,Enterprise,Fiber,Web Family
C05429,SME,LTE,Web Booster
C05430,Residential,Fiber,Web Booster
C05431,SME,ADSL,Web Booster
C05432,Enterprise,LTE,Biz Speed
C05433,Enterprise,Fiber,Biz Speed
C05434,SME,ADSL,Biz Speed
C05435,SME,ADSL,Web Booster
C05436,Enterprise,Fiber,Web Booster
C05437,SME,LTE,Biz Speed
C05438,Residential,ADSL,Web Family
C05439,Enterprise,Fiber,Web Family
C05440,SME,LTE,Web Family
C05441,SME,ADSL,Web Family
C05442,Residential,LTE,Web Family
C05443,Enterprise,Fiber,Web Family
C05444,Enterprise,ADSL,Web Booster
C05445,SME,Fiber,Web Booster
C05446,Enterprise,Fiber,Web Family
C05447,SME,LTE,Web Booster
C05448,SME,LTE,Web Family
C05449,Enterprise,ADSL,Biz Speed
C05450,Residential,LTE,Biz Speed
C05451,SME,Fiber,Web Family
C05452,SME,LTE,Biz Speed
C05453,Enterprise,ADSL,Biz Speed
C05454,SME,LTE,Web Family
C05455,SME,LTE,Web Family
C05456,SME,LTE,Web Booster
C05457,SME,LTE,Web Booster
C05458,Residential,ADSL,Web Booster
C05459,SME,LTE,Web Family
C05460,Enterprise,ADSL,Web Family
C05461,Residential,LTE,Web Booster
C05462,SME,Fiber,Biz Speed
C05463,SME,LTE,Biz Speed
C05464,Residential,LTE,Biz Speed
C05465,Enterprise,LTE,Web Family
C05466,Residential,ADSL,Biz Speed
C05467,Residential,Fiber,Web Family
C05468,Residential,LTE,Web Booster
C05469,SME,ADSL,Biz Speed
C05470,SME,Fiber,Web Booster
C05471,SME,Fiber,Web Family
C05472,SME,ADSL,Web Family
C05473,Enterprise,LTE,Biz Speed
C05474,Enterprise,LTE,Web Family
C05475,Enterprise,Fiber,Web Family
C05476,Enterprise,LTE,Web Booster
C05477,Enterprise,Fiber,Web Family
C05478,Residential,ADSL,Biz Speed
C05479,SME,LTE,Web Family
C05480,SME,LTE,Web Family
C05481,SME,LTE,Web Family
C05482,SME,Fiber,Web Family
C05483,Residential,Fiber,Web Family
C05484,Residential,ADSL,Web Booster
C05485,SME,LTE,Biz Speed
C05486,SME,ADSL,Web Family
C05487,SME,ADSL,Web Family
C05488,SME,ADSL,Web Family
C05489,Residential,ADSL,Biz Speed
C05490,Residential,ADSL,Web Booster
C05491,SME,LTE,Web Family
C05492,SME,LTE,Web Booster
C05493,SME,ADSL,Web Booster
C05494,Residential,Fiber,Web Family
C05495,Residential,Fiber,Biz Speed
C05496,SME,ADSL,Biz Speed
C05497,Enterprise,LTE,Biz Speed
C05498,Enterprise,Fiber,Web Booster
C05499,SME,Fiber,Web Family
C05500,Enterprise,ADSL,Biz Speed
C05501,SME,Fiber,Web Family
C05502,Enterprise,ADSL,Web Booster
C05503,Residential,LTE,Web Booster
C05504,Enterprise,ADSL,Web Family
C05505,Residential,ADSL,Web Booster
C05506,Residential,LTE,Web Booster
C05507,Residential,Fiber,Web Booster
C05508,Residential,LTE,Biz Speed
C05509,Residential,LTE,Biz Speed
C05510,SME,Fiber,Web Booster
C05511,Enterprise,ADSL,Biz Speed
C05512,Residential,ADSL,Web Booster
C05513,Enterprise,LTE,Biz Speed
C05514,SME,LTE,Web Family
C05515,SME,ADSL,Web Booster
C05516,SME,Fiber,Biz Speed
C05517,Enterprise,LTE,Biz Speed
C05518,Enterprise,ADSL,Web Family
C05519,Enterprise,Fiber,Web Family
C05520,Enterprise,ADSL,Biz Speed
C05521,Enterprise,ADSL,Web Family
C05522,SME,ADSL,Biz Speed
C05523,Enterprise,ADSL,Web Booster
C05524,Enterprise,ADSL,Web Booster
C05525,Enterprise,ADSL,Web Family
C05526,Enterprise,ADSL,Web Family
C05527,SME,LTE,Biz Speed
C05528,SME,Fiber,Web Booster
C05529,Enterprise,Fiber,Web Booster
C05530,Residential,Fiber,Biz Speed
C05531,Enterprise,ADSL,Web Booster
C05532,Residential,LTE,Web Family
C05533,Enterprise,ADSL,Web Family
C05534,Residential,ADSL,Web Family
C05535,Residential,Fiber,Web Family
C05536,Enterprise,ADSL,Web Booster
C05537,Residential,ADSL,Web Family
C05538,Enterprise,ADSL,Web Family
C05539,Enterprise,Fiber,Web Family
C05540,Residential,Fiber,Web Family
C05541,Residential,Fiber,Web Family
C05542,Enterprise,LTE,Web Booster
C05543,Residential,Fiber,Web Family
C05544,Enterprise,ADSL,Biz Speed
C05545,Enterprise,LTE,Biz Speed
C05546,Residential,ADSL,Web Family
C05547,Residential,LTE,Web Booster
C05548,SME,Fiber,Biz Speed
C05549,Enterprise,LTE,Web Booster
C05550,Enterprise,Fiber,Biz Speed
C05551,Residential,LTE,Web Booster
C05552,Enterprise,ADSL,Web Family
C05553,SME,LTE,Biz Speed
C05554,Enterprise,Fiber,Web Family
C05555,Enterprise,Fiber,Web Booster
C05556,SME,Fiber,Web Family
C05557,SME,LTE,Biz Speed
C05558,SME,Fiber,Web Booster
C05559,Enterprise,Fiber,Web Booster
C05560,Enterprise,LTE,Web Booster
C05561,Residential,Fiber,Biz Speed
C05562,SME,LTE,Web Family
C05563,Enterprise,Fiber,Web Booster
C05564,SME,ADSL,Web Booster
C05565,Enterprise,ADSL,Web Booster
C05566,SME,Fiber,Biz Speed
C05567,SME,ADSL,Web Family
C05568,Enterprise,Fiber,Web Booster
C05569,SME,ADSL,Biz Speed
C05570,Enterprise,LTE,Web Family
C05571,SME,Fiber,Biz Speed
C05572,SME,ADSL,Biz Speed
C05573,Enterprise,ADSL,Web Family
C05574,Enterprise,ADSL,Biz Speed
C05575,Enterprise,Fiber,Web Booster
C05576,Enterprise,LTE,Web Family
C05577,Residential,ADSL,Web Booster
C05578,Residential,ADSL,Biz Speed
C05579,Residential,Fiber,Web Family
C05580,Enterprise,LTE,Web Booster
C05581,Enterprise,ADSL,Biz Speed
C05582,Residential,LTE,Web Family
C05583,Residential,ADSL,Web Family
C05584,Enterprise,LTE,Web Family
C05585,SME,LTE,Web Booster
C05586,Residential,LTE,Web Booster
C05587,Enterprise,Fiber,Biz Speed
C05588,SME,LTE,Web Booster
C05589,Residential,Fiber,Biz Speed
C05590,Enterprise,ADSL,Web Family
C05591,Enterprise,ADSL,Biz Speed
C05592,Residential,LTE,Web Booster
C05593,Residential,ADSL,Web Booster
C05594,Enterprise,Fiber,Web Booster
C05595,Enterprise,LTE,Biz Speed
C05596,SME,Fiber,Web Family
C05597,SME,ADSL,Web Booster
C05598,Residential,LTE,Web Booster
C05599,Residential,Fiber,Biz Speed
C05600,SME,LTE,Web Family
C05601,Residential,ADSL,Web Family
C05602,SME,Fiber,Biz Speed
C05603,SME,LTE,Web Family
C05604,Residential,Fiber,Web Booster
C05605,SME,Fiber,Biz Speed
C05606,Enterprise,ADSL,Web Booster
C05607,SME,Fiber,Web Family
C05608,Enterprise,ADSL,Biz Speed
C05609,Enterprise,LTE,Biz Speed
C05610,Residential,Fiber,Web Booster
C05611,Enterprise,LTE,Web Family
C05612,Residential,LTE,Biz Speed
C05613,Residential,Fiber,Web Family
C05614,Residential,ADSL,Web Family
C05615,Residential,ADSL,Web Family
C05616,SME,Fiber,Biz Speed
C05617,Enterprise,LTE,Web Family
C05618,SME,Fiber,Biz Speed
C05619,Residential,Fiber,Web Booster
C05620,SME,ADSL,Web Booster
C05621,Residential,LTE,Web Booster
C05622,Enterprise,Fiber,Biz Speed
C05623,SME,ADSL,Biz Speed
C05624,SME,Fiber,Biz Speed
C05625,Enterprise,ADSL,Web Booster
C05626,Enterprise,ADSL,Web Family
C05627,SME,LTE,Web Family
C05628,SME,LTE,Web Family
C05629,Enterprise,Fiber,Biz Speed
C05630,Enterprise,Fiber,Web Booster
C05631,SME,ADSL,Web Family
C05632,Enterprise,Fiber,Web Family
C05633,Residential,Fiber,Web Booster
C05634,Enterprise,ADSL,Web Booster
C05635,Residential,Fiber,Web Booster
C05636,Residential,ADSL,Web Booster
C05637,Enterprise,Fiber,Web Booster
C05638,Residential,LTE,Biz Speed
C05639,SME,ADSL,Web Booster
C05640,SME,LTE,Web Family
C05641,Residential,ADSL,Web Booster
C05642,Enterprise,ADSL,Web Family
C05643,Residential,LTE,Web Family
C05644,Enterprise,LTE,Web Booster
C05645,Enterprise,Fiber,Web Booster
C05646,SME,LTE,Web Booster
C05647,SME,LTE,Web Booster
C05648,SME,Fiber,Web Booster
C05649,Residential,Fiber,Biz Speed
C05650,Residential,ADSL,Web Family
C05651,SME,LTE,Web Family
C05652,Enterprise,ADSL,Web Booster
C05653,Enterprise,ADSL,Web Family
C05654,Residential,Fiber,Web Family
C05655,Enterprise,LTE,Web Family
C05656,Enterprise,Fiber,Web Family
C05657,SME,ADSL,Web Booster
C05658,Residential,ADSL,Biz Speed
C05659,Enterprise,Fiber,Web Booster
C05660,SME,Fiber,Web Booster
C05661,SME,ADSL,Web Family
C05662,Residential,Fiber,Biz Speed
C05663,SME,LTE,Biz Speed
C05664,Residential,Fiber,Web Family
C05665,Enterprise,Fiber,Web Family
C05666,SME,Fiber,Biz Speed
C05667,SME,ADSL,Biz Speed
C05668,SME,LTE,Biz Speed
C05669,SME,Fiber,Web Booster
C05670,SME,Fiber,Web Booster
C05671,Residential,LTE,Biz Speed
C05672,SME,ADSL,Biz Speed
C05673,SME,ADSL,Web Family
C05674,Enterprise,Fiber,Web Family
C05675,SME,LTE,Biz Speed
C05676,SME,ADSL,Web Family
C05677,Enterprise,Fiber,Web Family
C05678,Residential,Fiber,Web Family
C05679,Enterprise,ADSL,Biz Speed
C05680,SME,Fiber,Web Family
C05681,Enterprise,ADSL,Web Family
C05682,Enterprise,LTE,Biz Speed
C05683,Residential,ADSL,Web Booster
C05684,Residential,LTE,Biz Speed
C05685,Residential,Fiber,Web Booster
C05686,Residential,Fiber,Web Booster
C05687,Enterprise,ADSL,Web Family
C05688,SME,ADSL,Web Booster
C05689,Enterprise,Fiber,Web Family
C05690,Enterprise,LTE,Web Booster
C05691,Enterprise,Fiber,Web Booster
C05692,Enterprise,ADSL,Web Family
C05693,Residential,ADSL,Web Family
C05694,SME,LTE,Biz Speed
C05695,SME,Fiber,Web Family
C05696,SME,LTE,Web Booster
C05697,Residential,LTE,Web Booster
C05698,Residential,ADSL,Web Booster
C05699,Residential,LTE,Web Family
C05700,SME,LTE,Web Family
C05701,Residential,LTE,Web Family
C05702,SME,Fiber,Biz Speed
C05703,Residential,ADSL,Biz Speed
C05704,Residential,Fiber,Web Family
C05705,Residential,Fiber,Web Family
C05706,Residential,ADSL,Web Family
C05707,SME,ADSL,Web Family
C05708,Residential,ADSL,Biz Speed
C05709,SME,ADSL,Web Booster
C05710,Residential,Fiber,Web Family
C05711,SME,Fiber,Web Family
C05712,Residential,LTE,Biz Speed
C05713,SME,LTE,Biz Speed
C05714,Enterprise,LTE,Web Booster
C05715,Residential,Fiber,Web Family
C05716,Enterprise,LTE,Web Booster
C05717,Residential,Fiber,Web Family
C05718,Residential,Fiber,Biz Speed
C05719,SME,LTE,Biz Speed
C05720,SME,LTE,Web Booster
C05721,Enterprise,ADSL,Web Family
C05722,SME,Fiber,Web Family
C05723,Residential,Fiber,Biz Speed
C05724,Residential,Fiber,Web Family
C05725,Residential,Fiber,Biz Speed
C05726,Enterprise,ADSL,Web Family
C05727,Enterprise,Fiber,Biz Speed
C05728,SME,ADSL,Web Family
C05729,Enterprise,Fiber,Web Booster
C05730,Residential,ADSL,Web Booster
C05731,SME,LTE,Biz Speed
C05732,Enterprise,ADSL,Web Booster
C05733,SME,ADSL,Web Booster
C05734,Enterprise,Fiber,Web Booster
C05735,Residential,ADSL,Web Family
C05736,SME,Fiber,Web Booster
C05737,Enterprise,ADSL,Web Family
C05738,SME,ADSL,Web Family
C05739,Enterprise,LTE,Web Family
C05740,SME,LTE,Web Booster
C05741,Enterprise,Fiber,Biz Speed
C05742,Enterprise,LTE,Web Family
C05743,Residential,ADSL,Web Family
C05744,Enterprise,Fiber,Biz Speed
C05745,Residential,Fiber,Biz Speed
C05746,Residential,LTE,Web Family
C05747,SME,LTE,Biz Speed
C05748,Residential,ADSL,Biz Speed
C05749,Residential,LTE,Web Booster
C05750,Enterprise,Fiber,Biz Speed
C05751,Residential,ADSL,Biz Speed
C05752,Residential,Fiber,Biz Speed
C05753,Residential,LTE,Biz Speed
C05754,Residential,Fiber,Web Family
C05755,SME,LTE,Web Family
C05756,Residential,Fiber,Web Booster
C05757,Residential,Fiber,Biz Speed
C05758,SME,Fiber,Web Booster
C05759,Residential,Fiber,Biz Speed
C05760,Residential,LTE,Biz Speed
C05761,Residential,LTE,Web Booster
C05762,SME,ADSL,Web Family
C05763,Residential,Fiber,Web Family
C05764,Enterprise,Fiber,Biz Speed
C05765,Enterprise,ADSL,Biz Speed
C05766,SME,LTE,Biz Speed
C05767,Residential,ADSL,Biz Speed
C05768,Residential,Fiber,Web Family
C05769,Enterprise,ADSL,Web Booster
C05770,SME,LTE,Web Family
C05771,Residential,Fiber,Web Family
C05772,Residential,ADSL,Web Family
C05773,Enterprise,LTE,Web Booster
C05774,SME,LTE,Web Family
C05775,Enterprise,LTE,Web Family
C05776,Enterprise,LTE,Web Booster
C05777,SME,ADSL,Web Booster
C05778,SME,LTE,Biz Speed
C05779,SME,LTE,Web Family
C05780,Enterprise,Fiber,Biz Speed
C05781,SME,LTE,Web Family
C05782,Enterprise,LTE,Web Family
C05783,Residential,Fiber,Web Booster
C05784,Residential,Fiber,Web Booster
C05785,SME,Fiber,Web Booster
C05786,Enterprise,LTE,Biz Speed
C05787,SME,LTE,Biz Speed
C05788,Enterprise,ADSL,Biz Speed
C05789,Residential,ADSL,Biz Speed
C05790,Enterprise,ADSL,Biz Speed
C05791,Enterprise,LTE,Web Family
C05792,Enterprise,LTE,Biz Speed
C05793,Enterprise,ADSL,Biz Speed
C05794,Residential,Fiber,Biz Speed
C05795,Residential,Fiber,Biz Speed
C05796,SME,LTE,Web Family
C05797,Enterprise,Fiber,Web Booster
C05798,Residential,Fiber,Web Booster
C05799,Residential,ADSL,Web Family
C05800,Enterprise,LTE,Biz Speed
C05801,SME,Fiber,Web Booster
C05802,SME,LTE,Web Booster
C05803,SME,ADSL,Biz Speed
C05804,SME,LTE,Web Booster
C05805,Enterprise,ADSL,Web Booster
C05806,Enterprise,LTE,Web Family
C05807,Residential,LTE,Web Booster
C05808,SME,LTE,Web Booster
C05809,Enterprise,ADSL,Web Booster
C05810,Residential,LTE,Web Family
C05811,Residential,Fiber,Web Family
C05812,SME,Fiber,Biz Speed
C05813,Residential,ADSL,Web Booster
C05814,Enterprise,LTE,Biz Speed
C05815,SME,Fiber,Web Booster
C05816,SME,LTE,Biz Speed
C05817,SME,LTE,Web Family
C05818,Residential,Fiber,Web Booster
C05819,SME,Fiber,Web Family
C05820,Enterprise,ADSL,Web Family
C05821,SME,Fiber,Web Booster
C05822,Enterprise,LTE,Biz Speed
C05823,Residential,Fiber,Web Family
C05824,Residential,LTE,Web Booster
C05825,Residential,ADSL,Web Family
C05826,SME,Fiber,Biz Speed
C05827,Residential,Fiber,Biz Speed
C05828,Residential,ADSL,Biz Speed
C05829,Residential,LTE,Biz Speed
C05830,Residential,Fiber,Web Family
C05831,Enterprise,ADSL,Web Booster
C05832,Enterprise,LTE,Web Booster
C05833,SME,ADSL,Web Booster
C05834,Residential,LTE,Biz Speed
C05835,SME,LTE,Biz Speed
C05836,Enterprise,LTE,Web Family
C05837,Residential,ADSL,Web Family
C05838,Enterprise,Fiber,Biz Speed
C05839,SME,ADSL,Web Family
C05840,SME,LTE,Web Booster
C05841,SME,LTE,Biz Speed
C05842,Residential,Fiber,Web Booster
C05843,SME,Fiber,Biz Speed
C05844,Enterprise,ADSL,Web Booster
C05845,SME,ADSL,Web Family
C05846,SME,LTE,Biz Speed
C05847,Residential,Fiber,Web Family
C05848,SME,ADSL,Web Family
C05849,Residential,LTE,Web Family
C05850,Enterprise,Fiber,Web Family
C05851,Enterprise,LTE,Web Family
C05852,Enterprise,Fiber,Web Family
C05853,Enterprise,ADSL,Biz Speed
C05854,Residential,Fiber,Web Family
C05855,SME,ADSL,Web Booster
C05856,Residential,ADSL,Web Booster
C05857,Enterprise,Fiber,Biz Speed
C05858,Enterprise,ADSL,Biz Speed
C05859,Residential,LTE,Web Family
C05860,Enterprise,LTE,Biz Speed
C05861,Residential,Fiber,Web Family
C05862,Enterprise,LTE,Web Family
C05863,Residential,ADSL,Biz Speed
C05864,Residential,LTE,Web Booster
C05865,Enterprise,ADSL,Web Family
C05866,Residential,Fiber,Web Family
C05867,Residential,ADSL,Web Booster
C05868,SME,LTE,Web Family
C05869,Enterprise,LTE,Web Family
C05870,SME,ADSL,Web Booster
C05871,Residential,ADSL,Web Family
C05872,Residential,LTE,Web Family
C05873,SME,Fiber,Web Family
C05874,SME,ADSL,Biz Speed
C05875,Enterprise,ADSL,Biz Speed
C05876,Residential,ADSL,Web Family
C05877,SME,ADSL,Biz Speed
C05878,Enterprise,LTE,Biz Speed
C05879,SME,LTE,Web Family
C05880,SME,Fiber,Web Family
C05881,Residential,ADSL,Web Family
C05882,Residential,ADSL,Biz Speed
C05883,Residential,ADSL,Web Booster
C05884,Residential,LTE,Biz Speed
C05885,Enterprise,ADSL,Web Family
C05886,Enterprise,ADSL,Biz Speed
C05887,Residential,ADSL,Web Booster
C05888,SME,Fiber,Biz Speed
C05889,SME,Fiber,Web Booster
C05890,SME,Fiber,Biz Speed
C05891,SME,Fiber,Web Family
C05892,Residential,ADSL,Web Family
C05893,Enterprise,LTE,Web Booster
C05894,Residential,Fiber,Web Booster
C05895,Residential,ADSL,Web Booster
C05896,Enterprise,ADSL,Web Booster
C05897,Enterprise,Fiber,Web Family
C05898,Residential,LTE,Biz Speed
C05899,SME,ADSL,Web Booster
C05900,Enterprise,LTE,Biz Speed
C05901,Residential,LTE,Biz Speed
C05902,SME,Fiber,Web Booster
C05903,Enterprise,Fiber,Web Family
C05904,Enterprise,Fiber,Web Booster
C05905,Enterprise,LTE,Web Family
C05906,Enterprise,LTE,Web Booster
C05907,Residential,ADSL,Biz Speed
C05908,Enterprise,LTE,Biz Speed
C05909,Enterprise,LTE,Web Booster
C05910,SME,Fiber,Web Family
C05911,Residential,Fiber,Web Family
C05912,SME,Fiber,Biz Speed
C05913,Enterprise,ADSL,Web Booster
C05914,Enterprise,ADSL,Web Family
C05915,Residential,Fiber,Biz Speed
C05916,Enterprise,LTE,Biz Speed
C05917,Enterprise,ADSL,Biz Speed
C05918,Residential,ADSL,Biz Speed
C05919,Residential,Fiber,Web Booster
C05920,SME,Fiber,Web Family
C05921,Residential,Fiber,Web Booster
C05922,Enterprise,Fiber,Web Booster
C05923,Enterprise,ADSL,Biz Speed
C05924,SME,ADSL,Biz Speed
C05925,Residential,ADSL,Web Family
C05926,Enterprise,ADSL,Biz Speed
C05927,Residential,Fiber,Biz Speed
C05928,SME,LTE,Web Booster
C05929,Enterprise,ADSL,Biz Speed
C05930,Enterprise,LTE,Web Family
C05931,Residential,Fiber,Web Family
C05932,Residential,LTE,Web Family
C05933,SME,LTE,Web Booster
C05934,Enterprise,ADSL,Web Booster
C05935,SME,LTE,Web Family
C05936,Residential,Fiber,Web Booster
C05937,SME,LTE,Web Booster
C05938,Enterprise,LTE,Web Booster
C05939,Enterprise,LTE,Biz Speed
C05940,SME,Fiber,Web Booster
C05941,SME,LTE,Web Booster
C05942,Residential,LTE,Web Booster
C05943,SME,Fiber,Web Booster
C05944,Residential,LTE,Web Family
C05945,Enterprise,LTE,Web Booster
C05946,Enterprise,Fiber,Web Booster
C05947,Residential,ADSL,Biz Speed
C05948,Residential,ADSL,Biz Speed
C05949,SME,Fiber,Web Family
C05950,Enterprise,LTE,Biz Speed
C05951,SME,LTE,Web Family
C05952,Residential,LTE,Web Booster
C05953,SME,LTE,Web Family
C05954,SME,ADSL,Web Booster
C05955,Enterprise,ADSL,Biz Speed
C05956,Enterprise,LTE,Web Booster
C05957,SME,ADSL,Web Booster
C05958,SME,LTE,Web Booster
C05959,SME,ADSL,Web Booster
C05960,SME,ADSL,Web Family
C05961,Enterprise,ADSL,Web Family
C05962,Residential,ADSL,Web Booster
C05963,SME,LTE,Web Family
C05964,SME,LTE,Web Booster
C05965,Enterprise,ADSL,Biz Speed
C05966,Residential,Fiber,Web Family
C05967,Enterprise,LTE,Web Family
C05968,SME,ADSL,Web Family
C05969,Enterprise,ADSL,Biz Speed
C05970,Enterprise,ADSL,Web Booster
C05971,Residential,Fiber,Web Family
C05972,Enterprise,LTE,Web Family
C05973,Residential,Fiber,Web Booster
C05974,SME,LTE,Web Booster
C05975,Enterprise,LTE,Web Family
C05976,Enterprise,LTE,Web Booster
C05977,Enterprise,Fiber,Web Family
C05978,Residential,Fiber,Web Booster
C05979,SME,LTE,Web Booster
C05980,Residential,ADSL,Biz Speed
C05981,Residential,Fiber,Web Family
C05982,SME,Fiber,Web Family
C05983,Residential,ADSL,Web Booster
C05984,SME,LTE,Biz Speed
C05985,SME,Fiber,Web Booster
C05986,Enterprise,ADSL,Web Booster
C05987,Enterprise,LTE,Web Family
C05988,Enterprise,Fiber,Web Family
C05989,SME,ADSL,Web Booster
C05990,Enterprise,LTE,Web Booster
C05991,Residential,Fiber,Web Family
C05992,Enterprise,LTE,Web Family
C05993,SME,Fiber,Web Family
C05994,Residential,ADSL,Biz Speed
C05995,Residential,Fiber,Web Booster
C05996,Residential,LTE,Web Booster
C05997,Residential,Fiber,Web Booster
C05998,SME,ADSL,Biz Speed
C05999,Enterprise,ADSL,Biz Speed
C06000,SME,ADSL,Web Family
C06001,Enterprise,LTE,Biz Speed
C06002,Residential,ADSL,Web Booster
C06003,Enterprise,Fiber,Web Family
C06004,Enterprise,Fiber,Biz Speed
C06005,SME,LTE,Web Booster
C06006,SME,Fiber,Web Family
C06007,SME,Fiber,Web Family
C06008,SME,Fiber,Web Family
C06009,Enterprise,ADSL,Web Booster
C06010,SME,Fiber,Web Booster
C06011,Enterprise,Fiber,Web Family
C06012,Enterprise,Fiber,Biz Speed
C06013,Residential,Fiber,Web Family
C06014,SME,ADSL,Web Family
C06015,Residential,Fiber,Web Family
C06016,SME,LTE,Web Booster
C06017,Enterprise,ADSL,Web Family
C06018,SME,LTE,Web Booster
C06019,Residential,LTE,Web Booster
C06020,SME,ADSL,Biz Speed
C06021,SME,Fiber,Biz Speed
C06022,SME,ADSL,Web Booster
C06023,Residential,Fiber,Web Family
C06024,Enterprise,LTE,Web Booster
C06025,Residential,Fiber,Web Booster
C06026,Residential,Fiber,Web Family
C06027,SME,Fiber,Biz Speed
C06028,Residential,Fiber,Web Booster
C06029,Residential,ADSL,Web Family
C06030,SME,Fiber,Web Booster
C06031,Enterprise,LTE,Web Booster
C06032,Enterprise,LTE,Biz Speed
C06033,Residential,LTE,Biz Speed
C06034,SME,LTE,Web Booster
C06035,Enterprise,ADSL,Web Family
C06036,Residential,LTE,Web Booster
C06037,Residential,ADSL,Web Booster
C06038,Enterprise,LTE,Biz Speed
C06039,Enterprise,Fiber,Web Family
C06040,Enterprise,Fiber,Biz Speed
C06041,SME,LTE,Web Booster
C06042,SME,ADSL,Web Booster
C06043,Enterprise,ADSL,Web Family
C06044,SME,Fiber,Biz Speed
C06045,Enterprise,Fiber,Web Family
C06046,Residential,Fiber,Web Family
C06047,SME,ADSL,Web Family
C06048,SME,ADSL,Biz Speed
C06049,Enterprise,ADSL,Web Family
C06050,Residential,LTE,Web Family
C06051,SME,LTE,Biz Speed
C06052,Enterprise,Fiber,Biz Speed
C06053,Residential,ADSL,Biz Speed
C06054,Enterprise,LTE,Web Family
C06055,Enterprise,Fiber,Web Booster
C06056,Residential,Fiber,Web Booster
C06057,Enterprise,LTE,Web Family
C06058,SME,Fiber,Web Family
C06059,SME,Fiber,Web Family
C06060,Residential,LTE,Biz Speed
C06061,SME,ADSL,Biz Speed
C06062,Residential,Fiber,Biz Speed
C06063,Enterprise,ADSL,Web Family
C06064,SME,LTE,Web Booster
C06065,Residential,LTE,Biz Speed
C06066,SME,ADSL,Biz Speed
C06067,SME,Fiber,Web Booster
C06068,Residential,Fiber,Web Booster
C06069,SME,ADSL,Biz Speed
C06070,Enterprise,LTE,Web Family
C06071,SME,LTE,Web Booster
C06072,Residential,LTE,Web Booster
C06073,Residential,Fiber,Biz Speed
C06074,SME,Fiber,Web Booster
C06075,SME,LTE,Web Booster
C06076,Residential,LTE,Biz Speed
C06077,SME,Fiber,Web Booster
C06078,Residential,Fiber,Biz Speed
C06079,Enterprise,LTE,Biz Speed
C06080,Residential,Fiber,Biz Speed
C06081,Residential,LTE,Web Booster
C06082,Residential,ADSL,Web Booster
C06083,Enterprise,ADSL,Biz Speed
C06084,SME,Fiber,Web Booster
C06085,Residential,ADSL,Web Booster
C06086,Enterprise,ADSL,Web Booster
C06087,Residential,Fiber,Web Booster
C06088,SME,ADSL,Web Booster
C06089,Residential,ADSL,Biz Speed
C06090,Residential,Fiber,Web Family
C06091,Residential,ADSL,Biz Speed
C06092,Residential,Fiber,Web Booster
C06093,Residential,ADSL,Web Family
C06094,Enterprise,Fiber,Web Family
C06095,Residential,Fiber,Web Family
C06096,SME,ADSL,Biz Speed
C06097,Residential,ADSL,Web Booster
C06098,SME,ADSL,Web Booster
C06099,SME,LTE,Web Family
C06100,Enterprise,Fiber,Biz Speed
C06101,Enterprise,ADSL,Web Family
C06102,SME,Fiber,Biz Speed
C06103,SME,Fiber,Biz Speed
C06104,SME,LTE,Biz Speed
C06105,Residential,LTE,Biz Speed
C06106,Enterprise,LTE,Biz Speed
C06107,SME,ADSL,Web Booster
C06108,Residential,ADSL,Web Booster
C06109,Residential,LTE,Biz Speed
C06110,Enterprise,Fiber,Biz Speed
C06111,Residential,Fiber,Web Family
C06112,Residential,LTE,Biz Speed
C06113,SME,Fiber,Biz Speed
C06114,Residential,Fiber,Web Booster
C06115,Enterprise,ADSL,Biz Speed
C06116,Residential,LTE,Biz Speed
C06117,SME,ADSL,Biz Speed
C06118,Enterprise,LTE,Biz Speed
C06119,Residential,ADSL,Web Family
C06120,Residential,Fiber,Biz Speed
C06121,Residential,Fiber,Web Booster
C06122,Residential,ADSL,Biz Speed
C06123,Enterprise,Fiber,Web Family
C06124,Residential,ADSL,Web Family
C06125,Residential,ADSL,Web Booster
C06126,Residential,Fiber,Web Booster
C06127,SME,Fiber,Web Booster
C06128,Enterprise,Fiber,Biz Speed
C06129,SME,ADSL,Biz Speed
C06130,SME,ADSL,Web Family
C06131,Enterprise,ADSL,Web Family
C06132,SME,ADSL,Biz Speed
C06133,SME,LTE,Web Family
C06134,Residential,ADSL,Web Family
C06135,Enterprise,ADSL,Web Booster
C06136,Residential,Fiber,Web Booster
C06137,Enterprise,Fiber,Biz Speed
C06138,Residential,ADSL,Biz Speed
C06139,SME,Fiber,Web Booster
C06140,Residential,LTE,Biz Speed
C06141,Residential,Fiber,Web Family
C06142,Enterprise,ADSL,Web Family
C06143,Residential,ADSL,Biz Speed
C06144,Enterprise,ADSL,Biz Speed
C06145,Residential,LTE,Web Family
C06146,Enterprise,ADSL,Web Family
C06147,SME,ADSL,Biz Speed
C06148,Residential,LTE,Web Booster
C06149,Residential,ADSL,Web Family
C06150,Enterprise,ADSL,Web Booster
C06151,Residential,Fiber,Biz Speed
C06152,Enterprise,ADSL,Web Family
C06153,SME,Fiber,Web Family
C06154,SME,ADSL,Web Booster
C06155,Residential,LTE,Biz Speed
C06156,SME,ADSL,Web Booster
C06157,Enterprise,ADSL,Web Family
C06158,SME,LTE,Biz Speed
C06159,Enterprise,ADSL,Web Family
C06160,Enterprise,Fiber,Biz Speed
C06161,SME,ADSL,Web Booster
C06162,Residential,ADSL,Web Booster
C06163,Residential,Fiber,Web Booster
C06164,SME,ADSL,Biz Speed
C06165,Residential,LTE,Web Booster
C06166,SME,ADSL,Web Booster
C06167,Residential,LTE,Biz Speed
C06168,Residential,ADSL,Biz Speed
C06169,SME,ADSL,Web Booster
C06170,Enterprise,LTE,Web Booster
C06171,SME,Fiber,Web Booster
C06172,SME,LTE,Web Family
C06173,Enterprise,ADSL,Web Booster
C06174,Enterprise,LTE,Web Booster
C06175,Enterprise,ADSL,Biz Speed
C06176,SME,Fiber,Biz Speed
C06177,Enterprise,ADSL,Web Booster
C06178,SME,Fiber,Web Booster
C06179,Enterprise,ADSL,Web Booster
C06180,Enterprise,ADSL,Biz Speed
C06181,Residential,LTE,Web Booster
C06182,Enterprise,Fiber,Web Booster
C06183,Residential,ADSL,Web Family
C06184,Enterprise,LTE,Web Family
C06185,Residential,Fiber,Web Family
C06186,Residential,LTE,Web Family
C06187,SME,ADSL,Biz Speed
C06188,Residential,ADSL,Web Family
C06189,SME,LTE,Biz Speed
C06190,Residential,Fiber,Biz Speed
C06191,Enterprise,ADSL,Web Family
C06192,Residential,LTE,Web Booster
C06193,Enterprise,ADSL,Web Family
C06194,Enterprise,LTE,Web Booster
C06195,Enterprise,Fiber,Biz Speed
C06196,Residential,Fiber,Web Family
C06197,SME,LTE,Web Family
C06198,Residential,Fiber,Biz Speed
C06199,SME,ADSL,Web Booster
C06200,Enterprise,LTE,Biz Speed
C06201,SME,LTE,Web Booster
C06202,SME,ADSL,Web Family
C06203,Enterprise,ADSL,Web Booster
C06204,Enterprise,Fiber,Biz Speed
C06205,Enterprise,Fiber,Biz Speed
C06206,SME,Fiber,Web Booster
C06207,Residential,Fiber,Web Family
C06208,Residential,LTE,Web Booster
C06209,Residential,Fiber,Web Family
C06210,SME,LTE,Web Booster
C06211,Enterprise,Fiber,Web Booster
C06212,Enterprise,LTE,Web Booster
C06213,SME,LTE,Web Family
C06214,Residential,LTE,Web Family
C06215,Residential,Fiber,Web Booster
C06216,Enterprise,ADSL,Web Booster
C06217,Residential,LTE,Web Booster
C06218,Residential,Fiber,Web Family
C06219,SME,Fiber,Web Family
C06220,Enterprise,ADSL,Web Booster
C06221,Residential,LTE,Web Booster
C06222,SME,LTE,Biz Speed
C06223,SME,LTE,Biz Speed
C06224,SME,LTE,Web Family
C06225,Residential,ADSL,Web Family
C06226,SME,Fiber,Web Family
C06227,Enterprise,LTE,Web Family
C06228,Enterprise,ADSL,Web Family
C06229,Residential,LTE,Web Family
C06230,Residential,Fiber,Biz Speed
C06231,Residential,ADSL,Web Family
C06232,SME,LTE,Web Family
C06233,SME,ADSL,Biz Speed
C06234,Residential,ADSL,Web Booster
C06235,Enterprise,ADSL,Web Booster
C06236,Residential,Fiber,Biz Speed
C06237,Residential,ADSL,Web Booster
C06238,SME,Fiber,Web Booster
C06239,Enterprise,LTE,Web Booster
C06240,Residential,LTE,Web Family
C06241,Residential,ADSL,Biz Speed
C06242,SME,ADSL,Web Family
C06243,SME,LTE,Web Booster
C06244,SME,ADSL,Web Family
C06245,Residential,LTE,Web Booster
C06246,Enterprise,ADSL,Biz Speed
C06247,SME,Fiber,Web Booster
C06248,Enterprise,ADSL,Web Booster
C06249,SME,ADSL,Web Family
C06250,Residential,LTE,Biz Speed
C06251,Residential,Fiber,Web Family
C06252,SME,Fiber,Web Family
C06253,Residential,ADSL,Biz Speed
C06254,Residential,LTE,Web Family
C06255,Enterprise,ADSL,Web Family
C06256,Enterprise,Fiber,Web Booster
C06257,SME,ADSL,Web Booster
C06258,SME,ADSL,Web Booster
C06259,Enterprise,Fiber,Web Booster
C06260,SME,ADSL,Web Booster
C06261,Enterprise,Fiber,Web Booster
C06262,SME,ADSL,Web Family
C06263,Enterprise,Fiber,Web Booster
C06264,SME,Fiber,Web Booster
C06265,SME,LTE,Web Family
C06266,SME,ADSL,Web Booster
C06267,Enterprise,LTE,Biz Speed
C06268,SME,Fiber,Web Family
C06269,Residential,ADSL,Biz Speed
C06270,SME,ADSL,Web Booster
C06271,SME,Fiber,Biz Speed
C06272,Enterprise,Fiber,Biz Speed
C06273,Residential,ADSL,Biz Speed
C06274,SME,Fiber,Biz Speed
C06275,Residential,ADSL,Biz Speed
C06276,Residential,ADSL,Web Family
C06277,SME,ADSL,Biz Speed
C06278,SME,Fiber,Biz Speed
C06279,SME,ADSL,Biz Speed
C06280,SME,ADSL,Biz Speed
C06281,SME,ADSL,Web Booster
C06282,Enterprise,LTE,Web Booster
C06283,Enterprise,ADSL,Web Booster
C06284,Residential,ADSL,Biz Speed
C06285,Enterprise,Fiber,Web Family
C06286,SME,ADSL,Biz Speed
C06287,Enterprise,ADSL,Biz Speed
C06288,Enterprise,Fiber,Web Family
C06289,Enterprise,Fiber,Biz Speed
C06290,SME,Fiber,Web Booster
C06291,SME,ADSL,Biz Speed
C06292,SME,LTE,Web Family
C06293,Residential,LTE,Web Booster
C06294,Residential,ADSL,Web Booster
C06295,Residential,Fiber,Web Family
C06296,Enterprise,Fiber,Web Family
C06297,SME,LTE,Biz Speed
C06298,Residential,ADSL,Web Family
C06299,SME,ADSL,Web Family
C06300,SME,ADSL,Web Family
C06301,Residential,ADSL,Biz Speed
C06302,Enterprise,ADSL,Biz Speed
C06303,Residential,LTE,Web Booster
C06304,SME,LTE,Web Family
C06305,SME,LTE,Biz Speed
C06306,SME,Fiber,Biz Speed
C06307,SME,ADSL,Biz Speed
C06308,Residential,ADSL,Web Booster
C06309,Residential,ADSL,Web Booster
C06310,Enterprise,LTE,Web Family
C06311,Residential,Fiber,Biz Speed
C06312,Enterprise,Fiber,Web Family
C06313,Enterprise,Fiber,Biz Speed
C06314,SME,Fiber,Biz Speed
C06315,SME,Fiber,Web Family
C06316,Residential,ADSL,Web Family
C06317,SME,ADSL,Web Family
C06318,Enterprise,Fiber,Web Family
C06319,Residential,Fiber,Web Booster
C06320,SME,Fiber,Web Booster
C06321,SME,ADSL,Biz Speed
C06322,SME,LTE,Web Family
C06323,Residential,Fiber,Biz Speed
C06324,Enterprise,ADSL,Web Booster
C06325,Residential,LTE,Web Family
C06326,Residential,ADSL,Web Family
C06327,Enterprise,LTE,Web Booster
C06328,Enterprise,LTE,Web Booster
C06329,Residential,ADSL,Web Booster
C06330,SME,Fiber,Biz Speed
C06331,Residential,LTE,Web Booster
C06332,Residential,Fiber,Web Booster
C06333,SME,ADSL,Biz Speed
C06334,Residential,ADSL,Web Family
C06335,Residential,LTE,Web Family
C06336,Enterprise,ADSL,Web Booster
C06337,Enterprise,LTE,Web Booster
C06338,Residential,LTE,Web Family
C06339,SME,LTE,Web Booster
C06340,Enterprise,ADSL,Web Booster
C06341,Residential,ADSL,Biz Speed
C06342,SME,ADSL,Web Family
C06343,Enterprise,LTE,Web Booster
C06344,Residential,LTE,Web Family
C06345,Enterprise,ADSL,Biz Speed
C06346,SME,Fiber,Web Family
C06347,SME,LTE,Web Family
C06348,Enterprise,Fiber,Web Booster
C06349,Enterprise,LTE,Web Booster
C06350,Enterprise,Fiber,Biz Speed
C06351,Residential,Fiber,Biz Speed
C06352,Residential,LTE,Web Booster
C06353,Enterprise,ADSL,Biz Speed
C06354,Enterprise,Fiber,Biz Speed
C06355,Enterprise,ADSL,Web Booster
C06356,Enterprise,LTE,Web Booster
C06357,SME,Fiber,Biz Speed
C06358,SME,ADSL,Biz Speed
C06359,Residential,LTE,Web Family
C06360,Residential,Fiber,Biz Speed
C06361,Enterprise,ADSL,Web Family
C06362,SME,LTE,Biz Speed
C06363,Residential,Fiber,Web Booster
C06364,Enterprise,ADSL,Biz Speed
C06365,Enterprise,LTE,Web Family
C06366,SME,ADSL,Biz Speed
C06367,Enterprise,Fiber,Biz Speed
C06368,SME,LTE,Web Booster
C06369,SME,Fiber,Web Family
C06370,Enterprise,Fiber,Biz Speed
C06371,SME,Fiber,Biz Speed
C06372,SME,Fiber,Web Family
C06373,SME,Fiber,Web Booster
C06374,Residential,Fiber,Web Booster
C06375,Residential,Fiber,Web Family
C06376,Enterprise,ADSL,Web Booster
C06377,Residential,Fiber,Web Booster
C06378,Residential,Fiber,Web Family
C06379,SME,ADSL,Biz Speed
C06380,SME,Fiber,Biz Speed
C06381,SME,LTE,Web Family
C06382,Enterprise,Fiber,Web Family
C06383,Enterprise,ADSL,Web Booster
C06384,Enterprise,Fiber,Web Family
C06385,Enterprise,LTE,Web Family
C06386,Enterprise,ADSL,Web Booster
C06387,SME,LTE,Biz Speed
C06388,Residential,Fiber,Web Booster
C06389,SME,LTE,Web Family
C06390,Residential,LTE,Biz Speed
C06391,Residential,Fiber,Web Booster
C06392,Enterprise,ADSL,Web Family
C06393,SME,LTE,Biz Speed
C06394,Enterprise,LTE,Web Family
C06395,Residential,Fiber,Biz Speed
C06396,Enterprise,ADSL,Web Family
C06397,Residential,Fiber,Web Family
C06398,Residential,LTE,Web Booster
C06399,Residential,ADSL,Web Booster
C06400,Enterprise,ADSL,Web Family
C06401,SME,LTE,Biz Speed
C06402,Residential,Fiber,Web Booster
C06403,SME,ADSL,Web Family
C06404,SME,Fiber,Biz Speed
C06405,Residential,Fiber,Biz Speed
C06406,Residential,Fiber,Web Family
C06407,SME,ADSL,Web Family
C06408,SME,Fiber,Biz Speed
C06409,Residential,Fiber,Web Family
C06410,SME,LTE,Biz Speed
C06411,Enterprise,LTE,Web Family
C06412,Residential,ADSL,Web Family
C06413,Residential,LTE,Web Family
C06414,SME,Fiber,Web Booster
C06415,Residential,Fiber,Web Booster
C06416,Residential,Fiber,Web Booster
C06417,Enterprise,LTE,Web Family
C06418,Residential,Fiber,Biz Speed
C06419,Residential,Fiber,Biz Speed
C06420,Enterprise,ADSL,Web Family
C06421,SME,ADSL,Web Booster
C06422,SME,Fiber,Web Booster
C06423,Residential,ADSL,Web Family
C06424,Enterprise,LTE,Web Booster
C06425,Residential,LTE,Web Booster
C06426,SME,ADSL,Web Booster
C06427,Residential,ADSL,Web Family
C06428,SME,ADSL,Web Booster
C06429,SME,Fiber,Web Booster
C06430,Residential,Fiber,Biz Speed
C06431,SME,ADSL,Biz Speed
C06432,Residential,Fiber,Web Booster
C06433,SME,ADSL,Web Booster
C06434,Enterprise,LTE,Web Booster
C06435,SME,ADSL,Biz Speed
C06436,Residential,LTE,Web Booster
C06437,Residential,ADSL,Biz Speed
C06438,SME,LTE,Web Family
C06439,Residential,LTE,Biz Speed
C06440,Residential,ADSL,Web Family
C06441,SME,LTE,Biz Speed
C06442,Residential,Fiber,Web Booster
C06443,Residential,LTE,Biz Speed
C06444,Enterprise,Fiber,Web Booster
C06445,Enterprise,ADSL,Web Family
C06446,SME,Fiber,Web Booster
C06447,Enterprise,LTE,Web Booster
C06448,Residential,ADSL,Web Family
C06449,Enterprise,ADSL,Web Booster
C06450,SME,Fiber,Web Family
C06451,Residential,Fiber,Web Family
C06452,Residential,ADSL,Biz Speed
C06453,Enterprise,Fiber,Web Family
C06454,SME,Fiber,Web Family
C06455,Residential,Fiber,Web Family
C06456,Enterprise,LTE,Web Family
C06457,Enterprise,ADSL,Web Booster
C06458,Enterprise,Fiber,Biz Speed
C06459,Enterprise,ADSL,Biz Speed
C06460,Enterprise,Fiber,Web Family
C06461,SME,Fiber,Web Family
C06462,Residential,LTE,Biz Speed
C06463,Enterprise,Fiber,Web Family
C06464,SME,Fiber,Web Booster
C06465,Enterprise,ADSL,Biz Speed
C06466,Enterprise,ADSL,Web Booster
C06467,Enterprise,Fiber,Web Booster
C06468,Enterprise,LTE,Web Booster
C06469,Residential,ADSL,Web Booster
C06470,SME,LTE,Web Family
C06471,Residential,ADSL,Biz Speed
C06472,Enterprise,Fiber,Web Family
C06473,Residential,ADSL,Web Family
C06474,Residential,Fiber,Biz Speed
C06475,SME,Fiber,Biz Speed
C06476,Enterprise,LTE,Biz Speed
C06477,Enterprise,Fiber,Biz Speed
C06478,SME,Fiber,Web Family
C06479,SME,ADSL,Web Family
C06480,Residential,LTE,Web Family
C06481,SME,Fiber,Web Booster
C06482,Enterprise,ADSL,Biz Speed
C06483,Enterprise,ADSL,Web Booster
C06484,SME,LTE,Web Family
C06485,Residential,Fiber,Biz Speed
C06486,Enterprise,ADSL,Web Family
C06487,Enterprise,ADSL,Web Family
C06488,Residential,Fiber,Biz Speed
C06489,SME,ADSL,Web Booster
C06490,Residential,LTE,Web Family
C06491,SME,ADSL,Web Family
C06492,Enterprise,LTE,Web Family
C06493,SME,ADSL,Web Family
C06494,Residential,Fiber,Web Booster
C06495,Residential,Fiber,Web Booster
C06496,Enterprise,Fiber,Biz Speed
C06497,Enterprise,ADSL,Web Booster
C06498,Residential,ADSL,Web Booster
C06499,Enterprise,Fiber,Biz Speed
C06500,SME,ADSL,Web Family
C06501,SME,Fiber,Web Family
C06502,Enterprise,Fiber,Web Family
C06503,SME,LTE,Web Family
C06504,Residential,ADSL,Web Family
C06505,SME,Fiber,Web Family
C06506,Enterprise,Fiber,Web Family
C06507,Residential,ADSL,Biz Speed
C06508,Enterprise,LTE,Web Family
C06509,Residential,Fiber,Biz Speed
C06510,Enterprise,ADSL,Web Booster
C06511,Enterprise,LTE,Web Booster
C06512,Residential,ADSL,Web Booster
C06513,Enterprise,Fiber,Web Booster
C06514,Residential,LTE,Web Booster
C06515,Enterprise,LTE,Web Booster
C06516,Residential,Fiber,Biz Speed
C06517,Residential,Fiber,Web Booster
C06518,Enterprise,ADSL,Web Family
C06519,SME,LTE,Web Family
C06520,SME,ADSL,Web Booster
C06521,SME,ADSL,Web Family
C06522,SME,Fiber,Biz Speed
C06523,SME,ADSL,Web Family
C06524,Residential,ADSL,Web Booster
C06525,Enterprise,LTE,Web Booster
C06526,SME,Fiber,Web Family
C06527,Residential,ADSL,Web Booster
C06528,SME,ADSL,Web Booster
C06529,SME,ADSL,Web Booster
C06530,Residential,ADSL,Web Family
C06531,Enterprise,Fiber,Web Booster
C06532,SME,Fiber,Biz Speed
C06533,Enterprise,LTE,Web Booster
C06534,Residential,Fiber,Web Booster
C06535,Residential,LTE,Web Family
C06536,SME,ADSL,Web Booster
C06537,Residential,Fiber,Web Family
C06538,Enterprise,LTE,Web Booster
C06539,SME,Fiber,Web Booster
C06540,Residential,Fiber,Web Booster
C06541,SME,LTE,Biz Speed
C06542,Residential,Fiber,Biz Speed
C06543,SME,Fiber,Biz Speed
C06544,Enterprise,Fiber,Web Booster
C06545,Enterprise,LTE,Web Family
C06546,SME,ADSL,Biz Speed
C06547,Enterprise,ADSL,Web Family
C06548,Enterprise,ADSL,Web Booster
C06549,SME,ADSL,Web Family
C06550,SME,LTE,Web Family
C06551,Residential,Fiber,Web Family
C06552,Residential,LTE,Web Booster
C06553,Enterprise,LTE,Web Family
C06554,Residential,Fiber,Web Family
C06555,SME,Fiber,Web Booster
C06556,Enterprise,LTE,Web Family
C06557,Residential,LTE,Web Family
C06558,Enterprise,ADSL,Biz Speed
C06559,Residential,Fiber,Web Family
C06560,Enterprise,Fiber,Web Family
C06561,Enterprise,ADSL,Biz Speed
C06562,Residential,Fiber,Web Family
C06563,Residential,Fiber,Web Family
C06564,SME,Fiber,Web Family
C06565,Enterprise,LTE,Biz Speed
C06566,SME,ADSL,Biz Speed
C06567,Enterprise,Fiber,Biz Speed
C06568,Residential,LTE,Biz Speed
C06569,Residential,ADSL,Biz Speed
C06570,Enterprise,ADSL,Web Booster
C06571,Enterprise,LTE,Biz Speed
C06572,SME,Fiber,Biz Speed
C06573,Residential,LTE,Web Booster
C06574,Enterprise,Fiber,Biz Speed
C06575,SME,Fiber,Biz Speed
C06576,SME,ADSL,Biz Speed
C06577,Residential,LTE,Biz Speed
C06578,Enterprise,Fiber,Web Booster
C06579,SME,Fiber,Web Booster
C06580,Enterprise,ADSL,Web Family
C06581,SME,Fiber,Web Family
C06582,Enterprise,ADSL,Biz Speed
C06583,SME,LTE,Web Booster
C06584,Residential,ADSL,Web Family
C06585,Residential,Fiber,Web Booster
C06586,Enterprise,Fiber,Web Family
C06587,SME,ADSL,Web Family
C06588,Enterprise,ADSL,Web Booster
C06589,SME,ADSL,Web Family
C06590,Enterprise,LTE,Biz Speed
C06591,Residential,Fiber,Web Family
C06592,Residential,Fiber,Web Family
C06593,Residential,LTE,Biz Speed
C06594,SME,ADSL,Web Booster
C06595,SME,LTE,Biz Speed
C06596,SME,LTE,Biz Speed
C06597,Residential,LTE,Biz Speed
C06598,Residential,ADSL,Web Booster
C06599,Residential,Fiber,Web Booster
C06600,Residential,LTE,Web Booster
C06601,SME,Fiber,Web Family
C06602,Residential,Fiber,Web Family
C06603,Enterprise,ADSL,Web Booster
C06604,Residential,LTE,Web Family
C06605,Enterprise,Fiber,Biz Speed
C06606,Residential,ADSL,Web Family
C06607,SME,ADSL,Web Family
C06608,Residential,LTE,Web Family
C06609,Enterprise,Fiber,Web Family
C06610,Residential,Fiber,Web Family
C06611,Residential,LTE,Web Booster
C06612,Enterprise,ADSL,Web Booster
C06613,SME,ADSL,Web Family
C06614,Enterprise,LTE,Web Family
C06615,Residential,Fiber,Web Family
C06616,Residential,LTE,Web Booster
C06617,Residential,LTE,Biz Speed
C06618,Enterprise,LTE,Web Family
C06619,Residential,ADSL,Web Booster
C06620,Residential,Fiber,Biz Speed
C06621,SME,LTE,Web Booster
C06622,Residential,Fiber,Biz Speed
C06623,Enterprise,LTE,Biz Speed
C06624,SME,LTE,Web Family
C06625,Enterprise,Fiber,Biz Speed
C06626,SME,Fiber,Web Family
C06627,Residential,Fiber,Web Booster
C06628,SME,ADSL,Web Booster
C06629,SME,LTE,Web Booster
C06630,SME,Fiber,Web Booster
C06631,SME,Fiber,Web Family
C06632,SME,Fiber,Web Booster
C06633,SME,ADSL,Web Booster
C06634,Enterprise,Fiber,Web Booster
C06635,Residential,Fiber,Web Family
C06636,SME,Fiber,Biz Speed
C06637,Residential,LTE,Web Booster
C06638,SME,ADSL,Web Booster
C06639,Enterprise,Fiber,Web Booster
C06640,Enterprise,Fiber,Web Booster
C06641,SME,ADSL,Biz Speed
C06642,Residential,LTE,Web Family
C06643,SME,Fiber,Web Booster
C06644,SME,Fiber,Web Family
C06645,SME,ADSL,Web Family
C06646,Residential,ADSL,Web Family
C06647,Residential,ADSL,Biz Speed
C06648,SME,LTE,Web Booster
C06649,SME,ADSL,Web Family
C06650,Enterprise,LTE,Biz Speed
C06651,SME,ADSL,Web Family
C06652,Enterprise,ADSL,Web Family
C06653,Enterprise,ADSL,Web Booster
C06654,Residential,Fiber,Web Family
C06655,SME,Fiber,Web Booster
C06656,Residential,ADSL,Biz Speed
C06657,Enterprise,Fiber,Web Booster
C06658,SME,ADSL,Web Family
C06659,SME,ADSL,Web Booster
C06660,SME,Fiber,Web Booster
C06661,Enterprise,ADSL,Web Booster
C06662,Residential,ADSL,Web Booster
C06663,SME,LTE,Biz Speed
C06664,SME,Fiber,Web Booster
C06665,Enterprise,ADSL,Web Family
C06666,Enterprise,LTE,Web Family
C06667,SME,Fiber,Web Booster
C06668,Residential,LTE,Biz Speed
C06669,Residential,ADSL,Web Family
C06670,Enterprise,Fiber,Web Booster
C06671,Residential,LTE,Web Booster
C06672,SME,LTE,Biz Speed
C06673,SME,Fiber,Web Booster
C06674,SME,Fiber,Biz Speed
C06675,SME,Fiber,Web Booster
C06676,Enterprise,LTE,Biz Speed
C06677,Residential,LTE,Web Family
C06678,SME,ADSL,Web Family
C06679,Residential,Fiber,Web Family
C06680,Enterprise,LTE,Biz Speed
C06681,Residential,Fiber,Web Booster
C06682,SME,LTE,Web Booster
C06683,Residential,LTE,Biz Speed
C06684,Residential,LTE,Web Booster
C06685,Residential,Fiber,Web Family
C06686,Residential,LTE,Web Family
C06687,Enterprise,Fiber,Web Family
C06688,Residential,Fiber,Web Family
C06689,SME,Fiber,Web Booster
C06690,SME,ADSL,Web Family
C06691,SME,Fiber,Biz Speed
C06692,SME,LTE,Web Family
C06693,Residential,ADSL,Web Family
C06694,Residential,ADSL,Web Booster
C06695,SME,LTE,Web Family
C06696,SME,ADSL,Biz Speed
C06697,Enterprise,LTE,Web Family
C06698,Residential,ADSL,Biz Speed
C06699,SME,ADSL,Web Family
C06700,SME,Fiber,Biz Speed
C06701,Residential,ADSL,Web Family
C06702,Residential,LTE,Biz Speed
C06703,Enterprise,LTE,Web Family
C06704,SME,ADSL,Web Booster
C06705,Enterprise,LTE,Web Family
C06706,Residential,ADSL,Biz Speed
C06707,Residential,ADSL,Web Booster
C06708,Enterprise,ADSL,Biz Speed
C06709,SME,ADSL,Web Family
C06710,Enterprise,LTE,Web Booster
C06711,SME,ADSL,Web Booster
C06712,SME,Fiber,Web Family
C06713,Residential,ADSL,Biz Speed
C06714,Enterprise,Fiber,Biz Speed
C06715,Residential,Fiber,Web Booster
C06716,SME,Fiber,Biz Speed
C06717,SME,ADSL,Biz Speed
C06718,Enterprise,Fiber,Web Family
C06719,SME,Fiber,Web Family
C06720,Residential,Fiber,Web Family
C06721,Residential,Fiber,Web Booster
C06722,SME,LTE,Web Family
C06723,Enterprise,Fiber,Web Booster
C06724,Enterprise,ADSL,Web Family
C06725,SME,ADSL,Biz Speed
C06726,Enterprise,LTE,Biz Speed
C06727,Enterprise,Fiber,Web Family
C06728,Residential,LTE,Web Family
C06729,Residential,ADSL,Web Booster
C06730,Enterprise,Fiber,Web Booster
C06731,Enterprise,ADSL,Biz Speed
C06732,Residential,LTE,Web Booster
C06733,Enterprise,Fiber,Web Booster
C06734,Enterprise,LTE,Web Booster
C06735,Enterprise,ADSL,Biz Speed
C06736,Residential,Fiber,Web Family
C06737,SME,LTE,Web Family
C06738,SME,LTE,Biz Speed
C06739,Residential,Fiber,Web Family
C06740,Enterprise,LTE,Biz Speed
C06741,Residential,LTE,Web Booster
C06742,Residential,ADSL,Web Family
C06743,SME,Fiber,Biz Speed
C06744,SME,LTE,Web Family
C06745,Residential,LTE,Web Booster
C06746,Residential,ADSL,Biz Speed
C06747,SME,LTE,Web Booster
C06748,Residential,ADSL,Web Family
C06749,SME,Fiber,Web Booster
C06750,Residential,Fiber,Web Family
C06751,Residential,ADSL,Biz Speed
C06752,SME,LTE,Web Family
C06753,Residential,Fiber,Biz Speed
C06754,SME,ADSL,Web Family
C06755,SME,Fiber,Web Booster
C06756,Residential,ADSL,Web Family
C06757,Enterprise,Fiber,Web Booster
C06758,Residential,ADSL,Web Booster
C06759,Enterprise,LTE,Biz Speed
C06760,SME,ADSL,Web Family
C06761,Enterprise,LTE,Web Family
C06762,Residential,ADSL,Biz Speed
C06763,SME,ADSL,Biz Speed
C06764,Enterprise,Fiber,Biz Speed
C06765,Residential,LTE,Biz Speed
C06766,Residential,LTE,Web Booster
C06767,Enterprise,Fiber,Web Family
C06768,Residential,ADSL,Biz Speed
C06769,SME,LTE,Web Family
C06770,Enterprise,Fiber,Web Family
C06771,Enterprise,ADSL,Biz Speed
C06772,SME,LTE,Web Family
C06773,SME,ADSL,Biz Speed
C06774,SME,ADSL,Biz Speed
C06775,Enterprise,ADSL,Web Family
C06776,SME,ADSL,Web Booster
C06777,SME,Fiber,Web Booster
C06778,Residential,ADSL,Biz Speed
C06779,SME,Fiber,Biz Speed
C06780,Residential,LTE,Web Booster
C06781,Enterprise,LTE,Biz Speed
C06782,Enterprise,LTE,Web Family
C06783,Residential,Fiber,Web Booster
C06784,Residential,ADSL,Web Family
C06785,Enterprise,ADSL,Web Booster
C06786,SME,LTE,Web Family
C06787,Residential,ADSL,Web Booster
C06788,Enterprise,Fiber,Web Family
C06789,Residential,Fiber,Web Family
C06790,Residential,LTE,Biz Speed
C06791,Enterprise,Fiber,Web Family
C06792,Enterprise,LTE,Web Booster
C06793,Enterprise,LTE,Web Family
C06794,SME,Fiber,Web Booster
C06795,SME,Fiber,Biz Speed
C06796,Residential,Fiber,Web Family
C06797,SME,ADSL,Web Family
C06798,Residential,ADSL,Web Family
C06799,Residential,ADSL,Web Family
C06800,Residential,ADSL,Biz Speed
C06801,Residential,LTE,Web Booster
C06802,Enterprise,Fiber,Web Booster
C06803,Enterprise,Fiber,Web Booster
C06804,Enterprise,Fiber,Web Booster
C06805,Residential,LTE,Web Booster
C06806,Residential,ADSL,Biz Speed
C06807,Residential,LTE,Web Booster
C06808,SME,LTE,Web Family
C06809,Enterprise,LTE,Web Family
C06810,SME,Fiber,Web Booster
C06811,SME,LTE,Web Family
C06812,SME,ADSL,Web Family
C06813,Enterprise,Fiber,Web Family
C06814,Residential,LTE,Web Family
C06815,Enterprise,LTE,Web Booster
C06816,SME,LTE,Web Family
C06817,Enterprise,Fiber,Web Booster
C06818,SME,Fiber,Biz Speed
C06819,Residential,LTE,Web Booster
C06820,SME,ADSL,Web Booster
C06821,SME,Fiber,Web Booster
C06822,Residential,LTE,Biz Speed
C06823,Enterprise,Fiber,Web Booster
C06824,Residential,LTE,Web Booster
C06825,Residential,ADSL,Biz Speed
C06826,Residential,LTE,Biz Speed
C06827,Residential,Fiber,Web Booster
C06828,Residential,Fiber,Web Booster
C06829,SME,LTE,Web Booster
C06830,Residential,LTE,Web Family
C06831,SME,LTE,Web Booster
C06832,Enterprise,LTE,Biz Speed
C06833,Enterprise,Fiber,Web Family
C06834,SME,ADSL,Web Booster
C06835,SME,Fiber,Web Booster
C06836,Residential,LTE,Biz Speed
C06837,Residential,ADSL,Web Booster
C06838,SME,Fiber,Biz Speed
C06839,Residential,ADSL,Web Booster
C06840,SME,ADSL,Web Booster
C06841,SME,Fiber,Web Family
C06842,SME,Fiber,Web Booster
C06843,Enterprise,Fiber,Web Family
C06844,Residential,LTE,Biz Speed
C06845,Enterprise,LTE,Web Family
C06846,Enterprise,ADSL,Web Booster
C06847,SME,Fiber,Web Booster
C06848,Enterprise,LTE,Web Booster
C06849,Residential,LTE,Biz Speed
C06850,Enterprise,LTE,Biz Speed
C06851,SME,LTE,Web Booster
C06852,SME,Fiber,Biz Speed
C06853,Residential,LTE,Biz Speed
C06854,Residential,LTE,Biz Speed
C06855,Enterprise,Fiber,Biz Speed
C06856,Enterprise,ADSL,Biz Speed
C06857,Residential,Fiber,Web Booster
C06858,Enterprise,Fiber,Biz Speed
C06859,Residential,ADSL,Web Booster
C06860,Enterprise,LTE,Biz Speed
C06861,Enterprise,LTE,Web Family
C06862,Residential,LTE,Web Booster
C06863,SME,Fiber,Web Booster
C06864,Residential,ADSL,Web Family
C06865,SME,ADSL,Biz Speed
C06866,Residential,LTE,Web Booster
C06867,Enterprise,Fiber,Web Family
C06868,SME,ADSL,Web Family
C06869,Residential,Fiber,Biz Speed
C06870,SME,LTE,Biz Speed
C06871,Residential,ADSL,Web Family
C06872,SME,ADSL,Biz Speed
C06873,SME,Fiber,Biz Speed
C06874,Enterprise,ADSL,Web Family
C06875,Residential,ADSL,Web Booster
C06876,Enterprise,Fiber,Biz Speed
C06877,Enterprise,ADSL,Web Booster
C06878,Residential,ADSL,Web Booster
C06879,Enterprise,LTE,Web Family
C06880,Enterprise,LTE,Biz Speed
C06881,Residential,ADSL,Web Booster
C06882,Enterprise,ADSL,Web Booster
C06883,Residential,ADSL,Web Booster
C06884,SME,Fiber,Web Booster
C06885,Residential,Fiber,Web Family
C06886,Residential,ADSL,Biz Speed
C06887,Residential,LTE,Web Family
C06888,Enterprise,ADSL,Web Family
C06889,Enterprise,ADSL,Web Family
C06890,Enterprise,ADSL,Web Family
C06891,Enterprise,Fiber,Web Booster
C06892,Residential,Fiber,Web Booster
C06893,Enterprise,Fiber,Biz Speed
C06894,SME,ADSL,Web Booster
C06895,Enterprise,LTE,Web Family
C06896,Enterprise,ADSL,Biz Speed
C06897,Enterprise,Fiber,Web Family
C06898,Residential,LTE,Web Booster
C06899,Enterprise,ADSL,Biz Speed
C06900,SME,LTE,Biz Speed
C06901,SME,LTE,Web Family
C06902,Enterprise,Fiber,Web Family
C06903,Enterprise,LTE,Web Family
C06904,SME,ADSL,Biz Speed
C06905,SME,Fiber,Biz Speed
C06906,Enterprise,LTE,Biz Speed
C06907,Residential,ADSL,Web Family
C06908,Enterprise,ADSL,Biz Speed
C06909,Enterprise,ADSL,Web Family
C06910,Enterprise,Fiber,Web Booster
C06911,Enterprise,LTE,Biz Speed
C06912,Residential,LTE,Biz Speed
C06913,Residential,Fiber,Web Booster
C06914,SME,ADSL,Biz Speed
C06915,Enterprise,ADSL,Web Family
C06916,Residential,LTE,Web Family
C06917,Residential,ADSL,Web Family
C06918,SME,Fiber,Web Booster
C06919,Residential,Fiber,Biz Speed
C06920,Residential,ADSL,Biz Speed
C06921,Residential,LTE,Web Family
C06922,Enterprise,Fiber,Biz Speed
C06923,Enterprise,Fiber,Biz Speed
C06924,SME,LTE,Biz Speed
C06925,Residential,ADSL,Web Family
C06926,Enterprise,ADSL,Biz Speed
C06927,SME,ADSL,Web Family
C06928,SME,ADSL,Web Booster
C06929,SME,ADSL,Web Family
C06930,Enterprise,ADSL,Web Family
C06931,SME,Fiber,Web Family
C06932,SME,LTE,Web Family
C06933,Residential,ADSL,Web Family
C06934,Residential,ADSL,Web Family
C06935,Enterprise,Fiber,Web Booster
C06936,SME,LTE,Web Booster
C06937,Enterprise,LTE,Biz Speed
C06938,Enterprise,LTE,Web Booster
C06939,Enterprise,LTE,Web Family
C06940,Residential,ADSL,Biz Speed
C06941,Enterprise,ADSL,Web Family
C06942,Enterprise,LTE,Web Family
C06943,Residential,ADSL,Web Family
C06944,Residential,Fiber,Web Booster
C06945,Residential,Fiber,Biz Speed
C06946,Enterprise,LTE,Web Booster
C06947,Enterprise,Fiber,Web Family
C06948,Enterprise,LTE,Web Family
C06949,SME,Fiber,Web Booster
C06950,Enterprise,LTE,Web Family
C06951,Residential,ADSL,Web Booster
C06952,Residential,ADSL,Biz Speed
C06953,SME,LTE,Biz Speed
C06954,Residential,LTE,Biz Speed
C06955,Enterprise,ADSL,Web Family
C06956,Enterprise,ADSL,Web Booster
C06957,Residential,ADSL,Web Booster
C06958,Enterprise,LTE,Web Booster
C06959,Residential,Fiber,Web Family
C06960,SME,LTE,Web Booster
C06961,Enterprise,ADSL,Web Booster
C06962,Residential,Fiber,Web Booster
C06963,Enterprise,LTE,Biz Speed
C06964,Residential,ADSL,Web Family
C06965,Residential,ADSL,Biz Speed
C06966,Residential,LTE,Biz Speed
C06967,Residential,LTE,Web Booster
C06968,SME,ADSL,Biz Speed
C06969,Residential,LTE,Web Booster
C06970,Enterprise,ADSL,Biz Speed
C06971,Enterprise,ADSL,Biz Speed
C06972,Enterprise,ADSL,Web Family
C06973,Enterprise,ADSL,Web Booster
C06974,SME,ADSL,Biz Speed
C06975,SME,LTE,Biz Speed
C06976,SME,Fiber,Web Booster
C06977,SME,ADSL,Web Family
C06978,SME,ADSL,Web Family
C06979,Residential,ADSL,Biz Speed
C06980,Enterprise,Fiber,Web Family
C06981,SME,Fiber,Web Family
C06982,Residential,LTE,Web Booster
C06983,Enterprise,ADSL,Web Booster
C06984,Residential,ADSL,Biz Speed
C06985,Residential,LTE,Biz Speed
C06986,Residential,Fiber,Web Booster
C06987,Enterprise,Fiber,Web Family
C06988,Residential,Fiber,Biz Speed
C06989,SME,LTE,Web Family
C06990,Enterprise,LTE,Web Family
C06991,Enterprise,ADSL,Web Booster
C06992,Enterprise,LTE,Web Booster
C06993,Enterprise,ADSL,Web Family
C06994,Residential,LTE,Biz Speed
C06995,Enterprise,Fiber,Web Family
C06996,Residential,LTE,Web Family
C06997,SME,LTE,Web Booster
C06998,Residential,ADSL,Web Booster
C06999,Enterprise,LTE,Web Family
C07000,Enterprise,ADSL,Web Family
C07001,SME,LTE,Biz Speed
C07002,Residential,Fiber,Web Booster
C07003,Residential,ADSL,Web Family
C07004,SME,LTE,Web Family
C07005,SME,ADSL,Web Booster
C07006,Residential,ADSL,Biz Speed
C07007,SME,Fiber,Web Booster
C07008,SME,LTE,Web Booster
C07009,Residential,LTE,Web Family
C07010,Enterprise,Fiber,Web Booster
C07011,SME,LTE,Web Family
C07012,SME,LTE,Web Booster
C07013,Residential,Fiber,Web Booster
C07014,SME,Fiber,Web Family
C07015,Enterprise,ADSL,Web Family
C07016,Residential,ADSL,Web Booster
C07017,Enterprise,ADSL,Biz Speed
C07018,Enterprise,Fiber,Biz Speed
C07019,Residential,LTE,Web Family
C07020,Enterprise,Fiber,Web Booster
C07021,SME,LTE,Web Booster
C07022,Enterprise,Fiber,Web Booster
C07023,Residential,LTE,Biz Speed
C07024,SME,Fiber,Web Family
C07025,Residential,Fiber,Biz Speed
C07026,SME,LTE,Web Family
C07027,Enterprise,Fiber,Web Booster
C07028,Enterprise,ADSL,Web Booster
C07029,Enterprise,Fiber,Biz Speed
C07030,Enterprise,ADSL,Web Booster
C07031,SME,LTE,Web Family
C07032,Residential,ADSL,Web Family
C07033,SME,ADSL,Web Family
C07034,Enterprise,ADSL,Web Family
C07035,Residential,LTE,Web Booster
C07036,Enterprise,ADSL,Web Booster
C07037,Residential,ADSL,Biz Speed
C07038,SME,Fiber,Biz Speed
C07039,SME,Fiber,Web Family
C07040,Enterprise,Fiber,Web Family
C07041,SME,LTE,Web Family
C07042,Residential,Fiber,Biz Speed
C07043,Enterprise,ADSL,Web Family
C07044,Enterprise,Fiber,Biz Speed
C07045,SME,LTE,Web Family
C07046,Enterprise,ADSL,Web Family
C07047,SME,ADSL,Biz Speed
C07048,SME,ADSL,Biz Speed
C07049,Enterprise,LTE,Biz Speed
C07050,Residential,LTE,Web Booster
C07051,Enterprise,LTE,Web Family
C07052,SME,LTE,Biz Speed
C07053,Enterprise,Fiber,Web Family
C07054,SME,ADSL,Web Booster
C07055,Residential,Fiber,Biz Speed
C07056,SME,LTE,Web Family
C07057,Enterprise,Fiber,Web Booster
C07058,Enterprise,ADSL,Biz Speed
C07059,Residential,ADSL,Web Family
C07060,Enterprise,ADSL,Web Family
C07061,Enterprise,Fiber,Biz Speed
C07062,Enterprise,ADSL,Web Booster
C07063,Residential,Fiber,Web Family
C07064,Residential,LTE,Web Booster
C07065,SME,ADSL,Web Booster
C07066,Enterprise,Fiber,Web Booster
C07067,SME,Fiber,Web Family
C07068,Residential,ADSL,Biz Speed
C07069,SME,LTE,Biz Speed
C07070,Residential,Fiber,Web Family
C07071,Enterprise,LTE,Biz Speed
C07072,SME,LTE,Web Booster
C07073,SME,LTE,Biz Speed
C07074,Residential,ADSL,Biz Speed
C07075,Residential,ADSL,Web Family
C07076,Residential,LTE,Web Booster
C07077,Enterprise,ADSL,Web Booster
C07078,Enterprise,LTE,Web Booster
C07079,SME,LTE,Web Booster
C07080,SME,Fiber,Web Family
C07081,Enterprise,LTE,Web Family
C07082,Residential,Fiber,Biz Speed
C07083,Enterprise,ADSL,Web Booster
C07084,SME,LTE,Biz Speed
C07085,Residential,Fiber,Web Booster
C07086,Residential,LTE,Web Family
C07087,Residential,LTE,Web Booster
C07088,Residential,LTE,Web Family
C07089,Enterprise,ADSL,Web Family
C07090,SME,LTE,Web Family
C07091,Enterprise,Fiber,Web Family
C07092,Enterprise,Fiber,Biz Speed
C07093,Residential,Fiber,Biz Speed
C07094,Residential,Fiber,Web Booster
C07095,Enterprise,LTE,Web Booster
C07096,Residential,LTE,Web Booster
C07097,Enterprise,ADSL,Web Booster
C07098,Residential,ADSL,Biz Speed
C07099,SME,Fiber,Web Family
C07100,Enterprise,LTE,Web Family
C07101,SME,LTE,Web Booster
C07102,Enterprise,LTE,Web Booster
C07103,Enterprise,ADSL,Web Family
C07104,SME,ADSL,Biz Speed
C07105,SME,ADSL,Web Booster
C07106,Residential,ADSL,Web Family
C07107,Residential,ADSL,Biz Speed
C07108,Enterprise,ADSL,Web Booster
C07109,SME,ADSL,Web Family
C07110,SME,LTE,Web Booster
C07111,Residential,Fiber,Biz Speed
C07112,SME,Fiber,Web Family
C07113,SME,Fiber,Web Booster
C07114,SME,Fiber,Web Family
C07115,SME,Fiber,Web Booster
C07116,SME,ADSL,Web Booster
C07117,Residential,LTE,Web Booster
C07118,Residential,LTE,Web Booster
C07119,Residential,LTE,Web Family
C07120,SME,Fiber,Web Family
C07121,Residential,ADSL,Web Family
C07122,Residential,ADSL,Biz Speed
C07123,Residential,LTE,Web Booster
C07124,SME,LTE,Web Family
C07125,SME,ADSL,Web Family
C07126,Residential,LTE,Web Booster
C07127,Residential,ADSL,Web Booster
C07128,Enterprise,LTE,Web Family
C07129,SME,ADSL,Biz Speed
C07130,Residential,ADSL,Web Booster
C07131,SME,ADSL,Web Family
C07132,SME,Fiber,Biz Speed
C07133,Residential,ADSL,Biz Speed
C07134,Enterprise,LTE,Web Booster
C07135,SME,ADSL,Web Booster
C07136,SME,LTE,Web Booster
C07137,Enterprise,Fiber,Web Family
C07138,Enterprise,ADSL,Web Booster
C07139,Enterprise,ADSL,Web Booster
C07140,Residential,LTE,Biz Speed
C07141,Residential,Fiber,Biz Speed
C07142,SME,ADSL,Web Family
C07143,Residential,Fiber,Biz Speed
C07144,Residential,Fiber,Web Family
C07145,SME,LTE,Web Family
C07146,Residential,ADSL,Biz Speed
C07147,SME,Fiber,Biz Speed
C07148,Enterprise,LTE,Web Booster
C07149,Residential,ADSL,Web Family
C07150,Residential,LTE,Web Booster
C07151,Enterprise,ADSL,Web Family
C07152,SME,LTE,Web Family
C07153,Enterprise,Fiber,Web Family
C07154,SME,ADSL,Web Family
C07155,Residential,ADSL,Web Family
C07156,Residential,LTE,Biz Speed
C07157,Residential,LTE,Biz Speed
C07158,Residential,ADSL,Web Booster
C07159,Residential,LTE,Web Booster
C07160,Enterprise,ADSL,Biz Speed
C07161,Enterprise,Fiber,Biz Speed
C07162,SME,Fiber,Web Booster
C07163,Enterprise,LTE,Web Family
C07164,Residential,LTE,Web Booster
C07165,Enterprise,ADSL,Biz Speed
C07166,Enterprise,Fiber,Web Family
C07167,Enterprise,LTE,Web Booster
C07168,Residential,ADSL,Web Family
C07169,SME,ADSL,Biz Speed
C07170,Residential,LTE,Web Booster
C07171,Residential,Fiber,Web Family
C07172,Enterprise,ADSL,Biz Speed
C07173,SME,LTE,Web Booster
C07174,Residential,LTE,Web Family
C07175,SME,Fiber,Web Family
C07176,Residential,LTE,Biz Speed
C07177,Enterprise,ADSL,Web Booster
C07178,SME,Fiber,Biz Speed
C07179,Enterprise,LTE,Biz Speed
C07180,Residential,Fiber,Web Booster
C07181,Enterprise,ADSL,Web Booster
C07182,SME,ADSL,Web Family
C07183,SME,Fiber,Web Booster
C07184,Residential,LTE,Web Family
C07185,Residential,Fiber,Biz Speed
C07186,Enterprise,ADSL,Web Booster
C07187,SME,LTE,Web Booster
C07188,SME,ADSL,Web Booster
C07189,Enterprise,LTE,Biz Speed
C07190,Residential,ADSL,Web Family
C07191,Enterprise,ADSL,Biz Speed
C07192,Enterprise,ADSL,Biz Speed
C07193,Enterprise,Fiber,Web Booster
C07194,Enterprise,ADSL,Web Booster
C07195,Enterprise,ADSL,Web Booster
C07196,Residential,LTE,Biz Speed
C07197,Enterprise,Fiber,Web Family
C07198,SME,LTE,Web Family
C07199,Enterprise,Fiber,Biz Speed
C07200,SME,Fiber,Web Family
C07201,Enterprise,ADSL,Biz Speed
C07202,Enterprise,ADSL,Web Family
C07203,Residential,LTE,Biz Speed
C07204,SME,Fiber,Web Booster
C07205,Enterprise,Fiber,Web Family
C07206,SME,ADSL,Biz Speed
C07207,Residential,Fiber,Web Family
C07208,Enterprise,ADSL,Web Booster
C07209,SME,Fiber,Biz Speed
C07210,SME,ADSL,Web Booster
C07211,Enterprise,LTE,Web Family
C07212,Enterprise,ADSL,Web Family
C07213,Residential,Fiber,Web Booster
C07214,Enterprise,ADSL,Web Booster
C07215,Enterprise,ADSL,Web Booster
C07216,Enterprise,Fiber,Web Booster
C07217,Enterprise,Fiber,Biz Speed
C07218,Enterprise,ADSL,Web Booster
C07219,SME,ADSL,Biz Speed
C07220,SME,LTE,Web Family
C07221,SME,ADSL,Web Booster
C07222,Enterprise,LTE,Biz Speed
C07223,SME,Fiber,Biz Speed
C07224,Residential,ADSL,Web Booster
C07225,SME,Fiber,Web Family
C07226,Residential,ADSL,Web Family
C07227,SME,LTE,Web Family
C07228,SME,LTE,Web Booster
C07229,Enterprise,LTE,Biz Speed
C07230,SME,LTE,Web Booster
C07231,Enterprise,LTE,Web Booster
C07232,SME,LTE,Web Booster
C07233,Residential,LTE,Web Booster
C07234,Residential,Fiber,Web Family
C07235,SME,LTE,Biz Speed
C07236,SME,ADSL,Web Family
C07237,Residential,LTE,Web Family
C07238,SME,LTE,Web Booster
C07239,Residential,LTE,Web Booster
C07240,Enterprise,ADSL,Biz Speed
C07241,SME,Fiber,Web Family
C07242,Residential,Fiber,Biz Speed
C07243,Enterprise,LTE,Web Family
C07244,Residential,LTE,Web Booster
C07245,Enterprise,Fiber,Web Booster
C07246,Residential,LTE,Web Family
C07247,Enterprise,LTE,Web Booster
C07248,Residential,ADSL,Biz Speed
C07249,Residential,Fiber,Biz Speed
C07250,Residential,ADSL,Biz Speed
C07251,Residential,Fiber,Biz Speed
C07252,SME,ADSL,Web Family
C07253,Enterprise,ADSL,Web Family
C07254,SME,ADSL,Web Family
C07255,SME,ADSL,Web Booster
C07256,Enterprise,LTE,Web Family
C07257,SME,Fiber,Biz Speed
C07258,Residential,LTE,Web Booster
C07259,Enterprise,Fiber,Web Booster
C07260,Residential,LTE,Web Family
C07261,SME,ADSL,Web Booster
C07262,Enterprise,Fiber,Biz Speed
C07263,Enterprise,ADSL,Web Family
C07264,Enterprise,Fiber,Web Booster
C07265,Enterprise,ADSL,Web Family
C07266,SME,Fiber,Web Family
C07267,SME,LTE,Web Family
C07268,Residential,Fiber,Web Family
C07269,Enterprise,ADSL,Web Family
C07270,SME,ADSL,Web Family
C07271,SME,Fiber,Web Family
C07272,Enterprise,ADSL,Web Booster
C07273,SME,LTE,Biz Speed
C07274,SME,ADSL,Web Booster
C07275,Residential,ADSL,Web Booster
C07276,SME,ADSL,Web Booster
C07277,Enterprise,ADSL,Biz Speed
C07278,Residential,ADSL,Biz Speed
C07279,Residential,ADSL,Web Booster
C07280,Enterprise,LTE,Biz Speed
C07281,SME,Fiber,Biz Speed
C07282,Residential,ADSL,Web Family
C07283,SME,Fiber,Biz Speed
C07284,Enterprise,ADSL,Web Booster
C07285,SME,Fiber,Web Booster
C07286,SME,LTE,Biz Speed
C07287,SME,Fiber,Biz Speed
C07288,SME,Fiber,Biz Speed
C07289,Enterprise,ADSL,Web Family
C07290,Enterprise,Fiber,Web Booster
C07291,Residential,LTE,Web Family
C07292,SME,LTE,Biz Speed
C07293,Enterprise,ADSL,Biz Speed
C07294,SME,Fiber,Web Family
C07295,Enterprise,Fiber,Web Family
C07296,Residential,LTE,Biz Speed
C07297,Enterprise,Fiber,Web Family
C07298,Residential,LTE,Biz Speed
C07299,Residential,Fiber,Biz Speed
C07300,SME,LTE,Web Booster
C07301,Enterprise,ADSL,Biz Speed
C07302,Residential,ADSL,Biz Speed
C07303,SME,LTE,Biz Speed
C07304,SME,Fiber,Biz Speed
C07305,SME,LTE,Web Booster
C07306,Enterprise,ADSL,Web Family
C07307,Enterprise,ADSL,Biz Speed
C07308,SME,ADSL,Web Family
C07309,Residential,LTE,Biz Speed
C07310,SME,ADSL,Web Family
C07311,SME,LTE,Biz Speed
C07312,Enterprise,ADSL,Web Booster
C07313,Enterprise,Fiber,Biz Speed
C07314,Enterprise,LTE,Web Booster
C07315,Residential,Fiber,Web Family
C07316,SME,Fiber,Web Family
C07317,SME,ADSL,Web Family
C07318,Enterprise,ADSL,Biz Speed
C07319,SME,ADSL,Web Family
C07320,Enterprise,Fiber,Web Family
C07321,Enterprise,ADSL,Biz Speed
C07322,Enterprise,Fiber,Biz Speed
C07323,Residential,ADSL,Web Booster
C07324,SME,LTE,Biz Speed
C07325,Enterprise,Fiber,Web Family
C07326,Enterprise,Fiber,Web Family
C07327,Residential,ADSL,Biz Speed
C07328,Enterprise,ADSL,Web Family
C07329,Enterprise,ADSL,Biz Speed
C07330,SME,ADSL,Web Booster
C07331,SME,Fiber,Web Family
C07332,Residential,LTE,Web Booster
C07333,Enterprise,ADSL,Web Booster
C07334,Enterprise,Fiber,Web Family
C07335,Enterprise,LTE,Web Family
C07336,SME,Fiber,Biz Speed
C07337,Residential,ADSL,Web Family
C07338,SME,LTE,Biz Speed
C07339,SME,LTE,Biz Speed
C07340,SME,Fiber,Biz Speed
C07341,SME,ADSL,Biz Speed
C07342,Enterprise,Fiber,Biz Speed
C07343,SME,LTE,Web Family
C07344,Enterprise,ADSL,Web Family
C07345,Residential,LTE,Web Family
C07346,SME,Fiber,Biz Speed
C07347,Residential,Fiber,Web Family
C07348,SME,Fiber,Web Family
C07349,SME,Fiber,Web Booster
C07350,SME,ADSL,Biz Speed
C07351,Residential,ADSL,Biz Speed
C07352,SME,ADSL,Web Booster
C07353,Residential,Fiber,Biz Speed
C07354,Enterprise,LTE,Web Booster
C07355,SME,LTE,Web Booster
C07356,Enterprise,LTE,Web Family
C07357,Residential,LTE,Biz Speed
C07358,SME,Fiber,Web Family
C07359,Residential,ADSL,Web Booster
C07360,SME,ADSL,Biz Speed
C07361,Residential,LTE,Biz Speed
C07362,SME,LTE,Biz Speed
C07363,Enterprise,ADSL,Biz Speed
C07364,SME,Fiber,Web Family
C07365,Enterprise,ADSL,Web Family
C07366,Residential,ADSL,Web Family
C07367,SME,ADSL,Biz Speed
C07368,Residential,Fiber,Web Family
C07369,Residential,LTE,Biz Speed
C07370,Enterprise,LTE,Biz Speed
C07371,Enterprise,Fiber,Biz Speed
C07372,SME,Fiber,Web Booster
C07373,SME,LTE,Web Booster
C07374,Enterprise,LTE,Web Booster
C07375,Residential,LTE,Biz Speed
C07376,SME,ADSL,Web Booster
C07377,Enterprise,LTE,Web Booster
C07378,Enterprise,Fiber,Web Booster
C07379,Residential,LTE,Web Family
C07380,Residential,Fiber,Biz Speed
C07381,SME,ADSL,Biz Speed
C07382,SME,Fiber,Web Family
C07383,SME,LTE,Biz Speed
C07384,Enterprise,Fiber,Biz Speed
C07385,Enterprise,Fiber,Biz Speed
C07386,SME,LTE,Web Family
C07387,Residential,ADSL,Biz Speed
C07388,Enterprise,LTE,Web Booster
C07389,Residential,Fiber,Web Family
C07390,SME,ADSL,Web Booster
C07391,Enterprise,Fiber,Biz Speed
C07392,Enterprise,LTE,Biz Speed
C07393,Residential,ADSL,Web Family
C07394,SME,LTE,Web Family
C07395,SME,LTE,Web Booster
C07396,Residential,Fiber,Web Family
C07397,Enterprise,LTE,Web Family
C07398,Residential,Fiber,Web Family
C07399,Enterprise,Fiber,Web Booster
C07400,Enterprise,Fiber,Web Family
C07401,Residential,ADSL,Web Booster
C07402,Enterprise,Fiber,Web Booster
C07403,Enterprise,ADSL,Web Family
C07404,SME,ADSL,Web Family
C07405,Enterprise,LTE,Web Booster
C07406,Residential,LTE,Web Booster
C07407,Residential,Fiber,Web Family
C07408,SME,Fiber,Web Booster
C07409,SME,LTE,Web Booster
C07410,Residential,LTE,Web Family
C07411,SME,Fiber,Web Booster
C07412,SME,Fiber,Web Family
C07413,SME,ADSL,Biz Speed
C07414,Enterprise,ADSL,Web Booster
C07415,Residential,ADSL,Web Family
C07416,SME,LTE,Web Booster
C07417,SME,ADSL,Web Family
C07418,Enterprise,LTE,Web Family
C07419,Enterprise,LTE,Web Booster
C07420,Enterprise,Fiber,Web Booster
C07421,Enterprise,LTE,Biz Speed
C07422,Residential,Fiber,Biz Speed
C07423,Residential,ADSL,Web Family
C07424,Residential,Fiber,Web Family
C07425,SME,LTE,Web Booster
C07426,Enterprise,Fiber,Web Booster
C07427,SME,ADSL,Web Family
C07428,Residential,Fiber,Web Booster
C07429,Enterprise,LTE,Biz Speed
C07430,Enterprise,LTE,Web Family
C07431,Enterprise,Fiber,Web Booster
C07432,SME,LTE,Web Family
C07433,Enterprise,LTE,Web Booster
C07434,Residential,Fiber,Biz Speed
C07435,SME,ADSL,Web Family
C07436,Enterprise,ADSL,Biz Speed
C07437,Residential,Fiber,Web Booster
C07438,Residential,LTE,Web Family
C07439,SME,Fiber,Web Booster
C07440,SME,Fiber,Biz Speed
C07441,Residential,LTE,Biz Speed
C07442,SME,Fiber,Web Family
C07443,SME,ADSL,Biz Speed
C07444,SME,Fiber,Web Booster
C07445,Residential,LTE,Biz Speed
C07446,Residential,Fiber,Web Booster
C07447,Enterprise,Fiber,Web Family
C07448,Enterprise,Fiber,Web Booster
C07449,Residential,ADSL,Biz Speed
C07450,SME,Fiber,Web Family
C07451,Residential,Fiber,Biz Speed
C07452,SME,ADSL,Biz Speed
C07453,Enterprise,Fiber,Biz Speed
C07454,Residential,Fiber,Web Booster
C07455,Residential,LTE,Web Family
C07456,SME,LTE,Web Family
C07457,Residential,LTE,Web Booster
C07458,Enterprise,Fiber,Web Family
C07459,SME,LTE,Web Family
C07460,Enterprise,ADSL,Web Family
C07461,Residential,LTE,Web Family
C07462,SME,Fiber,Biz Speed
C07463,Enterprise,Fiber,Web Family
C07464,Residential,ADSL,Web Family
C07465,Enterprise,ADSL,Biz Speed
C07466,Residential,Fiber,Web Family
C07467,SME,Fiber,Web Family
C07468,Residential,Fiber,Biz Speed
C07469,Residential,ADSL,Web Booster
C07470,Residential,Fiber,Web Family
C07471,Enterprise,LTE,Web Booster
C07472,SME,ADSL,Web Booster
C07473,Residential,LTE,Web Family
C07474,SME,LTE,Biz Speed
C07475,Residential,Fiber,Web Booster
C07476,SME,LTE,Web Family
C07477,Enterprise,Fiber,Biz Speed
C07478,SME,Fiber,Web Booster
C07479,Enterprise,ADSL,Web Booster
C07480,Residential,LTE,Biz Speed
C07481,Enterprise,ADSL,Web Booster
C07482,SME,Fiber,Web Booster
C07483,Residential,LTE,Biz Speed
C07484,SME,LTE,Web Booster
C07485,Enterprise,Fiber,Web Booster
C07486,SME,Fiber,Web Booster
C07487,Enterprise,ADSL,Web Family
C07488,SME,LTE,Web Booster
C07489,SME,LTE,Web Family
C07490,Enterprise,ADSL,Web Booster
C07491,SME,LTE,Web Booster
C07492,SME,ADSL,Web Family
C07493,Enterprise,ADSL,Biz Speed
C07494,SME,Fiber,Biz Speed
C07495,Enterprise,ADSL,Web Booster
C07496,Residential,LTE,Web Family
C07497,Enterprise,LTE,Web Booster
C07498,Residential,LTE,Web Family
C07499,Residential,Fiber,Biz Speed
C07500,Enterprise,ADSL,Web Booster
C07501,Enterprise,ADSL,Biz Speed
C07502,SME,LTE,Web Family
C07503,SME,LTE,Biz Speed
C07504,Enterprise,LTE,Web Family
C07505,Residential,LTE,Web Family
C07506,Enterprise,Fiber,Web Booster
C07507,Enterprise,ADSL,Web Family
C07508,Enterprise,ADSL,Web Family
C07509,SME,Fiber,Biz Speed
C07510,Residential,Fiber,Web Booster
C07511,Enterprise,ADSL,Web Family
C07512,Residential,Fiber,Web Family
C07513,Residential,LTE,Web Family
C07514,SME,ADSL,Web Family
C07515,Residential,Fiber,Web Booster
C07516,SME,LTE,Biz Speed
C07517,Residential,ADSL,Web Family
C07518,SME,ADSL,Web Family
C07519,Residential,LTE,Web Booster
C07520,Enterprise,LTE,Web Booster
C07521,SME,ADSL,Web Booster
C07522,Enterprise,ADSL,Biz Speed
C07523,Enterprise,LTE,Web Booster
C07524,Residential,Fiber,Biz Speed
C07525,Residential,ADSL,Biz Speed
C07526,Enterprise,ADSL,Web Booster
C07527,SME,ADSL,Web Booster
C07528,Enterprise,Fiber,Biz Speed
C07529,Enterprise,LTE,Biz Speed
C07530,Enterprise,LTE,Biz Speed
C07531,Enterprise,LTE,Web Booster
C07532,Residential,LTE,Biz Speed
C07533,Residential,Fiber,Web Booster
C07534,Residential,Fiber,Web Family
C07535,Residential,Fiber,Web Booster
C07536,Enterprise,Fiber,Web Family
C07537,Enterprise,Fiber,Biz Speed
C07538,Enterprise,ADSL,Web Family
C07539,Residential,Fiber,Web Family
C07540,SME,Fiber,Web Booster
C07541,SME,LTE,Biz Speed
C07542,Enterprise,LTE,Biz Speed
C07543,SME,Fiber,Biz Speed
C07544,Enterprise,LTE,Web Family
C07545,Residential,LTE,Web Booster
C07546,Residential,Fiber,Web Booster
C07547,Residential,Fiber,Web Booster
C07548,SME,ADSL,Biz Speed
C07549,Enterprise,ADSL,Web Family
C07550,Residential,LTE,Biz Speed
C07551,Residential,Fiber,Web Family
C07552,SME,LTE,Web Family
C07553,Enterprise,Fiber,Biz Speed
C07554,Enterprise,ADSL,Web Family
C07555,Residential,Fiber,Web Family
C07556,Enterprise,LTE,Web Booster
C07557,Residential,Fiber,Web Family
C07558,Residential,LTE,Web Family
C07559,Enterprise,ADSL,Web Family
C07560,Enterprise,Fiber,Web Family
C07561,SME,Fiber,Web Family
C07562,SME,Fiber,Biz Speed
C07563,SME,Fiber,Web Family
C07564,Enterprise,Fiber,Biz Speed
C07565,Residential,Fiber,Web Booster
C07566,Enterprise,Fiber,Web Family
C07567,Enterprise,ADSL,Biz Speed
C07568,Residential,Fiber,Web Family
C07569,SME,ADSL,Web Booster
C07570,SME,ADSL,Web Family
C07571,Enterprise,Fiber,Web Booster
C07572,Enterprise,LTE,Web Booster
C07573,SME,Fiber,Biz Speed
C07574,Enterprise,Fiber,Web Family
C07575,SME,LTE,Biz Speed
C07576,Enterprise,LTE,Web Family
C07577,SME,Fiber,Web Family
C07578,Residential,LTE,Web Booster
C07579,Residential,ADSL,Web Family
C07580,SME,Fiber,Web Booster
C07581,Enterprise,ADSL,Web Booster
C07582,Residential,LTE,Web Family
C07583,SME,LTE,Web Booster
C07584,SME,Fiber,Biz Speed
C07585,SME,Fiber,Web Family
C07586,SME,LTE,Web Booster
C07587,Residential,ADSL,Web Booster
C07588,Enterprise,ADSL,Biz Speed
C07589,Enterprise,LTE,Web Booster
C07590,SME,ADSL,Biz Speed
C07591,Enterprise,Fiber,Web Family
C07592,Residential,ADSL,Biz Speed
C07593,SME,LTE,Web Booster
C07594,Enterprise,LTE,Web Family
C07595,Enterprise,LTE,Web Family
C07596,Residential,LTE,Biz Speed
C07597,SME,Fiber,Web Booster
C07598,Enterprise,LTE,Web Booster
C07599,SME,LTE,Web Family
C07600,Enterprise,Fiber,Web Family
C07601,Enterprise,LTE,Web Family
C07602,Residential,LTE,Biz Speed
C07603,SME,Fiber,Web Booster
C07604,Enterprise,ADSL,Web Booster
C07605,Residential,Fiber,Web Family
C07606,SME,LTE,Biz Speed
C07607,Enterprise,LTE,Web Family
C07608,Enterprise,Fiber,Web Family
C07609,Residential,Fiber,Biz Speed
C07610,Residential,LTE,Biz Speed
C07611,Residential,Fiber,Biz Speed
C07612,Residential,ADSL,Web Family
C07613,Enterprise,LTE,Web Booster
C07614,Residential,ADSL,Web Family
C07615,Enterprise,ADSL,Biz Speed
C07616,Residential,LTE,Web Family
C07617,Enterprise,LTE,Web Booster
C07618,Residential,Fiber,Web Booster
C07619,Residential,ADSL,Web Family
C07620,SME,ADSL,Web Family
C07621,SME,Fiber,Web Booster
C07622,SME,Fiber,Web Family
C07623,Enterprise,ADSL,Web Family
C07624,Residential,LTE,Web Booster
C07625,Enterprise,ADSL,Web Booster
C07626,Enterprise,Fiber,Biz Speed
C07627,Enterprise,Fiber,Web Family
C07628,Enterprise,Fiber,Web Family
C07629,SME,Fiber,Biz Speed
C07630,Enterprise,LTE,Web Family
C07631,Enterprise,LTE,Web Family
C07632,Enterprise,Fiber,Biz Speed
C07633,SME,ADSL,Web Booster
C07634,SME,ADSL,Biz Speed
C07635,Residential,Fiber,Web Family
C07636,Enterprise,ADSL,Biz Speed
C07637,SME,Fiber,Web Booster
C07638,Enterprise,ADSL,Biz Speed
C07639,Enterprise,Fiber,Web Booster
C07640,Residential,ADSL,Web Family
C07641,Enterprise,ADSL,Biz Speed
C07642,SME,LTE,Web Family
C07643,SME,ADSL,Biz Speed
C07644,SME,ADSL,Web Booster
C07645,SME,LTE,Biz Speed
C07646,Enterprise,Fiber,Biz Speed
C07647,Residential,ADSL,Biz Speed
C07648,SME,ADSL,Web Booster
C07649,Residential,ADSL,Web Booster
C07650,Residential,ADSL,Biz Speed
C07651,SME,Fiber,Web Booster
C07652,Residential,LTE,Web Booster
C07653,Residential,Fiber,Web Booster
C07654,SME,LTE,Web Family
C07655,SME,Fiber,Web Booster
C07656,Residential,LTE,Biz Speed
C07657,SME,ADSL,Biz Speed
C07658,SME,Fiber,Biz Speed
C07659,SME,Fiber,Web Booster
C07660,Enterprise,ADSL,Web Family
C07661,SME,LTE,Web Booster
C07662,SME,Fiber,Web Booster
C07663,Residential,ADSL,Web Booster
C07664,Residential,ADSL,Web Family
C07665,Residential,Fiber,Web Booster
C07666,Residential,LTE,Web Family
C07667,Residential,LTE,Web Family
C07668,SME,Fiber,Web Booster
C07669,SME,ADSL,Web Booster
C07670,SME,ADSL,Web Family
C07671,SME,ADSL,Web Booster
C07672,SME,Fiber,Web Booster
C07673,Residential,Fiber,Web Family
C07674,Enterprise,LTE,Biz Speed
C07675,SME,Fiber,Web Family
C07676,SME,ADSL,Biz Speed
C07677,Residential,ADSL,Web Booster
C07678,SME,Fiber,Web Family
C07679,SME,Fiber,Biz Speed
C07680,Residential,LTE,Web Family
C07681,SME,Fiber,Biz Speed
C07682,Residential,Fiber,Web Booster
C07683,SME,ADSL,Web Family
C07684,SME,ADSL,Web Family
C07685,SME,LTE,Biz Speed
C07686,Residential,LTE,Web Family
C07687,SME,Fiber,Web Family
C07688,Residential,ADSL,Web Family
C07689,SME,ADSL,Web Booster
C07690,Residential,Fiber,Web Booster
C07691,Enterprise,Fiber,Web Family
C07692,Enterprise,Fiber,Web Family
C07693,Residential,LTE,Biz Speed
C07694,Enterprise,Fiber,Web Family
C07695,Residential,Fiber,Biz Speed
C07696,SME,LTE,Web Family
C07697,Residential,LTE,Web Booster
C07698,Enterprise,LTE,Biz Speed
C07699,Enterprise,ADSL,Web Booster
C07700,Enterprise,LTE,Web Family
C07701,Enterprise,ADSL,Web Family
C07702,SME,LTE,Biz Speed
C07703,Residential,Fiber,Biz Speed
C07704,SME,ADSL,Biz Speed
C07705,Enterprise,Fiber,Web Booster
C07706,SME,LTE,Biz Speed
C07707,Residential,LTE,Web Family
C07708,Residential,ADSL,Web Booster
C07709,SME,Fiber,Biz Speed
C07710,Residential,Fiber,Biz Speed
C07711,SME,LTE,Web Booster
C07712,SME,Fiber,Web Booster
C07713,SME,ADSL,Web Booster
C07714,Residential,ADSL,Web Family
C07715,Enterprise,ADSL,Web Booster
C07716,Residential,LTE,Biz Speed
C07717,Enterprise,ADSL,Web Family
C07718,Residential,Fiber,Biz Speed
C07719,SME,ADSL,Biz Speed
C07720,SME,Fiber,Web Booster
C07721,SME,ADSL,Web Booster
C07722,Residential,Fiber,Web Family
C07723,SME,Fiber,Biz Speed
C07724,Residential,Fiber,Web Family
C07725,Enterprise,ADSL,Biz Speed
C07726,Enterprise,LTE,Web Booster
C07727,SME,Fiber,Web Family
C07728,Residential,ADSL,Web Booster
C07729,Residential,Fiber,Biz Speed
C07730,SME,Fiber,Biz Speed
C07731,Enterprise,ADSL,Web Family
C07732,Enterprise,ADSL,Web Family
C07733,SME,LTE,Web Booster
C07734,Enterprise,ADSL,Web Booster
C07735,Residential,Fiber,Web Booster
C07736,Enterprise,ADSL,Web Booster
C07737,Enterprise,ADSL,Web Family
C07738,SME,LTE,Web Booster
C07739,SME,Fiber,Biz Speed
C07740,Residential,Fiber,Web Booster
C07741,Residential,LTE,Web Booster
C07742,SME,LTE,Web Booster
C07743,SME,Fiber,Web Booster
C07744,Residential,LTE,Web Family
C07745,SME,LTE,Web Family
C07746,Residential,LTE,Web Booster
C07747,SME,LTE,Biz Speed
C07748,SME,LTE,Biz Speed
C07749,SME,ADSL,Web Booster
C07750,SME,ADSL,Web Booster
C07751,Residential,Fiber,Web Booster
C07752,Residential,LTE,Web Family
C07753,Enterprise,Fiber,Biz Speed
C07754,SME,ADSL,Web Booster
C07755,Residential,ADSL,Web Family
C07756,Residential,LTE,Web Booster
C07757,Residential,ADSL,Web Family
C07758,Enterprise,Fiber,Biz Speed
C07759,Residential,LTE,Biz Speed
C07760,Residential,Fiber,Web Family
C07761,SME,LTE,Biz Speed
C07762,Residential,Fiber,Web Family
C07763,SME,LTE,Web Booster
C07764,Enterprise,ADSL,Biz Speed
C07765,Residential,LTE,Web Booster
C07766,Enterprise,ADSL,Web Booster
C07767,Residential,LTE,Web Family
C07768,SME,ADSL,Biz Speed
C07769,Residential,Fiber,Web Family
C07770,Enterprise,Fiber,Web Family
C07771,Enterprise,ADSL,Web Family
C07772,Residential,LTE,Biz Speed
C07773,Residential,ADSL,Web Family
C07774,Enterprise,ADSL,Web Booster
C07775,Enterprise,LTE,Web Booster
C07776,Enterprise,LTE,Web Family
C07777,SME,ADSL,Web Family
C07778,Enterprise,LTE,Web Family
C07779,Residential,Fiber,Web Family
C07780,Residential,ADSL,Biz Speed
C07781,Enterprise,LTE,Web Family
C07782,SME,ADSL,Web Family
C07783,Residential,LTE,Web Booster
C07784,SME,Fiber,Biz Speed
C07785,Enterprise,ADSL,Biz Speed
C07786,Enterprise,ADSL,Biz Speed
C07787,Residential,LTE,Web Family
C07788,Enterprise,ADSL,Web Booster
C07789,SME,LTE,Biz Speed
C07790,Enterprise,LTE,Web Booster
C07791,Enterprise,Fiber,Web Family
C07792,Residential,LTE,Biz Speed
C07793,Residential,ADSL,Web Family
C07794,Enterprise,Fiber,Web Family
C07795,SME,LTE,Web Booster
C07796,SME,ADSL,Biz Speed
C07797,Enterprise,ADSL,Web Family
C07798,Residential,Fiber,Biz Speed
C07799,Enterprise,ADSL,Biz Speed
C07800,SME,LTE,Biz Speed
C07801,SME,Fiber,Web Booster
C07802,SME,LTE,Web Booster
C07803,SME,Fiber,Biz Speed
C07804,SME,Fiber,Biz Speed
C07805,Residential,LTE,Biz Speed
C07806,SME,LTE,Web Booster
C07807,Enterprise,Fiber,Web Family
C07808,Enterprise,Fiber,Web Family
C07809,Enterprise,LTE,Web Booster
C07810,Residential,LTE,Web Booster
C07811,Residential,Fiber,Biz Speed
C07812,SME,ADSL,Web Family
C07813,Enterprise,ADSL,Biz Speed
C07814,Enterprise,Fiber,Web Booster
C07815,SME,Fiber,Web Family
C07816,SME,LTE,Biz Speed
C07817,Residential,Fiber,Biz Speed
C07818,SME,LTE,Web Booster
C07819,Enterprise,ADSL,Web Family
C07820,Residential,LTE,Web Family
C07821,Residential,ADSL,Web Booster
C07822,SME,ADSL,Web Family
C07823,SME,LTE,Biz Speed
C07824,Enterprise,LTE,Web Booster
C07825,Enterprise,Fiber,Biz Speed
C07826,SME,Fiber,Web Family
C07827,Enterprise,ADSL,Web Family
C07828,SME,LTE,Biz Speed
C07829,SME,ADSL,Web Booster
C07830,Residential,Fiber,Biz Speed
C07831,SME,LTE,Web Booster
C07832,Enterprise,Fiber,Web Family
C07833,Residential,Fiber,Web Family
C07834,SME,Fiber,Web Family
C07835,SME,Fiber,Web Booster
C07836,SME,ADSL,Biz Speed
C07837,Residential,LTE,Web Booster
C07838,SME,ADSL,Biz Speed
C07839,SME,Fiber,Biz Speed
C07840,SME,LTE,Web Family
C07841,Residential,ADSL,Web Booster
C07842,Residential,ADSL,Biz Speed
C07843,Residential,ADSL,Web Family
C07844,Residential,ADSL,Biz Speed
C07845,SME,LTE,Web Booster
C07846,Enterprise,Fiber,Web Family
C07847,Enterprise,LTE,Web Family
C07848,Enterprise,ADSL,Web Booster
C07849,SME,Fiber,Web Family
C07850,Residential,Fiber,Web Booster
C07851,Residential,Fiber,Web Family
C07852,Enterprise,LTE,Web Family
C07853,Enterprise,LTE,Web Booster
C07854,Enterprise,Fiber,Web Booster
C07855,SME,ADSL,Biz Speed
C07856,SME,Fiber,Biz Speed
C07857,Enterprise,LTE,Web Family
C07858,Enterprise,ADSL,Web Booster
C07859,SME,ADSL,Biz Speed
C07860,SME,LTE,Web Booster
C07861,Residential,ADSL,Biz Speed
C07862,SME,ADSL,Web Family
C07863,SME,Fiber,Web Family
C07864,SME,Fiber,Web Family
C07865,SME,Fiber,Biz Speed
C07866,Enterprise,LTE,Web Family
C07867,Enterprise,Fiber,Biz Speed
C07868,Residential,ADSL,Web Family
C07869,Residential,ADSL,Biz Speed
C07870,Residential,LTE,Biz Speed
C07871,Enterprise,Fiber,Web Booster
C07872,Residential,LTE,Web Booster
C07873,Enterprise,Fiber,Web Family
C07874,SME,Fiber,Biz Speed
C07875,Residential,Fiber,Web Booster
C07876,Residential,LTE,Web Family
C07877,Residential,Fiber,Web Booster
C07878,Enterprise,ADSL,Web Family
C07879,SME,LTE,Biz Speed
C07880,Enterprise,Fiber,Web Family
C07881,Enterprise,ADSL,Biz Speed
C07882,SME,Fiber,Biz Speed
C07883,SME,ADSL,Web Booster
C07884,Residential,LTE,Web Booster
C07885,Enterprise,ADSL,Web Booster
C07886,SME,LTE,Biz Speed
C07887,Residential,Fiber,Web Family
C07888,SME,ADSL,Web Family
C07889,SME,LTE,Web Booster
C07890,Enterprise,Fiber,Web Booster
C07891,SME,LTE,Biz Speed
C07892,Enterprise,LTE,Biz Speed
C07893,Residential,Fiber,Web Family
C07894,Enterprise,ADSL,Biz Speed
C07895,Enterprise,LTE,Biz Speed
C07896,SME,ADSL,Biz Speed
C07897,Residential,LTE,Web Family
C07898,Enterprise,LTE,Web Booster
C07899,Residential,LTE,Web Family
C07900,Enterprise,Fiber,Biz Speed
C07901,Enterprise,ADSL,Biz Speed
C07902,Residential,LTE,Web Booster
C07903,Residential,LTE,Biz Speed
C07904,Residential,Fiber,Web Family
C07905,Residential,ADSL,Web Family
C07906,Enterprise,ADSL,Biz Speed
C07907,Enterprise,LTE,Biz Speed
C07908,Residential,LTE,Biz Speed
C07909,Residential,ADSL,Biz Speed
C07910,Residential,LTE,Biz Speed
C07911,Residential,LTE,Biz Speed
C07912,Enterprise,Fiber,Biz Speed
C07913,Enterprise,ADSL,Web Family
C07914,SME,ADSL,Web Family
C07915,SME,LTE,Web Family
C07916,SME,LTE,Web Family
C07917,Enterprise,Fiber,Biz Speed
C07918,Residential,Fiber,Web Family
C07919,SME,ADSL,Web Family
C07920,Enterprise,LTE,Web Booster
C07921,SME,LTE,Web Family
C07922,Enterprise,Fiber,Web Family
C07923,Residential,Fiber,Web Booster
C07924,Residential,ADSL,Biz Speed
C07925,Enterprise,LTE,Web Booster
C07926,Enterprise,LTE,Biz Speed
C07927,Residential,Fiber,Biz Speed
C07928,Residential,ADSL,Web Booster
C07929,SME,ADSL,Web Family
C07930,SME,ADSL,Web Booster
C07931,Enterprise,Fiber,Web Booster
C07932,SME,LTE,Biz Speed
C07933,Enterprise,LTE,Web Booster
C07934,Residential,ADSL,Biz Speed
C07935,Residential,LTE,Web Family
C07936,Enterprise,ADSL,Biz Speed
C07937,Residential,ADSL,Biz Speed
C07938,Enterprise,Fiber,Web Booster
C07939,Residential,ADSL,Web Family
C07940,SME,LTE,Web Booster
C07941,Enterprise,ADSL,Web Family
C07942,Enterprise,Fiber,Web Booster
C07943,Residential,LTE,Web Booster
C07944,Enterprise,ADSL,Biz Speed
C07945,Enterprise,ADSL,Biz Speed
C07946,SME,ADSL,Biz Speed
C07947,SME,ADSL,Biz Speed
C07948,SME,LTE,Biz Speed
C07949,SME,Fiber,Web Booster
C07950,Enterprise,LTE,Web Booster
C07951,Enterprise,Fiber,Biz Speed
C07952,Enterprise,ADSL,Web Family
C07953,Residential,ADSL,Web Booster
C07954,SME,Fiber,Web Booster
C07955,Enterprise,ADSL,Web Family
C07956,Residential,ADSL,Web Booster
C07957,SME,Fiber,Biz Speed
C07958,Residential,ADSL,Web Family
C07959,SME,ADSL,Web Booster
C07960,Enterprise,LTE,Web Family
C07961,Enterprise,Fiber,Web Booster
C07962,Enterprise,ADSL,Web Family
C07963,SME,ADSL,Web Booster
C07964,SME,Fiber,Biz Speed
C07965,Residential,Fiber,Biz Speed
C07966,Residential,Fiber,Biz Speed
C07967,SME,ADSL,Web Family
C07968,Enterprise,LTE,Biz Speed
C07969,SME,Fiber,Biz Speed
C07970,Residential,LTE,Biz Speed
C07971,SME,Fiber,Web Family
C07972,Residential,LTE,Biz Speed
C07973,Residential,ADSL,Biz Speed
C07974,Residential,Fiber,Web Family
C07975,SME,ADSL,Web Family
C07976,Residential,LTE,Web Family
C07977,Enterprise,ADSL,Web Booster
C07978,Enterprise,ADSL,Web Booster
C07979,SME,ADSL,Biz Speed
C07980,Residential,ADSL,Web Booster
C07981,Enterprise,Fiber,Biz Speed
C07982,SME,LTE,Biz Speed
C07983,SME,LTE,Biz Speed
C07984,SME,LTE,Web Family
C07985,Enterprise,LTE,Web Family
C07986,SME,LTE,Web Booster
C07987,SME,ADSL,Web Family
C07988,Enterprise,LTE,Biz Speed
C07989,Enterprise,LTE,Web Booster
C07990,Enterprise,Fiber,Biz Speed
C07991,SME,ADSL,Web Family
C07992,Enterprise,ADSL,Web Family
C07993,SME,ADSL,Biz Speed
C07994,Enterprise,Fiber,Web Booster
C07995,Residential,LTE,Web Booster
C07996,Enterprise,LTE,Web Family
C07997,Enterprise,LTE,Web Booster
C07998,SME,Fiber,Biz Speed
C07999,SME,Fiber,Web Family
C08000,Enterprise,LTE,Biz Speed
C08001,Enterprise,ADSL,Web Booster
C08002,Enterprise,LTE,Biz Speed
C08003,Enterprise,Fiber,Web Booster
C08004,Enterprise,LTE,Web Booster
C08005,SME,ADSL,Web Family
C08006,Enterprise,LTE,Web Booster
C08007,Enterprise,Fiber,Web Family
C08008,SME,Fiber,Biz Speed
C08009,Enterprise,Fiber,Biz Speed
C08010,Residential,ADSL,Web Booster
C08011,Enterprise,LTE,Web Booster
C08012,SME,ADSL,Biz Speed
C08013,Residential,Fiber,Biz Speed
C08014,Residential,LTE,Web Family
C08015,SME,Fiber,Web Booster
C08016,Residential,ADSL,Biz Speed
C08017,SME,LTE,Web Family
C08018,Enterprise,Fiber,Web Booster
C08019,Residential,Fiber,Web Family
C08020,Enterprise,LTE,Biz Speed
C08021,Enterprise,Fiber,Web Family
C08022,Enterprise,LTE,Web Family
C08023,Enterprise,ADSL,Web Family
C08024,Residential,ADSL,Web Booster
C08025,SME,Fiber,Web Booster
C08026,SME,LTE,Web Family
C08027,Enterprise,LTE,Web Family
C08028,SME,Fiber,Biz Speed
C08029,SME,LTE,Web Family
C08030,Enterprise,ADSL,Biz Speed
C08031,SME,LTE,Web Family
C08032,SME,Fiber,Biz Speed
C08033,Enterprise,Fiber,Biz Speed
C08034,Residential,Fiber,Web Booster
C08035,SME,LTE,Web Booster
C08036,Enterprise,Fiber,Biz Speed
C08037,Residential,LTE,Web Family
C08038,Enterprise,Fiber,Web Booster
C08039,Residential,LTE,Web Booster
C08040,Residential,Fiber,Biz Speed
C08041,SME,LTE,Web Booster
C08042,Enterprise,Fiber,Web Booster
C08043,Residential,Fiber,Web Booster
C08044,SME,ADSL,Web Family
C08045,Enterprise,LTE,Web Booster
C08046,Enterprise,ADSL,Web Family
C08047,Residential,Fiber,Biz Speed
C08048,Residential,Fiber,Web Family
C08049,Enterprise,LTE,Web Family
C08050,SME,Fiber,Web Booster
C08051,Enterprise,LTE,Biz Speed
C08052,Enterprise,ADSL,Web Family
C08053,Residential,ADSL,Biz Speed
C08054,SME,Fiber,Biz Speed
C08055,Residential,Fiber,Web Booster
C08056,Enterprise,ADSL,Biz Speed
C08057,SME,ADSL,Web Booster
C08058,Residential,ADSL,Web Booster
C08059,Residential,Fiber,Web Booster
C08060,Residential,LTE,Web Booster
C08061,Enterprise,Fiber,Biz Speed
C08062,Enterprise,Fiber,Web Family
C08063,Residential,LTE,Web Booster
C08064,SME,LTE,Web Booster
C08065,Enterprise,Fiber,Web Family
C08066,SME,ADSL,Web Family
C08067,Enterprise,LTE,Web Family
C08068,Enterprise,ADSL,Web Family
C08069,Residential,LTE,Biz Speed
C08070,Residential,Fiber,Biz Speed
C08071,Residential,ADSL,Biz Speed
C08072,Residential,ADSL,Biz Speed
C08073,Residential,LTE,Web Family
C08074,Residential,ADSL,Web Booster
C08075,SME,LTE,Web Family
C08076,Residential,Fiber,Biz Speed
C08077,SME,Fiber,Biz Speed
C08078,Enterprise,Fiber,Biz Speed
C08079,Residential,ADSL,Web Family
C08080,Enterprise,ADSL,Web Family
C08081,Residential,LTE,Web Booster
C08082,SME,LTE,Web Booster
C08083,Residential,LTE,Web Family
C08084,Enterprise,LTE,Web Booster
C08085,Enterprise,LTE,Web Booster
C08086,Enterprise,ADSL,Biz Speed
C08087,Residential,Fiber,Web Booster
C08088,Residential,Fiber,Web Family
C08089,Enterprise,LTE,Biz Speed
C08090,Residential,ADSL,Web Booster
C08091,Residential,Fiber,Biz Speed
C08092,Enterprise,LTE,Web Family
C08093,SME,ADSL,Web Booster
C08094,SME,Fiber,Web Family
C08095,Residential,LTE,Web Family
C08096,Enterprise,Fiber,Web Booster
C08097,Enterprise,LTE,Biz Speed
C08098,Enterprise,Fiber,Biz Speed
C08099,Residential,Fiber,Web Booster
C08100,Residential,Fiber,Web Family
C08101,Enterprise,ADSL,Web Family
C08102,Residential,Fiber,Web Booster
C08103,Residential,LTE,Web Booster
C08104,Enterprise,LTE,Web Family
C08105,Residential,Fiber,Biz Speed
C08106,Residential,LTE,Web Family
C08107,Enterprise,ADSL,Web Family
C08108,Residential,ADSL,Web Booster
C08109,Enterprise,ADSL,Web Booster
C08110,Residential,Fiber,Biz Speed
C08111,Enterprise,ADSL,Web Family
C08112,Enterprise,LTE,Web Family
C08113,Enterprise,Fiber,Web Booster
C08114,Enterprise,ADSL,Web Booster
C08115,SME,LTE,Web Family
C08116,Residential,LTE,Web Family
C08117,Enterprise,ADSL,Web Family
C08118,SME,Fiber,Web Booster
C08119,Residential,LTE,Biz Speed
C08120,Residential,ADSL,Biz Speed
C08121,Enterprise,LTE,Web Family
C08122,SME,Fiber,Biz Speed
C08123,Residential,ADSL,Web Family
C08124,Enterprise,LTE,Web Booster
C08125,SME,LTE,Biz Speed
C08126,Enterprise,LTE,Web Booster
C08127,Residential,ADSL,Web Family
C08128,SME,Fiber,Web Family
C08129,Enterprise,ADSL,Web Family
C08130,Enterprise,ADSL,Biz Speed
C08131,Residential,LTE,Web Family
C08132,SME,Fiber,Web Family
C08133,SME,LTE,Biz Speed
C08134,Residential,LTE,Web Booster
C08135,SME,Fiber,Web Family
C08136,Enterprise,LTE,Biz Speed
C08137,Residential,Fiber,Biz Speed
C08138,Enterprise,ADSL,Biz Speed
C08139,SME,ADSL,Web Booster
C08140,SME,LTE,Web Booster
C08141,Residential,LTE,Web Booster
C08142,Residential,Fiber,Web Booster
C08143,Residential,Fiber,Web Booster
C08144,Residential,ADSL,Web Booster
C08145,Enterprise,Fiber,Web Booster
C08146,Enterprise,Fiber,Web Family
C08147,Enterprise,ADSL,Web Booster
C08148,SME,LTE,Web Booster
C08149,SME,LTE,Web Booster
C08150,Enterprise,LTE,Biz Speed
C08151,SME,Fiber,Web Family
C08152,Enterprise,Fiber,Web Family
C08153,Enterprise,Fiber,Web Booster
C08154,Enterprise,Fiber,Web Booster
C08155,Enterprise,Fiber,Web Booster
C08156,Residential,ADSL,Web Family
C08157,Enterprise,ADSL,Web Family
C08158,Residential,LTE,Web Family
C08159,Enterprise,Fiber,Web Booster
C08160,SME,Fiber,Web Booster
C08161,Enterprise,Fiber,Biz Speed
C08162,Enterprise,LTE,Web Family
C08163,Residential,LTE,Web Booster
C08164,Residential,Fiber,Web Family
C08165,SME,ADSL,Biz Speed
C08166,SME,ADSL,Web Family
C08167,SME,LTE,Biz Speed
C08168,Enterprise,ADSL,Biz Speed
C08169,SME,ADSL,Web Booster
C08170,Enterprise,ADSL,Web Booster
C08171,Residential,LTE,Web Family
C08172,Residential,Fiber,Web Booster
C08173,SME,ADSL,Web Booster
C08174,SME,LTE,Biz Speed
C08175,Enterprise,ADSL,Biz Speed
C08176,Residential,LTE,Web Family
C08177,Enterprise,ADSL,Biz Speed
C08178,Residential,Fiber,Web Booster
C08179,Residential,Fiber,Biz Speed
C08180,SME,LTE,Web Booster
C08181,Enterprise,LTE,Web Family
C08182,SME,ADSL,Web Booster
C08183,Enterprise,ADSL,Web Family
C08184,Residential,ADSL,Biz Speed
C08185,Enterprise,ADSL,Biz Speed
C08186,Enterprise,Fiber,Biz Speed
C08187,Residential,ADSL,Web Family
C08188,SME,LTE,Web Booster
C08189,Enterprise,ADSL,Web Family
C08190,Residential,ADSL,Web Family
C08191,Residential,Fiber,Web Family
C08192,Enterprise,LTE,Web Booster
C08193,Residential,LTE,Biz Speed
C08194,Residential,Fiber,Web Booster
C08195,Enterprise,LTE,Biz Speed
C08196,Enterprise,LTE,Biz Speed
C08197,Enterprise,LTE,Web Family
C08198,Enterprise,ADSL,Web Family
C08199,SME,ADSL,Web Family
C08200,Residential,Fiber,Web Booster
C08201,SME,Fiber,Web Booster
C08202,Residential,ADSL,Biz Speed
C08203,SME,ADSL,Web Family
C08204,SME,LTE,Web Booster
C08205,Residential,ADSL,Web Family
C08206,SME,Fiber,Web Family
C08207,SME,Fiber,Biz Speed
C08208,SME,LTE,Web Family
C08209,Enterprise,ADSL,Web Booster
C08210,Residential,LTE,Web Booster
C08211,Residential,ADSL,Web Family
C08212,SME,ADSL,Web Booster
C08213,Enterprise,LTE,Biz Speed
C08214,Enterprise,LTE,Biz Speed
C08215,SME,ADSL,Biz Speed
C08216,Enterprise,LTE,Biz Speed
C08217,Enterprise,ADSL,Biz Speed
C08218,Enterprise,Fiber,Web Booster
C08219,Residential,LTE,Biz Speed
C08220,Residential,LTE,Web Booster
C08221,Residential,Fiber,Web Family
C08222,SME,Fiber,Web Booster
C08223,SME,ADSL,Web Family
C08224,Enterprise,Fiber,Biz Speed
C08225,Residential,ADSL,Web Family
C08226,Enterprise,Fiber,Biz Speed
C08227,SME,Fiber,Biz Speed
C08228,Enterprise,Fiber,Web Family
C08229,Residential,Fiber,Biz Speed
C08230,SME,LTE,Web Family
C08231,Enterprise,Fiber,Biz Speed
C08232,SME,LTE,Web Family
C08233,Enterprise,LTE,Web Family
C08234,Enterprise,Fiber,Web Family
C08235,Residential,LTE,Web Family
C08236,SME,LTE,Web Booster
C08237,Residential,Fiber,Biz Speed
C08238,SME,ADSL,Web Family
C08239,SME,LTE,Web Family
C08240,Enterprise,LTE,Web Family
C08241,SME,Fiber,Biz Speed
C08242,Enterprise,Fiber,Web Family
C08243,SME,LTE,Biz Speed
C08244,SME,Fiber,Biz Speed
C08245,Residential,ADSL,Web Family
C08246,Residential,ADSL,Web Family
C08247,Residential,LTE,Web Booster
C08248,SME,Fiber,Biz Speed
C08249,Residential,Fiber,Biz Speed
C08250,Residential,LTE,Web Booster
C08251,SME,ADSL,Biz Speed
C08252,SME,ADSL,Web Family
C08253,Enterprise,LTE,Web Family
C08254,SME,Fiber,Biz Speed
C08255,Residential,ADSL,Biz Speed
C08256,Residential,ADSL,Biz Speed
C08257,Enterprise,Fiber,Web Booster
C08258,Enterprise,ADSL,Web Family
C08259,SME,LTE,Biz Speed
C08260,Enterprise,Fiber,Web Booster
C08261,Residential,LTE,Biz Speed
C08262,Enterprise,Fiber,Web Family
C08263,SME,LTE,Web Family
C08264,Enterprise,ADSL,Web Booster
C08265,Enterprise,LTE,Biz Speed
C08266,SME,LTE,Web Booster
C08267,Residential,ADSL,Biz Speed
C08268,Enterprise,Fiber,Biz Speed
C08269,Residential,LTE,Web Booster
C08270,Residential,ADSL,Web Booster
C08271,Enterprise,ADSL,Biz Speed
C08272,SME,ADSL,Web Booster
C08273,SME,ADSL,Web Family
C08274,SME,ADSL,Web Booster
C08275,Residential,LTE,Biz Speed
C08276,SME,LTE,Web Booster
C08277,SME,Fiber,Biz Speed
C08278,Residential,Fiber,Biz Speed
C08279,SME,LTE,Web Family
C08280,SME,Fiber,Web Booster
C08281,Enterprise,ADSL,Biz Speed
C08282,Enterprise,LTE,Biz Speed
C08283,SME,LTE,Biz Speed
C08284,Enterprise,LTE,Web Booster
C08285,Enterprise,Fiber,Web Booster
C08286,Enterprise,Fiber,Web Booster
C08287,Residential,LTE,Biz Speed
C08288,Residential,Fiber,Web Family
C08289,Residential,ADSL,Web Booster
C08290,Enterprise,LTE,Web Family
C08291,SME,LTE,Web Booster
C08292,SME,Fiber,Biz Speed
C08293,Enterprise,ADSL,Biz Speed
C08294,Residential,ADSL,Web Family
C08295,Enterprise,LTE,Web Booster
C08296,Enterprise,ADSL,Web Family
C08297,Enterprise,Fiber,Web Booster
C08298,Enterprise,LTE,Biz Speed
C08299,Residential,LTE,Web Booster
C08300,Residential,ADSL,Web Booster
C08301,SME,ADSL,Biz Speed
C08302,Residential,LTE,Web Booster
C08303,Residential,ADSL,Biz Speed
C08304,Residential,ADSL,Web Booster
C08305,Enterprise,ADSL,Biz Speed
C08306,SME,LTE,Web Family
C08307,Residential,Fiber,Web Booster
C08308,Enterprise,Fiber,Biz Speed
C08309,Enterprise,LTE,Web Booster
C08310,SME,LTE,Biz Speed
C08311,Residential,ADSL,Web Booster
C08312,Residential,ADSL,Biz Speed
C08313,Residential,ADSL,Web Booster
C08314,Residential,ADSL,Web Booster
C08315,Enterprise,LTE,Web Family
C08316,Residential,Fiber,Web Family
C08317,Residential,LTE,Biz Speed
C08318,Enterprise,LTE,Web Family
C08319,Enterprise,ADSL,Web Family
C08320,SME,ADSL,Biz Speed
C08321,Residential,ADSL,Web Booster
C08322,Enterprise,LTE,Web Booster
C08323,Residential,LTE,Web Booster
C08324,Residential,Fiber,Biz Speed
C08325,SME,LTE,Biz Speed
C08326,Enterprise,ADSL,Web Booster
C08327,Enterprise,LTE,Biz Speed
C08328,Residential,Fiber,Web Family
C08329,Enterprise,Fiber,Web Family
C08330,SME,ADSL,Web Booster
C08331,Enterprise,ADSL,Web Family
C08332,Residential,Fiber,Web Booster
C08333,SME,LTE,Web Booster
C08334,Residential,ADSL,Web Booster
C08335,SME,Fiber,Web Booster
C08336,SME,ADSL,Web Family
C08337,Enterprise,ADSL,Web Booster
C08338,SME,LTE,Web Booster
C08339,Enterprise,LTE,Biz Speed
C08340,SME,ADSL,Biz Speed
C08341,Enterprise,LTE,Web Family
C08342,SME,LTE,Web Family
C08343,Residential,LTE,Web Booster
C08344,Enterprise,LTE,Web Booster
C08345,Residential,Fiber,Web Booster
C08346,SME,Fiber,Web Booster
C08347,SME,Fiber,Web Booster
C08348,SME,LTE,Web Family
C08349,Residential,Fiber,Biz Speed
C08350,Residential,ADSL,Biz Speed
C08351,SME,ADSL,Web Family
C08352,SME,LTE,Web Booster
C08353,Residential,Fiber,Biz Speed
C08354,SME,LTE,Web Family
C08355,SME,ADSL,Biz Speed
C08356,Residential,LTE,Web Family
C08357,Enterprise,Fiber,Web Booster
C08358,Residential,ADSL,Biz Speed
C08359,Enterprise,Fiber,Web Family
C08360,Residential,ADSL,Biz Speed
C08361,Residential,ADSL,Web Family
C08362,Enterprise,ADSL,Web Booster
C08363,Residential,Fiber,Biz Speed
C08364,Enterprise,ADSL,Biz Speed
C08365,SME,LTE,Web Family
C08366,Residential,ADSL,Web Booster
C08367,Enterprise,LTE,Web Booster
C08368,Residential,LTE,Biz Speed
C08369,SME,LTE,Web Family
C08370,Enterprise,LTE,Biz Speed
C08371,Residential,LTE,Biz Speed
C08372,Enterprise,LTE,Web Booster
C08373,SME,ADSL,Web Family
C08374,Residential,ADSL,Web Booster
C08375,SME,LTE,Web Booster
C08376,Enterprise,LTE,Web Family
C08377,Enterprise,Fiber,Web Booster
C08378,Enterprise,Fiber,Biz Speed
C08379,Enterprise,Fiber,Biz Speed
C08380,SME,LTE,Web Booster
C08381,SME,LTE,Web Booster
C08382,Enterprise,ADSL,Web Booster
C08383,Residential,Fiber,Web Booster
C08384,Residential,Fiber,Web Family
C08385,SME,Fiber,Web Booster
C08386,SME,Fiber,Web Family
C08387,Residential,LTE,Web Booster
C08388,Enterprise,LTE,Web Family
C08389,SME,LTE,Web Family
C08390,SME,ADSL,Web Booster
C08391,Residential,ADSL,Biz Speed
C08392,Enterprise,Fiber,Biz Speed
C08393,Residential,LTE,Web Family
C08394,Enterprise,ADSL,Biz Speed
C08395,SME,LTE,Web Booster
C08396,SME,LTE,Web Booster
C08397,Residential,Fiber,Web Booster
C08398,Enterprise,Fiber,Web Family
C08399,Enterprise,LTE,Web Family
C08400,SME,LTE,Biz Speed
C08401,SME,Fiber,Biz Speed
C08402,Enterprise,LTE,Biz Speed
C08403,Residential,LTE,Biz Speed
C08404,SME,ADSL,Biz Speed
C08405,Enterprise,ADSL,Web Booster
C08406,Enterprise,Fiber,Web Family
C08407,Enterprise,LTE,Web Booster
C08408,Enterprise,Fiber,Web Booster
C08409,Enterprise,Fiber,Web Family
C08410,Residential,ADSL,Web Family
C08411,Enterprise,Fiber,Biz Speed
C08412,Residential,ADSL,Web Family
C08413,Enterprise,Fiber,Web Booster
C08414,Residential,LTE,Web Family
C08415,Residential,LTE,Web Family
C08416,Enterprise,LTE,Biz Speed
C08417,Residential,Fiber,Biz Speed
C08418,Residential,Fiber,Web Family
C08419,Residential,LTE,Web Family
C08420,Residential,LTE,Biz Speed
C08421,Residential,Fiber,Web Family
C08422,Enterprise,LTE,Web Booster
C08423,Residential,Fiber,Web Booster
C08424,Residential,Fiber,Web Booster
C08425,SME,LTE,Biz Speed
C08426,Enterprise,Fiber,Web Family
C08427,Enterprise,LTE,Web Booster
C08428,SME,ADSL,Web Booster
C08429,SME,ADSL,Biz Speed
C08430,Enterprise,LTE,Web Booster
C08431,SME,Fiber,Biz Speed
C08432,Residential,ADSL,Biz Speed
C08433,SME,ADSL,Biz Speed
C08434,Residential,Fiber,Web Booster
C08435,Residential,ADSL,Biz Speed
C08436,Residential,LTE,Web Family
C08437,Enterprise,LTE,Biz Speed
C08438,Enterprise,Fiber,Web Family
C08439,Enterprise,ADSL,Biz Speed
C08440,Residential,ADSL,Web Booster
C08441,Enterprise,Fiber,Web Booster
C08442,SME,ADSL,Web Family
C08443,Residential,ADSL,Web Booster
C08444,Enterprise,LTE,Web Family
C08445,SME,ADSL,Biz Speed
C08446,Residential,Fiber,Biz Speed
C08447,SME,LTE,Biz Speed
C08448,Enterprise,Fiber,Biz Speed
C08449,SME,ADSL,Web Family
C08450,Enterprise,ADSL,Biz Speed
C08451,Residential,Fiber,Biz Speed
C08452,Residential,ADSL,Web Family
C08453,Residential,Fiber,Biz Speed
C08454,SME,ADSL,Web Booster
C08455,Enterprise,Fiber,Web Booster
C08456,Enterprise,LTE,Web Family
C08457,SME,Fiber,Web Booster
C08458,Enterprise,Fiber,Web Booster
C08459,Enterprise,ADSL,Web Family
C08460,Residential,ADSL,Biz Speed
C08461,SME,Fiber,Web Booster
C08462,Residential,Fiber,Web Booster
C08463,SME,LTE,Web Booster
C08464,SME,ADSL,Biz Speed
C08465,Residential,ADSL,Biz Speed
C08466,Residential,ADSL,Biz Speed
C08467,Enterprise,ADSL,Web Booster
C08468,Enterprise,LTE,Web Family
C08469,SME,LTE,Biz Speed
C08470,SME,Fiber,Web Family
C08471,SME,ADSL,Biz Speed
C08472,SME,ADSL,Web Booster
C08473,Enterprise,ADSL,Biz Speed
C08474,Residential,Fiber,Web Booster
C08475,Residential,LTE,Biz Speed
C08476,Residential,ADSL,Web Family
C08477,Residential,ADSL,Web Family
C08478,Residential,LTE,Web Booster
C08479,SME,ADSL,Web Booster
C08480,Residential,ADSL,Biz Speed
C08481,Enterprise,Fiber,Web Family
C08482,Enterprise,ADSL,Web Booster
C08483,Enterprise,ADSL,Web Booster
C08484,Enterprise,Fiber,Biz Speed
C08485,SME,Fiber,Biz Speed
C08486,Residential,LTE,Web Booster
C08487,Enterprise,Fiber,Web Booster
C08488,SME,Fiber,Biz Speed
C08489,SME,Fiber,Biz Speed
C08490,Residential,ADSL,Web Family
C08491,SME,ADSL,Web Family
C08492,Enterprise,LTE,Web Booster
C08493,Enterprise,LTE,Biz Speed
C08494,SME,ADSL,Biz Speed
C08495,SME,LTE,Web Booster
C08496,Residential,ADSL,Web Family
C08497,Enterprise,ADSL,Biz Speed
C08498,Residential,ADSL,Web Family
C08499,Residential,Fiber,Biz Speed
C08500,Residential,LTE,Web Family
C08501,Enterprise,ADSL,Web Booster
C08502,Enterprise,LTE,Biz Speed
C08503,SME,LTE,Web Booster
C08504,Enterprise,Fiber,Biz Speed
C08505,SME,LTE,Biz Speed
C08506,SME,ADSL,Web Booster
C08507,Enterprise,LTE,Web Booster
C08508,Residential,LTE,Biz Speed
C08509,SME,LTE,Web Booster
C08510,Enterprise,LTE,Biz Speed
C08511,Enterprise,ADSL,Biz Speed
C08512,Enterprise,ADSL,Web Booster
C08513,Residential,ADSL,Web Family
C08514,SME,ADSL,Web Booster
C08515,Residential,LTE,Web Booster
C08516,Residential,ADSL,Biz Speed
C08517,Enterprise,ADSL,Web Booster
C08518,SME,Fiber,Web Booster
C08519,SME,LTE,Web Family
C08520,Enterprise,LTE,Web Booster
C08521,Enterprise,LTE,Web Booster
C08522,SME,Fiber,Biz Speed
C08523,Residential,ADSL,Web Family
C08524,Enterprise,Fiber,Web Family
C08525,SME,Fiber,Web Family
C08526,Enterprise,LTE,Biz Speed
C08527,Enterprise,Fiber,Web Family
C08528,Residential,Fiber,Biz Speed
C08529,Enterprise,ADSL,Web Family
C08530,Enterprise,ADSL,Web Family
C08531,SME,ADSL,Web Family
C08532,Enterprise,LTE,Web Booster
C08533,Residential,Fiber,Biz Speed
C08534,Residential,LTE,Web Family
C08535,Residential,LTE,Biz Speed
C08536,SME,Fiber,Web Booster
C08537,SME,ADSL,Web Booster
C08538,Enterprise,LTE,Web Family
C08539,SME,LTE,Web Booster
C08540,Residential,LTE,Web Family
C08541,SME,Fiber,Biz Speed
C08542,SME,LTE,Biz Speed
C08543,SME,ADSL,Biz Speed
C08544,Residential,Fiber,Biz Speed
C08545,Residential,LTE,Biz Speed
C08546,SME,ADSL,Biz Speed
C08547,Enterprise,ADSL,Web Family
C08548,SME,LTE,Web Booster
C08549,Enterprise,Fiber,Biz Speed
C08550,Residential,Fiber,Web Family
C08551,SME,LTE,Biz Speed
C08552,Enterprise,ADSL,Web Family
C08553,Residential,ADSL,Web Booster
C08554,SME,ADSL,Web Family
C08555,Residential,LTE,Web Family
C08556,Residential,ADSL,Web Booster
C08557,Enterprise,ADSL,Web Booster
C08558,SME,Fiber,Web Booster
C08559,Residential,LTE,Web Booster
C08560,Enterprise,ADSL,Biz Speed
C08561,Enterprise,ADSL,Web Family
C08562,SME,LTE,Web Family
C08563,Enterprise,ADSL,Web Booster
C08564,SME,ADSL,Web Family
C08565,Enterprise,Fiber,Web Booster
C08566,Enterprise,ADSL,Web Family
C08567,Enterprise,Fiber,Biz Speed
C08568,SME,ADSL,Biz Speed
C08569,SME,LTE,Web Booster
C08570,SME,ADSL,Web Family
C08571,SME,LTE,Web Booster
C08572,SME,ADSL,Biz Speed
C08573,SME,Fiber,Web Booster
C08574,Enterprise,LTE,Web Family
C08575,SME,ADSL,Web Family
C08576,Enterprise,Fiber,Biz Speed
C08577,Enterprise,Fiber,Web Booster
C08578,Enterprise,Fiber,Web Booster
C08579,SME,Fiber,Web Booster
C08580,SME,Fiber,Web Family
C08581,Residential,Fiber,Web Booster
C08582,SME,LTE,Web Family
C08583,Enterprise,LTE,Web Family
C08584,Enterprise,LTE,Biz Speed
C08585,Residential,Fiber,Web Booster
C08586,SME,ADSL,Web Booster
C08587,Residential,Fiber,Web Booster
C08588,Enterprise,ADSL,Web Booster
C08589,SME,ADSL,Web Booster
C08590,SME,LTE,Web Family
C08591,SME,Fiber,Web Family
C08592,Enterprise,LTE,Web Booster
C08593,Residential,ADSL,Biz Speed
C08594,SME,LTE,Biz Speed
C08595,SME,LTE,Biz Speed
C08596,SME,LTE,Web Family
C08597,Enterprise,LTE,Biz Speed
C08598,Residential,LTE,Web Family
C08599,Enterprise,ADSL,Biz Speed
C08600,Enterprise,LTE,Web Booster
C08601,Residential,LTE,Web Family
C08602,Enterprise,LTE,Biz Speed
C08603,SME,ADSL,Web Booster
C08604,SME,ADSL,Biz Speed
C08605,SME,Fiber,Biz Speed
C08606,SME,ADSL,Web Booster
C08607,Enterprise,ADSL,Web Family
C08608,SME,LTE,Biz Speed
C08609,Residential,Fiber,Web Booster
C08610,Enterprise,LTE,Web Family
C08611,SME,LTE,Biz Speed
C08612,Enterprise,Fiber,Web Family
C08613,Residential,LTE,Web Booster
C08614,Enterprise,LTE,Biz Speed
C08615,Enterprise,LTE,Biz Speed
C08616,Enterprise,LTE,Web Booster
C08617,SME,ADSL,Web Family
C08618,SME,ADSL,Web Family
C08619,Enterprise,LTE,Web Booster
C08620,Residential,LTE,Web Family
C08621,SME,Fiber,Web Booster
C08622,SME,ADSL,Biz Speed
C08623,Residential,LTE,Web Family
C08624,Residential,ADSL,Biz Speed
C08625,Residential,Fiber,Web Family
C08626,Residential,Fiber,Biz Speed
C08627,SME,Fiber,Web Family
C08628,SME,Fiber,Web Booster
C08629,Enterprise,Fiber,Web Booster
C08630,Enterprise,Fiber,Web Booster
C08631,Enterprise,ADSL,Web Booster
C08632,Residential,ADSL,Web Booster
C08633,Residential,Fiber,Biz Speed
C08634,Enterprise,Fiber,Biz Speed
C08635,SME,ADSL,Biz Speed
C08636,SME,ADSL,Web Booster
C08637,Enterprise,Fiber,Web Booster
C08638,Enterprise,Fiber,Web Booster
C08639,Enterprise,LTE,Web Family
C08640,SME,ADSL,Web Booster
C08641,Residential,Fiber,Biz Speed
C08642,Enterprise,LTE,Web Booster
C08643,Residential,Fiber,Web Family
C08644,Residential,Fiber,Web Family
C08645,Enterprise,Fiber,Web Booster
C08646,SME,Fiber,Web Family
C08647,Enterprise,ADSL,Biz Speed
C08648,Residential,LTE,Biz Speed
C08649,SME,LTE,Web Booster
C08650,Enterprise,ADSL,Web Booster
C08651,SME,ADSL,Web Family
C08652,Enterprise,LTE,Web Booster
C08653,Residential,Fiber,Biz Speed
C08654,Enterprise,ADSL,Biz Speed
C08655,Enterprise,LTE,Web Family
C08656,SME,Fiber,Biz Speed
C08657,Enterprise,LTE,Web Family
C08658,Enterprise,ADSL,Biz Speed
C08659,Enterprise,ADSL,Web Family
C08660,Enterprise,LTE,Biz Speed
C08661,Residential,ADSL,Web Booster
C08662,Residential,LTE,Web Booster
C08663,Residential,Fiber,Web Family
C08664,Enterprise,Fiber,Web Family
C08665,SME,Fiber,Web Family
C08666,SME,Fiber,Biz Speed
C08667,SME,Fiber,Web Family
C08668,SME,LTE,Web Booster
C08669,SME,Fiber,Biz Speed
C08670,SME,ADSL,Biz Speed
C08671,Residential,ADSL,Web Family
C08672,SME,Fiber,Biz Speed
C08673,Residential,LTE,Web Booster
C08674,Enterprise,Fiber,Biz Speed
C08675,Residential,LTE,Web Family
C08676,Enterprise,ADSL,Biz Speed
C08677,Residential,ADSL,Web Booster
C08678,SME,ADSL,Web Family
C08679,Enterprise,Fiber,Web Booster
C08680,Enterprise,LTE,Web Booster
C08681,SME,LTE,Web Booster
C08682,Enterprise,Fiber,Web Booster
C08683,Enterprise,ADSL,Web Family
C08684,Residential,LTE,Web Booster
C08685,Enterprise,Fiber,Biz Speed
C08686,SME,ADSL,Web Family
C08687,Residential,LTE,Biz Speed
C08688,Enterprise,ADSL,Web Booster
C08689,Residential,ADSL,Web Family
C08690,SME,ADSL,Biz Speed
C08691,SME,ADSL,Web Family
C08692,SME,Fiber,Web Booster
C08693,Residential,LTE,Web Family
C08694,Residential,ADSL,Web Booster
C08695,SME,Fiber,Web Booster
C08696,Residential,Fiber,Web Family
C08697,Enterprise,Fiber,Biz Speed
C08698,SME,LTE,Web Booster
C08699,Residential,ADSL,Web Family
C08700,SME,ADSL,Web Family
C08701,SME,Fiber,Biz Speed
C08702,Enterprise,Fiber,Web Family
C08703,SME,Fiber,Web Booster
C08704,SME,LTE,Web Booster
C08705,SME,ADSL,Web Family
C08706,Enterprise,LTE,Web Family
C08707,Residential,ADSL,Web Family
C08708,Residential,Fiber,Biz Speed
C08709,Residential,ADSL,Web Booster
C08710,Enterprise,ADSL,Biz Speed
C08711,Enterprise,Fiber,Web Family
C08712,Enterprise,LTE,Web Family
C08713,SME,Fiber,Web Booster
C08714,Residential,Fiber,Web Booster
C08715,SME,Fiber,Biz Speed
C08716,Residential,LTE,Biz Speed
C08717,SME,Fiber,Web Booster
C08718,Residential,ADSL,Biz Speed
C08719,SME,Fiber,Web Family
C08720,Enterprise,LTE,Web Family
C08721,SME,LTE,Web Booster
C08722,Enterprise,LTE,Web Family
C08723,SME,Fiber,Web Booster
C08724,Enterprise,ADSL,Biz Speed
C08725,SME,ADSL,Biz Speed
C08726,Residential,Fiber,Biz Speed
C08727,Residential,Fiber,Web Family
C08728,SME,ADSL,Web Booster
C08729,Enterprise,ADSL,Web Booster
C08730,SME,LTE,Web Booster
C08731,Residential,LTE,Biz Speed
C08732,Enterprise,Fiber,Biz Speed
C08733,SME,ADSL,Web Family
C08734,Enterprise,Fiber,Web Booster
C08735,SME,LTE,Web Family
C08736,SME,ADSL,Biz Speed
C08737,SME,ADSL,Biz Speed
C08738,SME,LTE,Web Family
C08739,Residential,LTE,Biz Speed
C08740,SME,LTE,Web Booster
C08741,Enterprise,LTE,Web Booster
C08742,Residential,ADSL,Biz Speed
C08743,Residential,Fiber,Web Booster
C08744,Residential,LTE,Biz Speed
C08745,Enterprise,Fiber,Web Family
C08746,Enterprise,ADSL,Web Booster
C08747,SME,ADSL,Web Booster
C08748,Residential,LTE,Web Booster
C08749,Enterprise,ADSL,Web Family
C08750,Enterprise,ADSL,Web Booster
C08751,Enterprise,Fiber,Web Booster
C08752,SME,Fiber,Biz Speed
C08753,SME,LTE,Web Booster
C08754,SME,LTE,Web Family
C08755,Residential,ADSL,Biz Speed
C08756,SME,Fiber,Web Booster
C08757,SME,ADSL,Web Family
C08758,SME,Fiber,Biz Speed
C08759,Residential,LTE,Web Family
C08760,Residential,Fiber,Biz Speed
C08761,Residential,Fiber,Biz Speed
C08762,SME,ADSL,Biz Speed
C08763,SME,Fiber,Web Family
C08764,Enterprise,Fiber,Web Family
C08765,Residential,ADSL,Biz Speed
C08766,SME,LTE,Web Booster
C08767,SME,ADSL,Web Family
C08768,SME,ADSL,Web Booster
C08769,Enterprise,Fiber,Web Booster
C08770,Enterprise,Fiber,Web Family
C08771,Enterprise,LTE,Web Booster
C08772,Enterprise,LTE,Web Family
C08773,SME,Fiber,Web Booster
C08774,Residential,Fiber,Web Booster
C08775,SME,LTE,Biz Speed
C08776,Enterprise,LTE,Web Booster
C08777,SME,Fiber,Web Family
C08778,Enterprise,ADSL,Biz Speed
C08779,SME,Fiber,Web Booster
C08780,SME,Fiber,Biz Speed
C08781,SME,Fiber,Web Booster
C08782,SME,Fiber,Web Booster
C08783,Residential,LTE,Biz Speed
C08784,SME,ADSL,Biz Speed
C08785,SME,ADSL,Web Booster
C08786,Residential,Fiber,Web Family
C08787,Residential,Fiber,Web Family
C08788,Residential,LTE,Web Family
C08789,Residential,ADSL,Biz Speed
C08790,Enterprise,LTE,Web Booster
C08791,Enterprise,ADSL,Biz Speed
C08792,SME,ADSL,Biz Speed
C08793,Residential,ADSL,Web Booster
C08794,Enterprise,Fiber,Web Booster
C08795,SME,ADSL,Web Booster
C08796,Residential,ADSL,Web Family
C08797,Enterprise,ADSL,Web Booster
C08798,Residential,LTE,Web Family
C08799,Residential,ADSL,Biz Speed
C08800,SME,Fiber,Web Family
C08801,Enterprise,Fiber,Web Family
C08802,SME,LTE,Biz Speed
C08803,Residential,Fiber,Biz Speed
C08804,Enterprise,ADSL,Web Family
C08805,SME,LTE,Web Booster
C08806,SME,Fiber,Web Booster
C08807,SME,ADSL,Web Family
C08808,Enterprise,Fiber,Web Family
C08809,SME,LTE,Web Booster
C08810,SME,LTE,Biz Speed
C08811,Residential,LTE,Web Family
C08812,Enterprise,ADSL,Web Booster
C08813,Residential,Fiber,Web Family
C08814,SME,Fiber,Web Booster
C08815,SME,LTE,Biz Speed
C08816,Residential,Fiber,Web Family
C08817,SME,ADSL,Web Booster
C08818,Residential,ADSL,Biz Speed
C08819,Enterprise,ADSL,Biz Speed
C08820,Residential,Fiber,Web Booster
C08821,Enterprise,Fiber,Web Family
C08822,SME,Fiber,Web Booster
C08823,Enterprise,LTE,Biz Speed
C08824,Enterprise,ADSL,Web Booster
C08825,SME,Fiber,Biz Speed
C08826,SME,LTE,Biz Speed
C08827,SME,ADSL,Web Family
C08828,Residential,LTE,Web Family
C08829,Residential,Fiber,Biz Speed
C08830,Enterprise,ADSL,Web Booster
C08831,Residential,ADSL,Web Family
C08832,SME,Fiber,Web Booster
C08833,Residential,LTE,Biz Speed
C08834,Residential,ADSL,Web Family
C08835,Enterprise,LTE,Web Booster
C08836,Residential,LTE,Web Family
C08837,Enterprise,LTE,Web Family
C08838,Residential,Fiber,Web Booster
C08839,SME,LTE,Biz Speed
C08840,SME,Fiber,Web Booster
C08841,SME,Fiber,Biz Speed
C08842,SME,Fiber,Web Booster
C08843,Enterprise,ADSL,Web Family
C08844,Residential,LTE,Biz Speed
C08845,SME,ADSL,Web Booster
C08846,Enterprise,LTE,Biz Speed
C08847,SME,Fiber,Web Booster
C08848,Enterprise,LTE,Web Family
C08849,SME,LTE,Biz Speed
C08850,Enterprise,LTE,Web Family
C08851,SME,LTE,Web Booster
C08852,SME,ADSL,Web Booster
C08853,Enterprise,ADSL,Biz Speed
C08854,Residential,ADSL,Biz Speed
C08855,Residential,LTE,Biz Speed
C08856,Enterprise,LTE,Web Family
C08857,Enterprise,LTE,Web Family
C08858,Enterprise,Fiber,Biz Speed
C08859,Enterprise,Fiber,Web Booster
C08860,SME,Fiber,Web Booster
C08861,SME,Fiber,Web Booster
C08862,Enterprise,Fiber,Web Family
C08863,Enterprise,Fiber,Web Family
C08864,Enterprise,Fiber,Web Family
C08865,Residential,ADSL,Web Booster
C08866,Enterprise,Fiber,Web Family
C08867,Residential,LTE,Web Family
C08868,Enterprise,Fiber,Web Booster
C08869,Residential,LTE,Web Booster
C08870,SME,LTE,Web Booster
C08871,Residential,Fiber,Biz Speed
C08872,SME,Fiber,Biz Speed
C08873,Residential,LTE,Biz Speed
C08874,Enterprise,LTE,Web Booster
C08875,Residential,Fiber,Biz Speed
C08876,Residential,ADSL,Web Booster
C08877,Enterprise,LTE,Biz Speed
C08878,SME,Fiber,Web Booster
C08879,Enterprise,Fiber,Web Family
C08880,Residential,ADSL,Web Booster
C08881,Residential,LTE,Web Booster
C08882,Enterprise,Fiber,Web Family
C08883,Residential,ADSL,Web Family
C08884,Enterprise,Fiber,Web Booster
C08885,SME,LTE,Web Family
C08886,Enterprise,LTE,Web Booster
C08887,Enterprise,LTE,Web Family
C08888,Enterprise,LTE,Web Booster
C08889,Residential,ADSL,Web Booster
C08890,Residential,Fiber,Web Booster
C08891,Enterprise,Fiber,Biz Speed
C08892,Residential,ADSL,Web Booster
C08893,SME,LTE,Biz Speed
C08894,Residential,LTE,Web Family
C08895,SME,ADSL,Web Family
C08896,Residential,ADSL,Biz Speed
C08897,Residential,ADSL,Web Booster
C08898,SME,ADSL,Biz Speed
C08899,SME,Fiber,Web Family
C08900,Enterprise,Fiber,Web Family
C08901,SME,Fiber,Web Booster
C08902,Enterprise,ADSL,Web Family
C08903,Residential,LTE,Web Booster
C08904,Residential,Fiber,Web Booster
C08905,SME,Fiber,Biz Speed
C08906,SME,Fiber,Biz Speed
C08907,Residential,Fiber,Web Family
C08908,Residential,LTE,Web Family
C08909,Residential,Fiber,Web Family
C08910,Residential,LTE,Biz Speed
C08911,SME,LTE,Biz Speed
C08912,Residential,ADSL,Web Booster
C08913,Enterprise,Fiber,Web Booster
C08914,Enterprise,ADSL,Biz Speed
C08915,SME,LTE,Web Booster
C08916,Enterprise,ADSL,Web Family
C08917,SME,Fiber,Web Family
C08918,Enterprise,Fiber,Web Booster
C08919,Residential,ADSL,Web Family
C08920,Enterprise,LTE,Web Family
C08921,Enterprise,Fiber,Biz Speed
C08922,Enterprise,LTE,Web Family
C08923,SME,Fiber,Web Booster
C08924,SME,LTE,Web Booster
C08925,SME,LTE,Web Family
C08926,Enterprise,ADSL,Biz Speed
C08927,SME,LTE,Web Family
C08928,SME,Fiber,Biz Speed
C08929,Residential,ADSL,Biz Speed
C08930,Enterprise,LTE,Biz Speed
C08931,SME,Fiber,Web Family
C08932,Residential,LTE,Web Booster
C08933,SME,Fiber,Web Booster
C08934,SME,ADSL,Biz Speed
C08935,Enterprise,LTE,Biz Speed
C08936,Enterprise,LTE,Web Booster
C08937,SME,Fiber,Biz Speed
C08938,SME,Fiber,Biz Speed
C08939,Enterprise,Fiber,Web Family
C08940,SME,LTE,Biz Speed
C08941,Residential,ADSL,Web Family
C08942,SME,ADSL,Biz Speed
C08943,Residential,ADSL,Biz Speed
C08944,SME,LTE,Biz Speed
C08945,Residential,ADSL,Biz Speed
C08946,Enterprise,LTE,Biz Speed
C08947,SME,Fiber,Biz Speed
C08948,SME,LTE,Biz Speed
C08949,SME,ADSL,Web Family
C08950,SME,LTE,Web Booster
C08951,Enterprise,Fiber,Web Booster
C08952,Enterprise,Fiber,Web Family
C08953,Residential,ADSL,Web Booster
C08954,Residential,ADSL,Biz Speed
C08955,Residential,ADSL,Biz Speed
C08956,SME,LTE,Web Family
C08957,SME,Fiber,Web Booster
C08958,Residential,LTE,Biz Speed
C08959,Enterprise,ADSL,Web Family
C08960,Residential,Fiber,Web Booster
C08961,Enterprise,ADSL,Biz Speed
C08962,Enterprise,LTE,Web Family
C08963,SME,LTE,Biz Speed
C08964,SME,LTE,Web Family
C08965,SME,LTE,Biz Speed
C08966,SME,LTE,Biz Speed
C08967,SME,LTE,Web Booster
C08968,Enterprise,LTE,Web Booster
C08969,Residential,LTE,Web Booster
C08970,Residential,LTE,Biz Speed
C08971,SME,LTE,Web Family
C08972,Residential,Fiber,Biz Speed
C08973,Enterprise,ADSL,Web Booster
C08974,Residential,Fiber,Biz Speed
C08975,SME,ADSL,Web Booster
C08976,Residential,Fiber,Web Booster
C08977,SME,Fiber,Web Family
C08978,Residential,LTE,Web Booster
C08979,SME,Fiber,Biz Speed
C08980,SME,Fiber,Web Booster
C08981,SME,ADSL,Web Family
C08982,Residential,Fiber,Web Booster
C08983,Residential,LTE,Web Booster
C08984,Residential,ADSL,Web Family
C08985,SME,ADSL,Web Family
C08986,Enterprise,ADSL,Web Family
C08987,Enterprise,ADSL,Web Family
C08988,SME,LTE,Biz Speed
C08989,Enterprise,ADSL,Web Booster
C08990,SME,Fiber,Web Booster
C08991,Residential,LTE,Web Family
C08992,Enterprise,Fiber,Web Family
C08993,Residential,LTE,Web Family
C08994,Enterprise,LTE,Biz Speed
C08995,Residential,LTE,Biz Speed
C08996,SME,Fiber,Web Booster
C08997,Enterprise,ADSL,Web Booster
C08998,SME,LTE,Web Booster
C08999,Enterprise,LTE,Biz Speed
C09000,Residential,ADSL,Biz Speed
C09001,Residential,Fiber,Web Booster
C09002,SME,ADSL,Web Booster
C09003,Residential,Fiber,Web Family
C09004,Residential,LTE,Web Family
C09005,Enterprise,LTE,Web Booster
C09006,Residential,Fiber,Web Booster
C09007,SME,ADSL,Biz Speed
C09008,SME,Fiber,Biz Speed
C09009,Residential,ADSL,Web Family
C09010,SME,LTE,Web Booster
C09011,Enterprise,Fiber,Web Family
C09012,Residential,LTE,Biz Speed
C09013,SME,LTE,Biz Speed
C09014,Enterprise,ADSL,Web Booster
C09015,SME,Fiber,Web Booster
C09016,SME,ADSL,Web Booster
C09017,SME,LTE,Web Booster
C09018,Residential,Fiber,Web Booster
C09019,Residential,LTE,Biz Speed
C09020,SME,Fiber,Biz Speed
C09021,SME,Fiber,Web Booster
C09022,SME,Fiber,Web Family
C09023,Residential,ADSL,Web Family
C09024,SME,ADSL,Web Booster
C09025,Residential,LTE,Web Family
C09026,Residential,ADSL,Biz Speed
C09027,SME,Fiber,Web Family
C09028,Residential,ADSL,Biz Speed
C09029,Residential,Fiber,Biz Speed
C09030,Enterprise,Fiber,Biz Speed
C09031,SME,ADSL,Biz Speed
C09032,SME,ADSL,Web Booster
C09033,Enterprise,ADSL,Web Family
C09034,Residential,Fiber,Web Booster
C09035,Residential,Fiber,Web Family
C09036,Residential,ADSL,Biz Speed
C09037,Residential,LTE,Web Family
C09038,Residential,Fiber,Web Booster
C09039,SME,ADSL,Biz Speed
C09040,SME,LTE,Web Family
C09041,SME,Fiber,Biz Speed
C09042,Residential,LTE,Web Booster
C09043,Enterprise,ADSL,Web Booster
C09044,Residential,Fiber,Web Family
C09045,SME,LTE,Web Booster
C09046,Residential,Fiber,Web Booster
C09047,SME,ADSL,Web Booster
C09048,SME,ADSL,Web Booster
C09049,Residential,LTE,Web Booster
C09050,Enterprise,ADSL,Biz Speed
C09051,Enterprise,LTE,Web Family
C09052,Residential,Fiber,Biz Speed
C09053,Residential,LTE,Biz Speed
C09054,Enterprise,LTE,Web Family
C09055,Enterprise,LTE,Web Booster
C09056,SME,Fiber,Web Family
C09057,SME,LTE,Web Family
C09058,Enterprise,ADSL,Biz Speed
C09059,SME,LTE,Web Family
C09060,Residential,Fiber,Web Family
C09061,Enterprise,LTE,Biz Speed
C09062,SME,Fiber,Web Family
C09063,SME,Fiber,Web Booster
C09064,Residential,Fiber,Web Booster
C09065,Enterprise,LTE,Web Booster
C09066,Enterprise,LTE,Biz Speed
C09067,Enterprise,ADSL,Web Booster
C09068,Enterprise,Fiber,Web Booster
C09069,Enterprise,Fiber,Web Booster
C09070,Residential,Fiber,Web Booster
C09071,Residential,Fiber,Web Booster
C09072,Residential,ADSL,Web Booster
C09073,SME,ADSL,Web Family
C09074,Residential,LTE,Biz Speed
C09075,Residential,LTE,Web Family
C09076,SME,Fiber,Web Family
C09077,Residential,Fiber,Web Family
C09078,SME,Fiber,Web Booster
C09079,Enterprise,LTE,Web Booster
C09080,Residential,Fiber,Biz Speed
C09081,SME,ADSL,Biz Speed
C09082,Enterprise,LTE,Web Booster
C09083,Residential,ADSL,Web Family
C09084,Enterprise,Fiber,Web Family
C09085,SME,Fiber,Web Family
C09086,Residential,LTE,Biz Speed
C09087,Enterprise,ADSL,Web Family
C09088,SME,LTE,Web Family
C09089,Enterprise,Fiber,Biz Speed
C09090,Enterprise,LTE,Web Family
C09091,SME,Fiber,Biz Speed
C09092,SME,ADSL,Web Family
C09093,SME,ADSL,Biz Speed
C09094,Residential,ADSL,Biz Speed
C09095,Enterprise,LTE,Web Booster
C09096,Residential,ADSL,Web Family
C09097,Enterprise,LTE,Biz Speed
C09098,Residential,LTE,Biz Speed
C09099,Residential,LTE,Biz Speed
C09100,Residential,LTE,Biz Speed
C09101,Residential,LTE,Web Family
C09102,Enterprise,ADSL,Web Family
C09103,Residential,LTE,Web Booster
C09104,Residential,ADSL,Web Family
C09105,SME,Fiber,Web Booster
C09106,Enterprise,ADSL,Biz Speed
C09107,SME,LTE,Web Booster
C09108,Residential,ADSL,Biz Speed
C09109,SME,Fiber,Web Family
C09110,Enterprise,ADSL,Biz Speed
C09111,SME,Fiber,Web Family
C09112,Residential,LTE,Biz Speed
C09113,Enterprise,Fiber,Biz Speed
C09114,SME,LTE,Biz Speed
C09115,Residential,LTE,Web Booster
C09116,Enterprise,Fiber,Web Booster
C09117,Residential,LTE,Web Family
C09118,Enterprise,Fiber,Web Family
C09119,Enterprise,Fiber,Web Family
C09120,SME,Fiber,Web Booster
C09121,Enterprise,LTE,Web Family
C09122,SME,ADSL,Biz Speed
C09123,Residential,Fiber,Web Family
C09124,Residential,Fiber,Biz Speed
C09125,Enterprise,Fiber,Biz Speed
C09126,Enterprise,LTE,Biz Speed
C09127,Enterprise,ADSL,Web Family
C09128,Enterprise,ADSL,Biz Speed
C09129,SME,Fiber,Web Family
C09130,Residential,Fiber,Web Family
C09131,SME,ADSL,Web Family
C09132,SME,ADSL,Web Family
C09133,SME,LTE,Web Booster
C09134,Residential,ADSL,Web Family
C09135,Residential,ADSL,Biz Speed
C09136,Residential,Fiber,Web Booster
C09137,Residential,ADSL,Biz Speed
C09138,SME,Fiber,Web Booster
C09139,Enterprise,ADSL,Biz Speed
C09140,Residential,Fiber,Web Family
C09141,SME,Fiber,Biz Speed
C09142,Enterprise,Fiber,Web Booster
C09143,SME,ADSL,Biz Speed
C09144,SME,LTE,Web Booster
C09145,Residential,Fiber,Web Family
C09146,Enterprise,Fiber,Biz Speed
C09147,Residential,ADSL,Web Family
C09148,Residential,ADSL,Web Family
C09149,Enterprise,LTE,Web Booster
C09150,Residential,LTE,Biz Speed
C09151,Enterprise,LTE,Biz Speed
C09152,Enterprise,LTE,Web Family
C09153,SME,Fiber,Biz Speed
C09154,SME,LTE,Web Booster
C09155,SME,Fiber,Biz Speed
C09156,Enterprise,ADSL,Biz Speed
C09157,Residential,Fiber,Web Family
C09158,Residential,Fiber,Web Family
C09159,Residential,ADSL,Biz Speed
C09160,SME,ADSL,Web Booster
C09161,SME,LTE,Biz Speed
C09162,Enterprise,ADSL,Biz Speed
C09163,Enterprise,LTE,Biz Speed
C09164,SME,ADSL,Web Booster
C09165,Residential,Fiber,Web Booster
C09166,Enterprise,Fiber,Web Family
C09167,SME,LTE,Web Family
C09168,Residential,LTE,Web Family
C09169,SME,LTE,Biz Speed
C09170,Residential,Fiber,Web Booster
C09171,Residential,ADSL,Web Family
C09172,SME,LTE,Biz Speed
C09173,Enterprise,LTE,Web Booster
C09174,Enterprise,LTE,Biz Speed
C09175,SME,LTE,Biz Speed
C09176,SME,Fiber,Biz Speed
C09177,Residential,LTE,Biz Speed
C09178,Enterprise,Fiber,Web Family
C09179,Enterprise,Fiber,Web Booster
C09180,SME,Fiber,Web Family
C09181,SME,Fiber,Web Booster
C09182,Enterprise,LTE,Web Booster
C09183,Residential,LTE,Biz Speed
C09184,Residential,Fiber,Web Family
C09185,Residential,ADSL,Web Family
C09186,Residential,Fiber,Biz Speed
C09187,Enterprise,Fiber,Biz Speed
C09188,Enterprise,LTE,Biz Speed
C09189,Enterprise,LTE,Web Family
C09190,Residential,Fiber,Web Family
C09191,Enterprise,ADSL,Biz Speed
C09192,Residential,Fiber,Biz Speed
C09193,Enterprise,LTE,Web Booster
C09194,SME,ADSL,Web Booster
C09195,Residential,LTE,Web Family
C09196,Enterprise,LTE,Web Family
C09197,Residential,ADSL,Web Booster
C09198,Enterprise,Fiber,Web Booster
C09199,Residential,LTE,Biz Speed
C09200,Residential,ADSL,Web Booster
C09201,Residential,ADSL,Biz Speed
C09202,SME,LTE,Web Family
C09203,Residential,Fiber,Web Booster
C09204,Residential,ADSL,Web Family
C09205,Enterprise,ADSL,Web Booster
C09206,Residential,LTE,Web Family
C09207,Residential,Fiber,Web Family
C09208,SME,Fiber,Web Family
C09209,Residential,Fiber,Biz Speed
C09210,Residential,Fiber,Biz Speed
C09211,Enterprise,LTE,Biz Speed
C09212,Enterprise,LTE,Web Family
C09213,SME,Fiber,Biz Speed
C09214,SME,ADSL,Web Family
C09215,Enterprise,Fiber,Biz Speed
C09216,SME,ADSL,Web Booster
C09217,SME,LTE,Biz Speed
C09218,Enterprise,LTE,Biz Speed
C09219,Residential,Fiber,Web Family
C09220,SME,LTE,Web Booster
C09221,Residential,Fiber,Web Booster
C09222,SME,LTE,Biz Speed
C09223,Residential,ADSL,Biz Speed
C09224,Enterprise,LTE,Biz Speed
C09225,SME,ADSL,Biz Speed
C09226,SME,LTE,Web Family
C09227,SME,ADSL,Web Family
C09228,Enterprise,Fiber,Web Booster
C09229,SME,Fiber,Web Booster
C09230,Enterprise,ADSL,Web Booster
C09231,Enterprise,LTE,Web Family
C09232,Residential,Fiber,Web Booster
C09233,Enterprise,LTE,Web Booster
C09234,Residential,ADSL,Web Family
C09235,Enterprise,Fiber,Web Booster
C09236,Enterprise,Fiber,Web Booster
C09237,Enterprise,LTE,Web Family
C09238,SME,ADSL,Web Family
C09239,Enterprise,LTE,Web Booster
C09240,Residential,LTE,Biz Speed
C09241,Residential,ADSL,Web Booster
C09242,Residential,Fiber,Web Family
C09243,Residential,LTE,Web Booster
C09244,SME,Fiber,Web Booster
C09245,Enterprise,ADSL,Biz Speed
C09246,Residential,Fiber,Web Family
C09247,SME,ADSL,Biz Speed
C09248,Residential,Fiber,Web Booster
C09249,SME,ADSL,Biz Speed
C09250,Enterprise,LTE,Web Family
C09251,SME,Fiber,Web Booster
C09252,Residential,Fiber,Biz Speed
C09253,Residential,LTE,Biz Speed
C09254,Enterprise,LTE,Biz Speed
C09255,Enterprise,Fiber,Web Family
C09256,SME,ADSL,Web Booster
C09257,SME,LTE,Biz Speed
C09258,Residential,Fiber,Biz Speed
C09259,SME,ADSL,Biz Speed
C09260,Enterprise,LTE,Web Booster
C09261,Residential,LTE,Web Booster
C09262,Enterprise,Fiber,Web Family
C09263,Residential,ADSL,Biz Speed
C09264,SME,ADSL,Biz Speed
C09265,Residential,Fiber,Web Booster
C09266,Residential,Fiber,Web Family
C09267,Residential,LTE,Biz Speed
C09268,SME,Fiber,Web Family
C09269,Residential,LTE,Web Booster
C09270,Enterprise,Fiber,Web Family
C09271,Enterprise,ADSL,Biz Speed
C09272,Enterprise,Fiber,Web Family
C09273,SME,LTE,Web Booster
C09274,Enterprise,Fiber,Biz Speed
C09275,Enterprise,ADSL,Biz Speed
C09276,Enterprise,Fiber,Web Booster
C09277,SME,ADSL,Web Booster
C09278,Residential,Fiber,Biz Speed
C09279,Enterprise,ADSL,Biz Speed
C09280,Residential,ADSL,Web Booster
C09281,Enterprise,ADSL,Biz Speed
C09282,Enterprise,Fiber,Biz Speed
C09283,SME,Fiber,Biz Speed
C09284,Enterprise,Fiber,Web Family
C09285,Enterprise,Fiber,Biz Speed
C09286,Residential,LTE,Biz Speed
C09287,Enterprise,ADSL,Biz Speed
C09288,SME,LTE,Web Booster
C09289,Enterprise,ADSL,Web Booster
C09290,SME,LTE,Web Family
C09291,Residential,LTE,Web Booster
C09292,Residential,ADSL,Web Booster
C09293,Enterprise,LTE,Web Booster
C09294,SME,LTE,Web Booster
C09295,Residential,ADSL,Web Booster
C09296,Enterprise,LTE,Web Family
C09297,Enterprise,ADSL,Web Family
C09298,Enterprise,LTE,Biz Speed
C09299,Enterprise,ADSL,Web Family
C09300,Enterprise,ADSL,Biz Speed
C09301,SME,ADSL,Web Booster
C09302,Residential,ADSL,Web Booster
C09303,Enterprise,ADSL,Web Family
C09304,Enterprise,LTE,Web Family
C09305,Enterprise,Fiber,Web Booster
C09306,Enterprise,Fiber,Web Family
C09307,Enterprise,ADSL,Web Family
C09308,SME,LTE,Web Booster
C09309,Enterprise,ADSL,Web Family
C09310,Residential,ADSL,Biz Speed
C09311,Enterprise,ADSL,Web Family
C09312,Residential,Fiber,Web Family
C09313,Enterprise,ADSL,Web Booster
C09314,Residential,Fiber,Web Booster
C09315,Enterprise,LTE,Web Family
C09316,SME,ADSL,Web Family
C09317,Residential,Fiber,Web Family
C09318,Enterprise,LTE,Web Booster
C09319,SME,Fiber,Web Booster
C09320,Enterprise,LTE,Web Family
C09321,SME,Fiber,Web Booster
C09322,Residential,Fiber,Web Family
C09323,Residential,LTE,Web Booster
C09324,SME,LTE,Biz Speed
C09325,Residential,ADSL,Web Family
C09326,SME,LTE,Web Booster
C09327,Residential,Fiber,Web Family
C09328,Residential,LTE,Web Booster
C09329,SME,LTE,Web Booster
C09330,SME,ADSL,Web Booster
C09331,SME,Fiber,Web Family
C09332,Enterprise,Fiber,Biz Speed
C09333,Enterprise,Fiber,Web Booster
C09334,Residential,LTE,Web Booster
C09335,Enterprise,LTE,Web Family
C09336,Residential,Fiber,Biz Speed
C09337,Enterprise,ADSL,Biz Speed
C09338,SME,LTE,Web Booster
C09339,Enterprise,LTE,Web Family
C09340,SME,LTE,Web Booster
C09341,SME,ADSL,Web Booster
C09342,SME,Fiber,Biz Speed
C09343,Residential,LTE,Web Booster
C09344,Enterprise,ADSL,Biz Speed
C09345,Residential,Fiber,Biz Speed
C09346,SME,Fiber,Biz Speed
C09347,Residential,LTE,Biz Speed
C09348,Residential,Fiber,Biz Speed
C09349,Enterprise,Fiber,Web Booster
C09350,Enterprise,ADSL,Web Family
C09351,SME,ADSL,Web Family
C09352,Enterprise,Fiber,Web Family
C09353,SME,LTE,Web Booster
C09354,SME,Fiber,Web Booster
C09355,Residential,LTE,Biz Speed
C09356,SME,Fiber,Biz Speed
C09357,SME,ADSL,Web Family
C09358,Residential,Fiber,Biz Speed
C09359,SME,LTE,Biz Speed
C09360,SME,ADSL,Web Booster
C09361,Residential,LTE,Web Family
C09362,Enterprise,ADSL,Web Family
C09363,Enterprise,Fiber,Biz Speed
C09364,Residential,ADSL,Biz Speed
C09365,SME,ADSL,Biz Speed
C09366,Residential,LTE,Web Family
C09367,Residential,Fiber,Web Family
C09368,Residential,Fiber,Biz Speed
C09369,Residential,ADSL,Web Family
C09370,SME,ADSL,Web Booster
C09371,Residential,LTE,Web Booster
C09372,SME,LTE,Biz Speed
C09373,SME,Fiber,Biz Speed
C09374,Residential,LTE,Web Family
C09375,Enterprise,ADSL,Biz Speed
C09376,Enterprise,ADSL,Web Family
C09377,Residential,LTE,Biz Speed
C09378,SME,LTE,Web Booster
C09379,SME,ADSL,Biz Speed
C09380,Enterprise,LTE,Web Booster
C09381,Enterprise,LTE,Biz Speed
C09382,Enterprise,LTE,Web Booster
C09383,Enterprise,ADSL,Web Booster
C09384,SME,Fiber,Web Booster
C09385,SME,ADSL,Web Booster
C09386,SME,LTE,Biz Speed
C09387,SME,Fiber,Web Booster
C09388,Enterprise,ADSL,Biz Speed
C09389,SME,LTE,Web Booster
C09390,Residential,LTE,Web Family
C09391,Enterprise,ADSL,Biz Speed
C09392,Residential,ADSL,Web Booster
C09393,Enterprise,Fiber,Biz Speed
C09394,Residential,LTE,Biz Speed
C09395,Enterprise,ADSL,Web Booster
C09396,SME,Fiber,Web Family
C09397,SME,Fiber,Biz Speed
C09398,SME,Fiber,Web Booster
C09399,Enterprise,LTE,Biz Speed
C09400,Residential,Fiber,Biz Speed
C09401,Enterprise,LTE,Web Booster
C09402,SME,ADSL,Web Booster
C09403,Residential,LTE,Biz Speed
C09404,Residential,Fiber,Web Booster
C09405,Enterprise,LTE,Web Family
C09406,Enterprise,ADSL,Web Booster
C09407,SME,Fiber,Web Family
C09408,Residential,ADSL,Biz Speed
C09409,Enterprise,Fiber,Biz Speed
C09410,Enterprise,Fiber,Web Booster
C09411,Enterprise,ADSL,Biz Speed
C09412,Residential,LTE,Web Family
C09413,SME,ADSL,Web Family
C09414,Residential,LTE,Web Booster
C09415,Residential,Fiber,Web Booster
C09416,Enterprise,LTE,Biz Speed
C09417,SME,LTE,Biz Speed
C09418,SME,LTE,Web Family
C09419,SME,Fiber,Web Family
C09420,Enterprise,Fiber,Web Family
C09421,Residential,Fiber,Web Booster
C09422,SME,Fiber,Biz Speed
C09423,SME,Fiber,Web Family
C09424,SME,ADSL,Web Booster
C09425,Enterprise,Fiber,Biz Speed
C09426,Residential,Fiber,Web Family
C09427,Enterprise,Fiber,Biz Speed
C09428,SME,LTE,Biz Speed
C09429,SME,LTE,Biz Speed
C09430,Enterprise,ADSL,Biz Speed
C09431,SME,ADSL,Web Family
C09432,SME,LTE,Biz Speed
C09433,SME,ADSL,Web Booster
C09434,Residential,LTE,Web Family
C09435,Enterprise,ADSL,Biz Speed
C09436,SME,ADSL,Biz Speed
C09437,SME,Fiber,Web Booster
C09438,SME,ADSL,Web Family
C09439,Residential,ADSL,Web Booster
C09440,Residential,Fiber,Web Booster
C09441,Enterprise,Fiber,Web Booster
C09442,SME,ADSL,Biz Speed
C09443,Enterprise,ADSL,Web Booster
C09444,Residential,ADSL,Biz Speed
C09445,Residential,ADSL,Web Booster
C09446,Residential,LTE,Web Booster
C09447,Residential,LTE,Biz Speed
C09448,Enterprise,LTE,Biz Speed
C09449,SME,LTE,Biz Speed
C09450,Enterprise,Fiber,Web Family
C09451,SME,ADSL,Web Booster
C09452,Enterprise,Fiber,Biz Speed
C09453,SME,LTE,Web Booster
C09454,Enterprise,ADSL,Biz Speed
C09455,Residential,LTE,Web Booster
C09456,SME,Fiber,Web Booster
C09457,Residential,Fiber,Web Family
C09458,Residential,ADSL,Biz Speed
C09459,Enterprise,Fiber,Biz Speed
C09460,Enterprise,LTE,Biz Speed
C09461,Enterprise,ADSL,Web Booster
C09462,Residential,Fiber,Web Family
C09463,Enterprise,LTE,Web Family
C09464,Residential,Fiber,Biz Speed
C09465,Enterprise,Fiber,Biz Speed
C09466,Enterprise,Fiber,Web Family
C09467,Residential,ADSL,Web Booster
C09468,SME,ADSL,Web Booster
C09469,Residential,Fiber,Web Booster
C09470,SME,ADSL,Web Family
C09471,Enterprise,LTE,Biz Speed
C09472,Enterprise,ADSL,Web Family
C09473,SME,LTE,Biz Speed
C09474,Enterprise,ADSL,Web Booster
C09475,SME,Fiber,Web Booster
C09476,Residential,LTE,Web Family
C09477,Enterprise,LTE,Biz Speed
C09478,Residential,Fiber,Web Booster
C09479,SME,Fiber,Web Booster
C09480,Residential,LTE,Web Booster
C09481,Enterprise,Fiber,Web Booster
C09482,SME,ADSL,Biz Speed
C09483,Enterprise,LTE,Biz Speed
C09484,Enterprise,LTE,Web Booster
C09485,SME,LTE,Biz Speed
C09486,SME,LTE,Web Family
C09487,Residential,Fiber,Biz Speed
C09488,Residential,ADSL,Biz Speed
C09489,Residential,LTE,Web Family
C09490,Enterprise,LTE,Web Family
C09491,SME,ADSL,Web Family
C09492,Enterprise,Fiber,Web Booster
C09493,Residential,ADSL,Biz Speed
C09494,Residential,LTE,Biz Speed
C09495,SME,LTE,Biz Speed
C09496,Enterprise,ADSL,Web Booster
C09497,Residential,LTE,Web Booster
C09498,SME,Fiber,Biz Speed
C09499,Residential,Fiber,Web Booster
C09500,SME,LTE,Biz Speed
C09501,Residential,LTE,Web Family
C09502,Residential,Fiber,Biz Speed
C09503,Enterprise,LTE,Web Family
C09504,Residential,LTE,Biz Speed
C09505,Enterprise,ADSL,Web Booster
C09506,SME,ADSL,Biz Speed
C09507,SME,LTE,Web Booster
C09508,Residential,Fiber,Web Family
C09509,Residential,ADSL,Biz Speed
C09510,Enterprise,Fiber,Biz Speed
C09511,Enterprise,Fiber,Web Booster
C09512,SME,ADSL,Web Booster
C09513,Enterprise,LTE,Biz Speed
C09514,Residential,LTE,Web Booster
C09515,SME,Fiber,Biz Speed
C09516,Residential,ADSL,Biz Speed
C09517,Residential,LTE,Web Family
C09518,Residential,ADSL,Biz Speed
C09519,SME,LTE,Biz Speed
C09520,SME,ADSL,Web Booster
C09521,Enterprise,ADSL,Biz Speed
C09522,Residential,ADSL,Biz Speed
C09523,Enterprise,ADSL,Web Booster
C09524,Residential,LTE,Web Family
C09525,Residential,ADSL,Web Family
C09526,Residential,ADSL,Biz Speed
C09527,SME,Fiber,Biz Speed
C09528,Residential,Fiber,Biz Speed
C09529,Residential,Fiber,Web Booster
C09530,Enterprise,LTE,Web Booster
C09531,SME,ADSL,Web Booster
C09532,Residential,LTE,Biz Speed
C09533,SME,Fiber,Web Booster
C09534,SME,ADSL,Web Booster
C09535,Enterprise,Fiber,Web Family
C09536,SME,LTE,Biz Speed
C09537,SME,LTE,Web Family
C09538,Residential,LTE,Web Family
C09539,Residential,Fiber,Web Booster
C09540,SME,ADSL,Biz Speed
C09541,Residential,LTE,Web Booster
C09542,Enterprise,Fiber,Web Booster
C09543,Enterprise,Fiber,Web Family
C09544,Residential,LTE,Biz Speed
C09545,Enterprise,LTE,Web Family
C09546,Residential,LTE,Web Family
C09547,Enterprise,Fiber,Web Family
C09548,SME,Fiber,Web Booster
C09549,SME,Fiber,Biz Speed
C09550,SME,LTE,Web Booster
C09551,SME,ADSL,Biz Speed
C09552,Enterprise,ADSL,Web Family
C09553,SME,LTE,Biz Speed
C09554,Residential,Fiber,Web Booster
C09555,Enterprise,ADSL,Web Family
C09556,Enterprise,LTE,Biz Speed
C09557,SME,LTE,Biz Speed
C09558,Enterprise,LTE,Web Booster
C09559,Residential,LTE,Web Booster
C09560,SME,ADSL,Biz Speed
C09561,Enterprise,Fiber,Web Family
C09562,Residential,ADSL,Web Family
C09563,Residential,LTE,Biz Speed
C09564,SME,ADSL,Web Booster
C09565,SME,Fiber,Web Family
C09566,SME,Fiber,Web Family
C09567,SME,LTE,Biz Speed
C09568,Enterprise,LTE,Web Family
C09569,Residential,LTE,Web Booster
C09570,Enterprise,ADSL,Web Booster
C09571,Residential,Fiber,Biz Speed
C09572,Residential,ADSL,Biz Speed
C09573,Residential,Fiber,Biz Speed
C09574,SME,Fiber,Web Booster
C09575,Residential,Fiber,Web Booster
C09576,Enterprise,Fiber,Web Booster
C09577,Enterprise,Fiber,Web Family
C09578,Residential,Fiber,Web Booster
C09579,Residential,LTE,Web Booster
C09580,Residential,LTE,Web Booster
C09581,Residential,ADSL,Biz Speed
C09582,Residential,ADSL,Web Booster
C09583,SME,LTE,Web Booster
C09584,Enterprise,ADSL,Web Booster
C09585,Enterprise,ADSL,Web Booster
C09586,SME,LTE,Biz Speed
C09587,Enterprise,LTE,Web Booster
C09588,SME,LTE,Biz Speed
C09589,Enterprise,LTE,Web Family
C09590,Enterprise,Fiber,Web Booster
C09591,Enterprise,LTE,Web Booster
C09592,Enterprise,Fiber,Biz Speed
C09593,Residential,ADSL,Web Booster
C09594,Enterprise,LTE,Web Family
C09595,Residential,LTE,Biz Speed
C09596,Enterprise,ADSL,Web Family
C09597,Residential,LTE,Biz Speed
C09598,Residential,ADSL,Biz Speed
C09599,Residential,LTE,Web Booster
C09600,Enterprise,LTE,Web Booster
C09601,Residential,Fiber,Biz Speed
C09602,Enterprise,LTE,Biz Speed
C09603,SME,Fiber,Web Family
C09604,Enterprise,Fiber,Web Booster
C09605,Residential,ADSL,Web Booster
C09606,Residential,Fiber,Biz Speed
C09607,Residential,ADSL,Web Booster
C09608,SME,Fiber,Biz Speed
C09609,Enterprise,Fiber,Web Booster
C09610,Enterprise,Fiber,Biz Speed
C09611,Residential,ADSL,Web Family
C09612,Residential,LTE,Biz Speed
C09613,Residential,LTE,Web Booster
C09614,Enterprise,ADSL,Web Family
C09615,SME,LTE,Biz Speed
C09616,Residential,Fiber,Biz Speed
C09617,Residential,LTE,Web Booster
C09618,Residential,ADSL,Biz Speed
C09619,Residential,Fiber,Web Booster
C09620,Enterprise,Fiber,Web Booster
C09621,Enterprise,LTE,Web Booster
C09622,Residential,ADSL,Biz Speed
C09623,Enterprise,Fiber,Web Booster
C09624,SME,Fiber,Web Family
C09625,SME,Fiber,Web Family
C09626,Residential,Fiber,Web Family
C09627,Enterprise,ADSL,Web Family
C09628,Residential,Fiber,Web Family
C09629,SME,ADSL,Web Family
C09630,Enterprise,ADSL,Web Family
C09631,Enterprise,ADSL,Biz Speed
C09632,SME,ADSL,Web Booster
C09633,SME,Fiber,Web Family
C09634,Enterprise,Fiber,Biz Speed
C09635,Enterprise,Fiber,Biz Speed
C09636,Enterprise,Fiber,Web Family
C09637,Enterprise,ADSL,Biz Speed
C09638,SME,Fiber,Web Family
C09639,Enterprise,LTE,Web Booster
C09640,SME,ADSL,Biz Speed
C09641,SME,Fiber,Web Family
C09642,Residential,ADSL,Biz Speed
C09643,Residential,ADSL,Web Family
C09644,SME,LTE,Web Family
C09645,Residential,Fiber,Web Family
C09646,Residential,Fiber,Web Family
C09647,SME,ADSL,Web Booster
C09648,SME,Fiber,Web Booster
C09649,SME,LTE,Web Booster
C09650,Enterprise,LTE,Web Booster
C09651,Enterprise,Fiber,Web Booster
C09652,Enterprise,LTE,Web Family
C09653,SME,ADSL,Web Family
C09654,Residential,Fiber,Biz Speed
C09655,Enterprise,ADSL,Biz Speed
C09656,Enterprise,ADSL,Biz Speed
C09657,Residential,LTE,Biz Speed
C09658,Residential,Fiber,Biz Speed
C09659,Residential,Fiber,Web Booster
C09660,SME,Fiber,Web Family
C09661,Enterprise,LTE,Web Booster
C09662,SME,LTE,Biz Speed
C09663,Enterprise,Fiber,Web Family
C09664,SME,Fiber,Web Family
C09665,Enterprise,ADSL,Web Booster
C09666,Residential,Fiber,Biz Speed
C09667,Residential,LTE,Biz Speed
C09668,SME,Fiber,Web Family
C09669,SME,Fiber,Web Family
C09670,SME,LTE,Biz Speed
C09671,SME,LTE,Biz Speed
C09672,Enterprise,ADSL,Web Family
C09673,Enterprise,Fiber,Web Family
C09674,Enterprise,ADSL,Web Family
C09675,SME,Fiber,Web Family
C09676,SME,ADSL,Biz Speed
C09677,SME,ADSL,Web Booster
C09678,SME,LTE,Web Family
C09679,Residential,ADSL,Web Booster
C09680,Residential,LTE,Biz Speed
C09681,Residential,LTE,Web Booster
C09682,Residential,ADSL,Biz Speed
C09683,SME,ADSL,Biz Speed
C09684,Residential,ADSL,Web Family
C09685,Enterprise,Fiber,Web Booster
C09686,SME,ADSL,Web Booster
C09687,SME,ADSL,Web Booster
C09688,Enterprise,LTE,Web Family
C09689,SME,Fiber,Web Family
C09690,Residential,Fiber,Web Booster
C09691,Residential,ADSL,Web Booster
C09692,Residential,Fiber,Web Booster
C09693,SME,Fiber,Biz Speed
C09694,Enterprise,LTE,Web Booster
C09695,SME,LTE,Web Family
C09696,Enterprise,LTE,Biz Speed
C09697,SME,Fiber,Web Family
C09698,SME,Fiber,Web Family
C09699,Residential,Fiber,Web Booster
C09700,Enterprise,ADSL,Web Family
C09701,Enterprise,Fiber,Web Booster
C09702,Enterprise,ADSL,Web Booster
C09703,SME,LTE,Web Family
C09704,Enterprise,Fiber,Web Booster
C09705,SME,Fiber,Web Booster
C09706,SME,Fiber,Web Family
C09707,Enterprise,LTE,Biz Speed
C09708,SME,LTE,Biz Speed
C09709,SME,LTE,Web Family
C09710,Residential,Fiber,Web Family
C09711,SME,ADSL,Web Family
C09712,Residential,Fiber,Biz Speed
C09713,Enterprise,LTE,Web Booster
C09714,Enterprise,Fiber,Biz Speed
C09715,SME,ADSL,Web Family
C09716,Enterprise,Fiber,Biz Speed
C09717,Residential,ADSL,Web Booster
C09718,Enterprise,LTE,Web Family
C09719,Enterprise,Fiber,Web Booster
C09720,Enterprise,ADSL,Biz Speed
C09721,Enterprise,LTE,Web Family
C09722,Residential,Fiber,Web Booster
C09723,SME,Fiber,Web Family
C09724,Enterprise,ADSL,Web Booster
C09725,Residential,ADSL,Web Booster
C09726,Residential,Fiber,Biz Speed
C09727,SME,ADSL,Web Booster
C09728,Enterprise,LTE,Biz Speed
C09729,Residential,ADSL,Web Booster
C09730,Enterprise,ADSL,Web Booster
C09731,SME,LTE,Web Family
C09732,Enterprise,ADSL,Web Booster
C09733,Enterprise,LTE,Web Booster
C09734,SME,Fiber,Biz Speed
C09735,Residential,Fiber,Web Booster
C09736,Enterprise,ADSL,Web Family
C09737,SME,Fiber,Web Booster
C09738,Enterprise,ADSL,Web Booster
C09739,SME,ADSL,Web Family
C09740,Enterprise,Fiber,Web Booster
C09741,Enterprise,Fiber,Web Family
C09742,Enterprise,ADSL,Biz Speed
C09743,Residential,ADSL,Biz Speed
C09744,Residential,Fiber,Web Booster
C09745,Enterprise,Fiber,Web Family
C09746,Enterprise,LTE,Biz Speed
C09747,SME,LTE,Web Family
C09748,Residential,Fiber,Web Booster
C09749,Enterprise,LTE,Biz Speed
C09750,Enterprise,LTE,Web Family
C09751,Enterprise,Fiber,Web Booster
C09752,Residential,ADSL,Web Family
C09753,SME,Fiber,Biz Speed
C09754,SME,ADSL,Web Booster
C09755,Enterprise,LTE,Biz Speed
C09756,Residential,ADSL,Web Family
C09757,Residential,LTE,Web Booster
C09758,Enterprise,LTE,Biz Speed
C09759,Residential,LTE,Biz Speed
C09760,Enterprise,ADSL,Web Family
C09761,SME,Fiber,Biz Speed
C09762,Enterprise,LTE,Web Family
C09763,Residential,LTE,Biz Speed
C09764,Residential,LTE,Web Family
C09765,SME,LTE,Web Booster
C09766,Enterprise,Fiber,Web Family
C09767,Enterprise,Fiber,Web Family
C09768,SME,LTE,Web Booster
C09769,SME,LTE,Web Family
C09770,Enterprise,ADSL,Biz Speed
C09771,SME,ADSL,Web Family
C09772,Enterprise,ADSL,Web Booster
C09773,Enterprise,ADSL,Biz Speed
C09774,Residential,Fiber,Web Booster
C09775,Residential,ADSL,Web Family
C09776,Residential,LTE,Web Family
C09777,Enterprise,ADSL,Biz Speed
C09778,Enterprise,Fiber,Web Family
C09779,Enterprise,ADSL,Web Family
C09780,Enterprise,LTE,Web Booster
C09781,Residential,ADSL,Web Booster
C09782,Enterprise,Fiber,Biz Speed
C09783,Enterprise,ADSL,Web Booster
C09784,SME,LTE,Web Booster
C09785,Enterprise,ADSL,Web Family
C09786,Enterprise,Fiber,Web Family
C09787,Enterprise,LTE,Web Family
C09788,Enterprise,ADSL,Web Family
C09789,Residential,LTE,Biz Speed
C09790,Enterprise,ADSL,Biz Speed
C09791,SME,ADSL,Biz Speed
C09792,Enterprise,Fiber,Web Family
C09793,Enterprise,Fiber,Biz Speed
C09794,Enterprise,Fiber,Web Booster
C09795,Enterprise,Fiber,Biz Speed
C09796,SME,LTE,Biz Speed
C09797,SME,LTE,Biz Speed
C09798,SME,LTE,Web Family
C09799,SME,ADSL,Web Booster
C09800,SME,LTE,Web Booster
C09801,SME,LTE,Web Booster
C09802,Residential,ADSL,Biz Speed
C09803,Residential,LTE,Biz Speed
C09804,SME,ADSL,Web Booster
C09805,Residential,Fiber,Web Booster
C09806,Residential,Fiber,Web Family
C09807,Residential,LTE,Biz Speed
C09808,Residential,Fiber,Web Family
C09809,Enterprise,LTE,Biz Speed
C09810,SME,LTE,Web Family
C09811,SME,LTE,Web Family
C09812,Enterprise,ADSL,Web Family
C09813,SME,LTE,Web Family
C09814,Residential,LTE,Web Family
C09815,SME,Fiber,Biz Speed
C09816,SME,LTE,Biz Speed
C09817,Residential,Fiber,Web Booster
C09818,Residential,LTE,Biz Speed
C09819,Residential,Fiber,Biz Speed
C09820,Residential,LTE,Biz Speed
C09821,SME,ADSL,Web Family
C09822,SME,LTE,Web Family
C09823,SME,Fiber,Web Family
C09824,SME,ADSL,Web Booster
C09825,Enterprise,Fiber,Web Booster
C09826,Residential,LTE,Biz Speed
C09827,SME,ADSL,Web Family
C09828,Residential,Fiber,Biz Speed
C09829,Enterprise,ADSL,Biz Speed
C09830,Residential,ADSL,Biz Speed
C09831,Residential,ADSL,Web Family
C09832,Residential,Fiber,Biz Speed
C09833,SME,Fiber,Web Family
C09834,Residential,ADSL,Web Family
C09835,Enterprise,ADSL,Web Family
C09836,SME,LTE,Biz Speed
C09837,Residential,Fiber,Web Booster
C09838,Enterprise,ADSL,Web Family
C09839,Residential,LTE,Web Family
C09840,Enterprise,ADSL,Biz Speed
C09841,Enterprise,ADSL,Web Family
C09842,SME,ADSL,Biz Speed
C09843,Residential,ADSL,Biz Speed
C09844,SME,ADSL,Web Booster
C09845,Enterprise,ADSL,Web Family
C09846,SME,ADSL,Biz Speed
C09847,Residential,LTE,Biz Speed
C09848,SME,LTE,Web Family
C09849,Enterprise,Fiber,Biz Speed
C09850,Residential,ADSL,Biz Speed
C09851,Enterprise,LTE,Biz Speed
C09852,Enterprise,Fiber,Biz Speed
C09853,Residential,ADSL,Biz Speed
C09854,Enterprise,LTE,Biz Speed
C09855,SME,ADSL,Biz Speed
C09856,Residential,ADSL,Web Family
C09857,SME,Fiber,Web Family
C09858,Enterprise,ADSL,Web Booster
C09859,Enterprise,LTE,Web Booster
C09860,Residential,ADSL,Biz Speed
C09861,Residential,LTE,Web Family
C09862,SME,ADSL,Biz Speed
C09863,Enterprise,ADSL,Web Family
C09864,SME,Fiber,Web Booster
C09865,SME,Fiber,Web Booster
C09866,Enterprise,ADSL,Biz Speed
C09867,Residential,ADSL,Biz Speed
C09868,Enterprise,Fiber,Biz Speed
C09869,Enterprise,LTE,Web Family
C09870,SME,LTE,Web Family
C09871,SME,LTE,Biz Speed
C09872,Residential,ADSL,Web Booster
C09873,Enterprise,ADSL,Web Booster
C09874,Enterprise,LTE,Biz Speed
C09875,Enterprise,LTE,Web Family
C09876,Enterprise,LTE,Web Booster
C09877,SME,LTE,Web Booster
C09878,Enterprise,ADSL,Web Booster
C09879,SME,Fiber,Biz Speed
C09880,Residential,Fiber,Web Family
C09881,Residential,Fiber,Biz Speed
C09882,SME,Fiber,Web Booster
C09883,Residential,ADSL,Biz Speed
C09884,SME,ADSL,Web Booster
C09885,SME,Fiber,Biz Speed
C09886,Residential,Fiber,Biz Speed
C09887,Enterprise,LTE,Web Booster
C09888,Enterprise,Fiber,Web Booster
C09889,Residential,Fiber,Biz Speed
C09890,Enterprise,Fiber,Web Booster
C09891,SME,LTE,Biz Speed
C09892,Residential,ADSL,Web Booster
C09893,Enterprise,Fiber,Web Booster
C09894,SME,ADSL,Biz Speed
C09895,Residential,ADSL,Web Booster
C09896,Enterprise,LTE,Biz Speed
C09897,Residential,LTE,Web Booster
C09898,Enterprise,ADSL,Web Family
C09899,SME,Fiber,Web Booster
C09900,Enterprise,ADSL,Biz Speed
C09901,Enterprise,Fiber,Web Family
C09902,SME,Fiber,Biz Speed
C09903,SME,ADSL,Web Booster
C09904,SME,Fiber,Biz Speed
C09905,Residential,ADSL,Web Booster
C09906,Residential,ADSL,Biz Speed
C09907,Enterprise,ADSL,Web Family
C09908,SME,LTE,Web Booster
C09909,Residential,ADSL,Web Family
C09910,SME,ADSL,Web Booster
C09911,Enterprise,ADSL,Biz Speed
C09912,SME,LTE,Web Family
C09913,SME,Fiber,Biz Speed
C09914,Enterprise,LTE,Biz Speed
C09915,Residential,LTE,Web Family
C09916,Residential,Fiber,Web Family
C09917,Enterprise,ADSL,Biz Speed
C09918,SME,LTE,Web Booster
C09919,Enterprise,Fiber,Web Booster
C09920,SME,Fiber,Web Booster
C09921,SME,ADSL,Web Booster
C09922,Residential,Fiber,Web Family
C09923,SME,Fiber,Web Family
C09924,Residential,Fiber,Biz Speed
C09925,Residential,LTE,Web Booster
C09926,SME,LTE,Web Booster
C09927,SME,ADSL,Web Family
C09928,SME,LTE,Web Booster
C09929,SME,ADSL,Biz Speed
C09930,Enterprise,Fiber,Web Booster
C09931,Residential,Fiber,Web Booster
C09932,Residential,ADSL,Biz Speed
C09933,SME,ADSL,Web Booster
C09934,Enterprise,LTE,Biz Speed
C09935,Enterprise,Fiber,Biz Speed
C09936,Enterprise,Fiber,Web Family
C09937,SME,Fiber,Web Booster
C09938,Residential,Fiber,Web Family
C09939,Enterprise,LTE,Biz Speed
C09940,SME,Fiber,Web Family
C09941,Enterprise,LTE,Web Booster
C09942,Residential,Fiber,Biz Speed
C09943,SME,Fiber,Biz Speed
C09944,Residential,Fiber,Web Family
C09945,SME,LTE,Web Family
C09946,Residential,LTE,Biz Speed
C09947,Enterprise,ADSL,Web Family
C09948,Enterprise,ADSL,Biz Speed
C09949,SME,ADSL,Biz Speed
C09950,SME,LTE,Web Family
C09951,Enterprise,ADSL,Biz Speed
C09952,Enterprise,LTE,Biz Speed
C09953,Enterprise,LTE,Biz Speed
C09954,SME,Fiber,Biz Speed
C09955,SME,ADSL,Web Family
C09956,Residential,ADSL,Web Family
C09957,Enterprise,ADSL,Web Booster
C09958,Enterprise,Fiber,Biz Speed
C09959,Residential,ADSL,Web Family
C09960,Residential,Fiber,Web Family
C09961,SME,Fiber,Web Family
C09962,SME,Fiber,Biz Speed
C09963,Residential,LTE,Biz Speed
C09964,SME,LTE,Web Booster
C09965,SME,LTE,Web Family
C09966,SME,ADSL,Web Family
C09967,Residential,Fiber,Biz Speed
C09968,Residential,LTE,Biz Speed
C09969,Residential,ADSL,Web Family
C09970,SME,ADSL,Web Booster
C09971,SME,LTE,Web Booster
C09972,Residential,Fiber,Web Family
C09973,Residential,ADSL,Web Family
C09974,Residential,ADSL,Biz Speed
C09975,Enterprise,ADSL,Biz Speed
C09976,Enterprise,ADSL,Biz Speed
C09977,Residential,Fiber,Web Family
C09978,Enterprise,ADSL,Biz Speed
C09979,Enterprise,ADSL,Web Family
C09980,Residential,Fiber,Web Family
C09981,Enterprise,LTE,Biz Speed
C09982,Enterprise,ADSL,Biz Speed
C09983,Residential,Fiber,Biz Speed
C09984,Enterprise,Fiber,Biz Speed
C09985,Enterprise,Fiber,Web Booster
C09986,SME,Fiber,Web Family
C09987,Residential,Fiber,Web Booster
C09988,Residential,LTE,Web Booster
C09989,Enterprise,ADSL,Web Family
C09990,Enterprise,LTE,Web Family
C09991,Enterprise,Fiber,Biz Speed
C09992,Residential,LTE,Web Family
C09993,Enterprise,Fiber,Web Booster
C09994,SME,LTE,Web Booster
C09995,SME,Fiber,Web Booster
C09996,Enterprise,ADSL,Web Booster
C09997,Enterprise,Fiber,Web Booster
C09998,Enterprise,LTE,Web Booster
C09999,SME,ADSL,Biz Speed
C10000,Enterprise,ADSL,Biz Speed
