customer_id,customer_type,service_type,package,behavior_category
C00001,Enterprise,Fiber,Web Family,Irregular Payer
C00002,Residential,Fiber,Web Family,Irregular Payer
C00003,Enterprise,ADSL,Biz Speed,Regular Payer
C00004,SME,Fiber,Web Family,Regular Payer
C00005,Residential,ADSL,Biz Speed,Regular Payer
C00006,Residential,ADSL,Biz Speed,Irregular Payer
C00007,SME,Fiber,Web Booster,Predictable Late Payer
C00008,Residential,Fiber,Biz Speed,Predictable Late Payer
C00009,SME,Fiber,Web Family,High-Risk Non-Payer
C00010,SME,Fiber,Web Family,Regular Payer
C00011,SME,LTE,Biz Speed,Regular Payer
C00012,Residential,ADSL,Web Booster,Predictable Late Payer
C00013,SME,Fiber,Biz Speed,Regular Payer
C00014,Enterprise,ADSL,Web Booster,Predictable Late Payer
C00015,Enterprise,Fiber,Web Family,Predictable Late Payer
C00016,SME,Fiber,Web Family,Irregular Payer
C00017,SME,LTE,Web Booster,Predictable Late Payer
C00018,SME,Fiber,Web Booster,Regular Payer
C00019,Enterprise,LTE,Biz Speed,High-Risk Non-Payer
C00020,Enterprise,Fiber,Biz Speed,Predictable Late Payer
C00021,Enterprise,ADSL,Web Family,Regular Payer
C00022,SME,LTE,Biz Speed,Predictable Late Payer
C00023,Residential,ADSL,Web Booster,Irregular Payer
C00024,Residential,Fiber,Web Family,Irregular Payer
C00025,SME,LTE,Web Family,Regular Payer
C00026,Enterprise,ADSL,Web Booster,Regular Payer
C00027,SME,LTE,Biz Speed,Predictable Late Payer
C00028,SME,Fiber,Web Family,Irregular Payer
C00029,Enterprise,LTE,Biz Speed,Predictable Late Payer
C00030,Enterprise,LTE,Web Booster,Regular Payer
C00031,Residential,ADSL,Web Booster,Regular Payer
C00032,Residential,Fiber,Web Family,Predictable Late Payer
C00033,Enterprise,LTE,Biz Speed,Regular Payer
C00034,SME,ADSL,Web Booster,Predictable Late Payer
C00035,Enterprise,Fiber,Biz Speed,Irregular Payer
C00036,Enterprise,ADSL,Web Booster,Irregular Payer
C00037,SME,Fiber,Web Booster,Predictable Late Payer
C00038,SME,Fiber,Biz Speed,Irregular Payer
C00039,SME,ADSL,Web Family,Predictable Late Payer
C00040,Residential,ADSL,Web Booster,Irregular Payer
C00041,Enterprise,ADSL,Web Family,Regular Payer
C00042,Residential,ADSL,Biz Speed,High-Risk Non-Payer
C00043,Enterprise,LTE,Web Booster,Regular Payer
C00044,SME,LTE,Web Family,Regular Payer
C00045,Enterprise,Fiber,Web Family,Irregular Payer
C00046,Residential,ADSL,Web Family,Regular Payer
C00047,SME,ADSL,Web Family,Regular Payer
C00048,Enterprise,LTE,Web Family,High-Risk Non-Payer
C00049,Enterprise,ADSL,Web Family,Irregular Payer
C00050,SME,ADSL,Biz Speed,Regular Payer
C00051,Enterprise,LTE,Web Family,Regular Payer
C00052,Residential,LTE,Web Family,Predictable Late Payer
C00053,Residential,ADSL,Web Family,Regular Payer
C00054,Enterprise,ADSL,Web Family,Regular Payer
C00055,Residential,LTE,Web Family,Predictable Late Payer
C00056,SME,ADSL,Web Booster,Regular Payer
C00057,Residential,ADSL,Biz Speed,Predictable Late Payer
C00058,Residential,LTE,Web Booster,Regular Payer
C00059,Residential,ADSL,Web Booster,Regular Payer
C00060,SME,LTE,Biz Speed,Regular Payer
C00061,Enterprise,ADSL,Web Family,Regular Payer
C00062,Enterprise,LTE,Web Family,Regular Payer
C00063,Residential,ADSL,Web Booster,Regular Payer
C00064,Residential,LTE,Web Booster,Regular Payer
C00065,Residential,LTE,Biz Speed,Regular Payer
C00066,Enterprise,ADSL,Web Family,High-Risk Non-Payer
C00067,Residential,Fiber,Web Booster,Predictable Late Payer
C00068,Residential,LTE,Web Family,Regular Payer
C00069,Residential,LTE,Web Booster,High-Risk Non-Payer
C00070,SME,LTE,Web Booster,Predictable Late Payer
C00071,Enterprise,ADSL,Biz Speed,Irregular Payer
C00072,Residential,Fiber,Web Booster,Regular Payer
C00073,Residential,ADSL,Biz Speed,Predictable Late Payer
C00074,Enterprise,LTE,Web Family,Regular Payer
C00075,SME,ADSL,Biz Speed,Regular Payer
C00076,Enterprise,Fiber,Web Family,Regular Payer
C00077,Residential,ADSL,Web Family,Predictable Late Payer
C00078,Enterprise,Fiber,Biz Speed,Predictable Late Payer
C00079,Enterprise,Fiber,Web Booster,Predictable Late Payer
C00080,Enterprise,ADSL,Web Booster,High-Risk Non-Payer
C00081,Residential,ADSL,Biz Speed,Regular Payer
C00082,SME,LTE,Web Family,Predictable Late Payer
C00083,SME,LTE,Web Booster,High-Risk Non-Payer
C00084,Residential,Fiber,Web Booster,Predictable Late Payer
C00085,Enterprise,Fiber,Web Family,Predictable Late Payer
C00086,Enterprise,LTE,Web Family,High-Risk Non-Payer
C00087,Residential,Fiber,Web Booster,Regular Payer
C00088,SME,ADSL,Biz Speed,Regular Payer
C00089,Enterprise,ADSL,Web Family,Predictable Late Payer
C00090,Enterprise,LTE,Biz Speed,Regular Payer
C00091,Residential,LTE,Web Family,Irregular Payer
C00092,Enterprise,ADSL,Web Family,Regular Payer
C00093,Enterprise,Fiber,Biz Speed,Regular Payer
C00094,Enterprise,ADSL,Web Booster,Predictable Late Payer
C00095,SME,Fiber,Web Family,Predictable Late Payer
C00096,SME,Fiber,Web Family,Regular Payer
C00097,Residential,ADSL,Web Booster,Regular Payer
C00098,SME,ADSL,Biz Speed,Predictable Late Payer
C00099,Residential,Fiber,Web Family,High-Risk Non-Payer
C00100,Enterprise,Fiber,Biz Speed,Regular Payer
C00101,SME,ADSL,Biz Speed,Regular Payer
C00102,Residential,Fiber,Web Booster,Regular Payer
C00103,Residential,LTE,Web Family,Predictable Late Payer
C00104,Enterprise,Fiber,Web Booster,Irregular Payer
C00105,SME,ADSL,Biz Speed,Regular Payer
C00106,Residential,Fiber,Web Family,Irregular Payer
C00107,Residential,Fiber,Biz Speed,High-Risk Non-Payer
C00108,SME,ADSL,Biz Speed,Irregular Payer
C00109,SME,Fiber,Biz Speed,Regular Payer
C00110,Residential,LTE,Web Family,Regular Payer
C00111,SME,LTE,Web Booster,Irregular Payer
C00112,Residential,Fiber,Web Family,Predictable Late Payer
C00113,SME,LTE,Web Booster,Irregular Payer
C00114,SME,LTE,Biz Speed,Predictable Late Payer
C00115,Enterprise,ADSL,Web Booster,High-Risk Non-Payer
C00116,Residential,LTE,Web Family,Predictable Late Payer
C00117,SME,Fiber,Web Family,Predictable Late Payer
C00118,SME,ADSL,Web Booster,Predictable Late Payer
C00119,Enterprise,Fiber,Web Booster,Irregular Payer
C00120,Residential,LTE,Web Family,Irregular Payer
C00121,Residential,ADSL,Biz Speed,Predictable Late Payer
C00122,Enterprise,ADSL,Biz Speed,Regular Payer
C00123,SME,Fiber,Biz Speed,High-Risk Non-Payer
C00124,Enterprise,LTE,Biz Speed,Irregular Payer
C00125,Enterprise,LTE,Biz Speed,Regular Payer
C00126,SME,LTE,Web Booster,Predictable Late Payer
C00127,Enterprise,Fiber,Web Family,Predictable Late Payer
C00128,SME,ADSL,Biz Speed,High-Risk Non-Payer
C00129,Enterprise,ADSL,Web Booster,Predictable Late Payer
C00130,Residential,LTE,Web Booster,Regular Payer
C00131,Enterprise,ADSL,Biz Speed,Regular Payer
C00132,SME,LTE,Biz Speed,Regular Payer
C00133,SME,ADSL,Web Family,Predictable Late Payer
C00134,SME,ADSL,Biz Speed,Predictable Late Payer
C00135,SME,Fiber,Web Family,Predictable Late Payer
C00136,Residential,Fiber,Web Family,Regular Payer
C00137,Residential,LTE,Biz Speed,Irregular Payer
C00138,Residential,LTE,Web Booster,Irregular Payer
C00139,Enterprise,Fiber,Biz Speed,Predictable Late Payer
C00140,SME,LTE,Web Family,Regular Payer
C00141,Enterprise,Fiber,Web Family,Irregular Payer
C00142,Residential,Fiber,Biz Speed,Predictable Late Payer
C00143,Residential,ADSL,Web Family,High-Risk Non-Payer
C00144,Residential,LTE,Web Family,Irregular Payer
C00145,Enterprise,ADSL,Biz Speed,Predictable Late Payer
C00146,SME,ADSL,Biz Speed,Irregular Payer
C00147,SME,ADSL,Web Booster,Irregular Payer
C00148,Enterprise,LTE,Web Booster,Regular Payer
C00149,Residential,ADSL,Web Booster,Irregular Payer
C00150,Enterprise,LTE,Biz Speed,Regular Payer
C00151,SME,Fiber,Biz Speed,Regular Payer
C00152,SME,LTE,Web Booster,Irregular Payer
C00153,Residential,Fiber,Web Family,Regular Payer
C00154,Enterprise,Fiber,Biz Speed,Regular Payer
C00155,SME,LTE,Web Booster,Predictable Late Payer
C00156,SME,Fiber,Web Family,Irregular Payer
C00157,SME,ADSL,Biz Speed,Regular Payer
C00158,Enterprise,LTE,Web Booster,Regular Payer
C00159,SME,LTE,Web Booster,Irregular Payer
C00160,SME,ADSL,Biz Speed,Irregular Payer
C00161,Enterprise,Fiber,Web Booster,Regular Payer
C00162,SME,LTE,Web Family,Regular Payer
C00163,Enterprise,ADSL,Web Booster,Irregular Payer
C00164,SME,Fiber,Biz Speed,Predictable Late Payer
C00165,SME,ADSL,Biz Speed,Predictable Late Payer
C00166,Residential,ADSL,Web Booster,Regular Payer
C00167,SME,Fiber,Web Family,Regular Payer
C00168,SME,Fiber,Web Booster,Regular Payer
C00169,SME,LTE,Web Booster,Regular Payer
C00170,Residential,LTE,Web Family,Irregular Payer
C00171,Residential,LTE,Web Family,Predictable Late Payer
C00172,Enterprise,Fiber,Web Family,High-Risk Non-Payer
C00173,Residential,Fiber,Biz Speed,Regular Payer
C00174,Residential,LTE,Biz Speed,Regular Payer
C00175,Residential,LTE,Biz Speed,Regular Payer
C00176,SME,Fiber,Biz Speed,Predictable Late Payer
C00177,Enterprise,ADSL,Web Family,Irregular Payer
C00178,Residential,LTE,Web Family,Predictable Late Payer
C00179,SME,ADSL,Biz Speed,High-Risk Non-Payer
C00180,SME,LTE,Biz Speed,Regular Payer
C00181,Enterprise,ADSL,Biz Speed,Regular Payer
C00182,Enterprise,LTE,Biz Speed,Predictable Late Payer
C00183,Residential,ADSL,Web Family,Regular Payer
C00184,SME,ADSL,Web Booster,Regular Payer
C00185,Enterprise,LTE,Web Family,Irregular Payer
C00186,SME,Fiber,Web Booster,High-Risk Non-Payer
C00187,Enterprise,LTE,Biz Speed,Regular Payer
C00188,Residential,ADSL,Biz Speed,High-Risk Non-Payer
C00189,SME,ADSL,Biz Speed,Irregular Payer
C00190,SME,LTE,Biz Speed,Predictable Late Payer
C00191,SME,Fiber,Web Family,Regular Payer
C00192,SME,Fiber,Web Booster,Predictable Late Payer
C00193,Enterprise,LTE,Web Booster,Regular Payer
C00194,SME,Fiber,Web Booster,Regular Payer
C00195,SME,LTE,Web Booster,Irregular Payer
C00196,Enterprise,LTE,Biz Speed,Regular Payer
C00197,Residential,Fiber,Web Family,Irregular Payer
C00198,SME,ADSL,Web Family,Predictable Late Payer
C00199,Enterprise,ADSL,Web Booster,Predictable Late Payer
C00200,Residential,Fiber,Web Booster,Regular Payer
C00201,Enterprise,Fiber,Web Booster,Predictable Late Payer
C00202,SME,LTE,Biz Speed,Predictable Late Payer
C00203,SME,ADSL,Biz Speed,Regular Payer
C00204,Enterprise,LTE,Web Booster,Regular Payer
C00205,Residential,Fiber,Biz Speed,Regular Payer
C00206,Residential,ADSL,Biz Speed,High-Risk Non-Payer
C00207,Enterprise,Fiber,Web Family,Regular Payer
C00208,SME,LTE,Biz Speed,Predictable Late Payer
C00209,Enterprise,ADSL,Web Booster,High-Risk Non-Payer
C00210,Residential,LTE,Web Family,Regular Payer
C00211,SME,Fiber,Biz Speed,Predictable Late Payer
C00212,SME,Fiber,Web Family,Predictable Late Payer
C00213,Enterprise,Fiber,Biz Speed,Irregular Payer
C00214,SME,Fiber,Web Family,Predictable Late Payer
C00215,SME,LTE,Web Booster,Regular Payer
C00216,Residential,LTE,Web Booster,Regular Payer
C00217,Residential,LTE,Web Booster,Regular Payer
C00218,Enterprise,ADSL,Web Family,Regular Payer
C00219,Enterprise,LTE,Web Family,High-Risk Non-Payer
C00220,Residential,ADSL,Web Booster,Predictable Late Payer
C00221,Enterprise,Fiber,Biz Speed,Regular Payer
C00222,SME,LTE,Biz Speed,High-Risk Non-Payer
C00223,SME,ADSL,Biz Speed,Regular Payer
C00224,Enterprise,Fiber,Web Family,Predictable Late Payer
C00225,SME,ADSL,Web Family,Regular Payer
C00226,Residential,ADSL,Web Family,Regular Payer
C00227,SME,LTE,Biz Speed,Predictable Late Payer
C00228,SME,Fiber,Web Family,Regular Payer
C00229,SME,ADSL,Web Booster,Regular Payer
C00230,Residential,LTE,Biz Speed,Predictable Late Payer
C00231,Residential,LTE,Web Family,Predictable Late Payer
C00232,Enterprise,Fiber,Web Booster,Irregular Payer
C00233,Residential,Fiber,Web Family,Irregular Payer
C00234,Enterprise,ADSL,Biz Speed,High-Risk Non-Payer
C00235,SME,Fiber,Web Booster,Predictable Late Payer
C00236,Enterprise,LTE,Web Booster,Predictable Late Payer
C00237,SME,LTE,Web Family,Predictable Late Payer
C00238,SME,ADSL,Web Booster,Predictable Late Payer
C00239,Residential,Fiber,Web Family,High-Risk Non-Payer
C00240,Enterprise,ADSL,Web Family,High-Risk Non-Payer
C00241,Enterprise,LTE,Biz Speed,Regular Payer
C00242,Residential,LTE,Biz Speed,Predictable Late Payer
C00243,SME,Fiber,Biz Speed,Predictable Late Payer
C00244,SME,Fiber,Web Booster,Regular Payer
C00245,SME,LTE,Biz Speed,Regular Payer
C00246,Residential,LTE,Web Booster,Predictable Late Payer
C00247,SME,ADSL,Web Booster,Irregular Payer
C00248,Enterprise,Fiber,Web Booster,Regular Payer
C00249,SME,LTE,Web Family,High-Risk Non-Payer
C00250,SME,ADSL,Web Family,Predictable Late Payer
C00251,Enterprise,LTE,Web Booster,Regular Payer
C00252,Enterprise,LTE,Biz Speed,Irregular Payer
C00253,Enterprise,LTE,Web Family,Regular Payer
C00254,Enterprise,Fiber,Web Booster,Predictable Late Payer
C00255,Enterprise,LTE,Web Family,Regular Payer
C00256,Enterprise,ADSL,Web Family,Irregular Payer
C00257,SME,ADSL,Web Family,Predictable Late Payer
C00258,Residential,Fiber,Web Family,Predictable Late Payer
C00259,Residential,ADSL,Web Family,Predictable Late Payer
C00260,Enterprise,LTE,Biz Speed,Irregular Payer
C00261,SME,LTE,Web Booster,Regular Payer
C00262,Enterprise,Fiber,Web Booster,Regular Payer
C00263,Enterprise,ADSL,Biz Speed,Irregular Payer
C00264,Residential,LTE,Web Booster,Regular Payer
C00265,Enterprise,LTE,Web Family,Regular Payer
C00266,SME,ADSL,Biz Speed,High-Risk Non-Payer
C00267,SME,Fiber,Web Booster,Predictable Late Payer
C00268,SME,LTE,Biz Speed,Irregular Payer
C00269,SME,LTE,Web Booster,Irregular Payer
C00270,Enterprise,Fiber,Biz Speed,Regular Payer
C00271,SME,Fiber,Web Booster,Irregular Payer
C00272,Enterprise,LTE,Web Booster,High-Risk Non-Payer
C00273,Enterprise,Fiber,Web Booster,High-Risk Non-Payer
C00274,Residential,ADSL,Biz Speed,Regular Payer
C00275,Residential,LTE,Web Family,Predictable Late Payer
C00276,SME,Fiber,Biz Speed,Regular Payer
C00277,Enterprise,Fiber,Web Family,Predictable Late Payer
C00278,SME,LTE,Biz Speed,Predictable Late Payer
C00279,Enterprise,Fiber,Web Booster,Irregular Payer
C00280,Enterprise,LTE,Web Booster,Predictable Late Payer
C00281,SME,ADSL,Web Family,Predictable Late Payer
C00282,Residential,ADSL,Biz Speed,High-Risk Non-Payer
C00283,Residential,ADSL,Web Family,Predictable Late Payer
C00284,Residential,ADSL,Biz Speed,Irregular Payer
C00285,SME,Fiber,Biz Speed,Regular Payer
C00286,Residential,Fiber,Web Booster,Irregular Payer
C00287,SME,LTE,Web Booster,Predictable Late Payer
C00288,Residential,ADSL,Web Booster,Predictable Late Payer
C00289,Residential,Fiber,Web Family,Regular Payer
C00290,SME,ADSL,Biz Speed,Regular Payer
C00291,Enterprise,Fiber,Web Family,Predictable Late Payer
C00292,SME,LTE,Web Booster,Predictable Late Payer
C00293,SME,LTE,Biz Speed,Predictable Late Payer
C00294,Residential,LTE,Web Booster,High-Risk Non-Payer
C00295,SME,ADSL,Web Booster,Predictable Late Payer
C00296,SME,LTE,Web Family,High-Risk Non-Payer
C00297,SME,Fiber,Web Family,Regular Payer
C00298,SME,ADSL,Web Booster,High-Risk Non-Payer
C00299,SME,Fiber,Biz Speed,Regular Payer
C00300,Residential,ADSL,Biz Speed,Irregular Payer
C00301,Residential,ADSL,Biz Speed,Predictable Late Payer
C00302,SME,Fiber,Biz Speed,Irregular Payer
C00303,Residential,ADSL,Web Family,Predictable Late Payer
C00304,Enterprise,ADSL,Biz Speed,Predictable Late Payer
C00305,Residential,ADSL,Web Family,High-Risk Non-Payer
C00306,Enterprise,Fiber,Web Booster,Irregular Payer
C00307,Residential,ADSL,Web Booster,Irregular Payer
C00308,Residential,LTE,Web Booster,Irregular Payer
C00309,Residential,Fiber,Web Family,Irregular Payer
C00310,SME,ADSL,Biz Speed,High-Risk Non-Payer
C00311,Residential,LTE,Web Booster,High-Risk Non-Payer
C00312,SME,ADSL,Web Booster,Irregular Payer
C00313,SME,Fiber,Web Family,Irregular Payer
C00314,Residential,ADSL,Biz Speed,Predictable Late Payer
C00315,SME,ADSL,Web Booster,Regular Payer
C00316,SME,Fiber,Web Booster,Predictable Late Payer
C00317,SME,LTE,Biz Speed,Irregular Payer
C00318,SME,ADSL,Web Booster,Irregular Payer
C00319,SME,Fiber,Biz Speed,Regular Payer
C00320,Residential,ADSL,Biz Speed,Regular Payer
C00321,Enterprise,Fiber,Biz Speed,Regular Payer
C00322,SME,ADSL,Web Booster,Predictable Late Payer
C00323,Residential,Fiber,Web Family,High-Risk Non-Payer
C00324,SME,LTE,Web Family,Regular Payer
C00325,Enterprise,Fiber,Web Booster,Predictable Late Payer
C00326,Enterprise,ADSL,Biz Speed,High-Risk Non-Payer
C00327,SME,ADSL,Biz Speed,Irregular Payer
C00328,SME,ADSL,Web Family,Irregular Payer
C00329,Enterprise,LTE,Web Booster,Regular Payer
C00330,SME,Fiber,Web Booster,Predictable Late Payer
C00331,Residential,LTE,Web Family,High-Risk Non-Payer
C00332,SME,ADSL,Biz Speed,Regular Payer
C00333,SME,LTE,Web Family,High-Risk Non-Payer
C00334,SME,Fiber,Biz Speed,Regular Payer
C00335,Enterprise,ADSL,Web Family,Regular Payer
C00336,SME,Fiber,Web Family,Irregular Payer
C00337,Residential,Fiber,Biz Speed,Regular Payer
C00338,Residential,Fiber,Web Booster,Irregular Payer
C00339,Enterprise,Fiber,Web Booster,Irregular Payer
C00340,Residential,Fiber,Biz Speed,Regular Payer
C00341,Residential,Fiber,Biz Speed,Irregular Payer
C00342,Residential,Fiber,Web Booster,Irregular Payer
C00343,Residential,ADSL,Web Booster,Regular Payer
C00344,SME,Fiber,Web Family,Irregular Payer
C00345,Enterprise,Fiber,Biz Speed,Regular Payer
C00346,SME,LTE,Biz Speed,Predictable Late Payer
C00347,SME,ADSL,Web Family,High-Risk Non-Payer
C00348,Residential,ADSL,Biz Speed,Predictable Late Payer
C00349,SME,ADSL,Web Family,Regular Payer
C00350,SME,LTE,Web Booster,Predictable Late Payer
C00351,SME,ADSL,Web Booster,Regular Payer
C00352,Residential,LTE,Biz Speed,Regular Payer
C00353,Residential,LTE,Biz Speed,Predictable Late Payer
C00354,Enterprise,ADSL,Web Booster,Regular Payer
C00355,Enterprise,ADSL,Web Booster,Predictable Late Payer
C00356,Enterprise,LTE,Web Family,Irregular Payer
C00357,Residential,ADSL,Biz Speed,Irregular Payer
C00358,Enterprise,ADSL,Web Family,Predictable Late Payer
C00359,Residential,LTE,Web Booster,Irregular Payer
C00360,SME,LTE,Biz Speed,Regular Payer
C00361,SME,LTE,Biz Speed,Regular Payer
C00362,Residential,ADSL,Web Booster,Regular Payer
C00363,Residential,Fiber,Web Booster,Regular Payer
C00364,Enterprise,LTE,Web Family,Predictable Late Payer
C00365,Enterprise,ADSL,Biz Speed,Regular Payer
C00366,Residential,LTE,Web Booster,Irregular Payer
C00367,SME,ADSL,Web Family,High-Risk Non-Payer
C00368,Enterprise,LTE,Web Booster,Regular Payer
C00369,Enterprise,Fiber,Web Family,Predictable Late Payer
C00370,Residential,Fiber,Web Booster,Irregular Payer
C00371,SME,Fiber,Web Booster,Predictable Late Payer
C00372,SME,ADSL,Biz Speed,Predictable Late Payer
C00373,Enterprise,ADSL,Web Family,Predictable Late Payer
C00374,Enterprise,ADSL,Web Booster,Regular Payer
C00375,SME,ADSL,Web Booster,High-Risk Non-Payer
C00376,SME,Fiber,Web Family,Irregular Payer
C00377,Enterprise,ADSL,Web Booster,Regular Payer
C00378,Enterprise,ADSL,Web Family,Regular Payer
C00379,Enterprise,Fiber,Web Booster,Predictable Late Payer
C00380,SME,Fiber,Web Booster,Regular Payer
C00381,SME,ADSL,Biz Speed,Regular Payer
C00382,Residential,Fiber,Web Family,Irregular Payer
C00383,Residential,ADSL,Web Family,Regular Payer
C00384,Enterprise,LTE,Web Booster,Predictable Late Payer
C00385,SME,LTE,Web Family,Irregular Payer
C00386,Residential,LTE,Web Booster,Regular Payer
C00387,Enterprise,ADSL,Biz Speed,Predictable Late Payer
C00388,Enterprise,LTE,Web Family,Regular Payer
C00389,Enterprise,Fiber,Web Family,Regular Payer
C00390,Residential,Fiber,Web Booster,Regular Payer
C00391,Residential,Fiber,Web Booster,Irregular Payer
C00392,Residential,Fiber,Web Booster,Predictable Late Payer
C00393,Residential,ADSL,Biz Speed,Irregular Payer
C00394,SME,Fiber,Web Booster,Irregular Payer
C00395,Residential,LTE,Web Family,Predictable Late Payer
C00396,Residential,LTE,Biz Speed,Predictable Late Payer
C00397,SME,ADSL,Biz Speed,Predictable Late Payer
C00398,Residential,LTE,Web Family,High-Risk Non-Payer
C00399,Residential,ADSL,Web Booster,Irregular Payer
C00400,SME,Fiber,Web Booster,Irregular Payer
C00401,Residential,LTE,Biz Speed,Predictable Late Payer
C00402,Residential,LTE,Web Booster,Irregular Payer
C00403,Residential,LTE,Web Family,Regular Payer
C00404,Enterprise,Fiber,Biz Speed,Predictable Late Payer
C00405,SME,LTE,Biz Speed,High-Risk Non-Payer
C00406,Enterprise,Fiber,Web Family,Regular Payer
C00407,SME,Fiber,Web Family,Predictable Late Payer
C00408,Enterprise,Fiber,Web Family,High-Risk Non-Payer
C00409,Enterprise,LTE,Web Booster,Irregular Payer
C00410,Enterprise,LTE,Biz Speed,High-Risk Non-Payer
C00411,Enterprise,ADSL,Biz Speed,High-Risk Non-Payer
C00412,SME,ADSL,Web Booster,Regular Payer
C00413,Residential,LTE,Web Booster,Predictable Late Payer
C00414,SME,ADSL,Web Family,Regular Payer
C00415,Residential,LTE,Web Booster,Predictable Late Payer
C00416,Residential,LTE,Web Booster,Regular Payer
C00417,Residential,ADSL,Biz Speed,Predictable Late Payer
C00418,SME,ADSL,Biz Speed,High-Risk Non-Payer
C00419,Enterprise,Fiber,Web Booster,High-Risk Non-Payer
C00420,Enterprise,ADSL,Web Family,Regular Payer
C00421,SME,ADSL,Web Family,High-Risk Non-Payer
C00422,SME,Fiber,Web Booster,High-Risk Non-Payer
C00423,Residential,ADSL,Biz Speed,Regular Payer
C00424,Residential,ADSL,Web Booster,High-Risk Non-Payer
C00425,Enterprise,ADSL,Biz Speed,Regular Payer
C00426,SME,LTE,Web Booster,Predictable Late Payer
C00427,SME,ADSL,Biz Speed,Regular Payer
C00428,Enterprise,ADSL,Web Booster,Regular Payer
C00429,Residential,ADSL,Biz Speed,Regular Payer
C00430,SME,ADSL,Biz Speed,High-Risk Non-Payer
C00431,Enterprise,Fiber,Web Booster,Regular Payer
C00432,Enterprise,Fiber,Web Booster,Regular Payer
C00433,Enterprise,ADSL,Biz Speed,Regular Payer
C00434,Enterprise,ADSL,Web Family,Regular Payer
C00435,SME,ADSL,Web Booster,Irregular Payer
C00436,Enterprise,ADSL,Biz Speed,High-Risk Non-Payer
C00437,Enterprise,Fiber,Biz Speed,Predictable Late Payer
C00438,Enterprise,LTE,Web Family,Regular Payer
C00439,Residential,Fiber,Web Booster,High-Risk Non-Payer
C00440,SME,Fiber,Web Family,High-Risk Non-Payer
C00441,Residential,Fiber,Web Booster,Irregular Payer
C00442,Residential,ADSL,Biz Speed,Irregular Payer
C00443,Enterprise,Fiber,Biz Speed,Regular Payer
C00444,Enterprise,Fiber,Biz Speed,Regular Payer
C00445,Residential,Fiber,Biz Speed,Irregular Payer
C00446,Residential,ADSL,Web Booster,Regular Payer
C00447,SME,ADSL,Biz Speed,Regular Payer
C00448,SME,ADSL,Web Booster,Irregular Payer
C00449,SME,Fiber,Biz Speed,Regular Payer
C00450,SME,Fiber,Web Booster,Predictable Late Payer
C00451,Enterprise,LTE,Web Booster,Irregular Payer
C00452,SME,ADSL,Biz Speed,Predictable Late Payer
C00453,Residential,Fiber,Biz Speed,Regular Payer
C00454,SME,Fiber,Biz Speed,Predictable Late Payer
C00455,SME,ADSL,Web Family,Irregular Payer
C00456,Enterprise,Fiber,Web Booster,Regular Payer
C00457,Residential,LTE,Web Booster,High-Risk Non-Payer
C00458,Residential,LTE,Web Family,High-Risk Non-Payer
C00459,Residential,LTE,Web Booster,High-Risk Non-Payer
C00460,SME,Fiber,Web Booster,Predictable Late Payer
C00461,Residential,LTE,Web Family,Regular Payer
C00462,Residential,LTE,Web Family,Irregular Payer
C00463,Enterprise,LTE,Web Family,Regular Payer
C00464,SME,LTE,Biz Speed,Irregular Payer
C00465,Enterprise,LTE,Web Booster,Predictable Late Payer
C00466,Residential,Fiber,Web Booster,Regular Payer
C00467,Residential,ADSL,Biz Speed,Predictable Late Payer
C00468,SME,Fiber,Web Booster,Regular Payer
C00469,Residential,Fiber,Web Family,Predictable Late Payer
C00470,Enterprise,LTE,Web Family,Regular Payer
C00471,SME,ADSL,Biz Speed,Regular Payer
C00472,Enterprise,ADSL,Web Family,Irregular Payer
C00473,SME,LTE,Web Family,Predictable Late Payer
C00474,Residential,ADSL,Web Booster,Regular Payer
C00475,Enterprise,Fiber,Biz Speed,High-Risk Non-Payer
C00476,Residential,ADSL,Biz Speed,Predictable Late Payer
C00477,Enterprise,ADSL,Web Family,Regular Payer
C00478,SME,Fiber,Biz Speed,Regular Payer
C00479,SME,LTE,Biz Speed,Regular Payer
C00480,Residential,LTE,Web Family,Irregular Payer
C00481,Enterprise,Fiber,Biz Speed,Irregular Payer
C00482,SME,Fiber,Web Family,Regular Payer
C00483,SME,ADSL,Web Family,Irregular Payer
C00484,Enterprise,LTE,Biz Speed,Predictable Late Payer
C00485,Residential,Fiber,Web Family,Irregular Payer
C00486,SME,Fiber,Web Booster,Regular Payer
C00487,Residential,Fiber,Web Booster,High-Risk Non-Payer
C00488,Enterprise,LTE,Biz Speed,Predictable Late Payer
C00489,Residential,ADSL,Web Family,Regular Payer
C00490,Residential,ADSL,Web Booster,Regular Payer
C00491,SME,LTE,Web Booster,Irregular Payer
C00492,SME,LTE,Web Family,Predictable Late Payer
C00493,SME,LTE,Biz Speed,Regular Payer
C00494,Residential,ADSL,Web Booster,Regular Payer
C00495,Enterprise,Fiber,Biz Speed,Regular Payer
C00496,Residential,Fiber,Web Booster,Predictable Late Payer
C00497,SME,LTE,Biz Speed,Irregular Payer
C00498,Residential,ADSL,Web Booster,Regular Payer
C00499,Residential,ADSL,Web Booster,Predictable Late Payer
C00500,SME,LTE,Biz Speed,High-Risk Non-Payer
C00501,Residential,Fiber,Biz Speed,Predictable Late Payer
C00502,SME,ADSL,Biz Speed,Predictable Late Payer
C00503,Residential,Fiber,Biz Speed,Predictable Late Payer
C00504,SME,Fiber,Web Family,Regular Payer
C00505,Enterprise,LTE,Web Booster,Regular Payer
C00506,Enterprise,Fiber,Biz Speed,Regular Payer
C00507,SME,LTE,Web Booster,Predictable Late Payer
C00508,Residential,ADSL,Web Family,Predictable Late Payer
C00509,SME,LTE,Biz Speed,Regular Payer
C00510,Residential,Fiber,Biz Speed,Regular Payer
C00511,Enterprise,LTE,Biz Speed,Regular Payer
C00512,SME,ADSL,Web Booster,Regular Payer
C00513,Enterprise,LTE,Biz Speed,High-Risk Non-Payer
C00514,SME,Fiber,Web Family,Regular Payer
C00515,Residential,LTE,Web Family,Irregular Payer
C00516,SME,Fiber,Biz Speed,High-Risk Non-Payer
C00517,SME,ADSL,Web Booster,Irregular Payer
C00518,Enterprise,ADSL,Web Booster,Irregular Payer
C00519,Residential,ADSL,Biz Speed,High-Risk Non-Payer
C00520,Enterprise,Fiber,Web Booster,Predictable Late Payer
C00521,Residential,Fiber,Web Family,Regular Payer
C00522,SME,Fiber,Web Booster,Predictable Late Payer
C00523,SME,LTE,Biz Speed,Regular Payer
C00524,Residential,Fiber,Web Booster,Regular Payer
C00525,Enterprise,ADSL,Web Booster,Predictable Late Payer
C00526,SME,ADSL,Web Family,Regular Payer
C00527,SME,ADSL,Web Family,Predictable Late Payer
C00528,Enterprise,ADSL,Web Booster,Regular Payer
C00529,Enterprise,ADSL,Biz Speed,Regular Payer
C00530,Residential,LTE,Biz Speed,High-Risk Non-Payer
C00531,Residential,Fiber,Biz Speed,Regular Payer
C00532,Residential,Fiber,Web Booster,High-Risk Non-Payer
C00533,Residential,LTE,Biz Speed,Irregular Payer
C00534,Residential,LTE,Web Family,Predictable Late Payer
C00535,Enterprise,LTE,Web Family,Predictable Late Payer
C00536,Enterprise,ADSL,Web Family,Predictable Late Payer
C00537,Residential,ADSL,Biz Speed,Regular Payer
C00538,Enterprise,ADSL,Biz Speed,High-Risk Non-Payer
C00539,SME,ADSL,Web Family,Irregular Payer
C00540,Residential,Fiber,Web Family,High-Risk Non-Payer
C00541,Enterprise,LTE,Biz Speed,Regular Payer
C00542,Enterprise,LTE,Biz Speed,Predictable Late Payer
C00543,SME,ADSL,Biz Speed,Regular Payer
C00544,SME,LTE,Web Family,Irregular Payer
C00545,Enterprise,LTE,Web Booster,Predictable Late Payer
C00546,Enterprise,Fiber,Web Family,Predictable Late Payer
C00547,SME,LTE,Web Family,Regular Payer
C00548,Residential,LTE,Biz Speed,Regular Payer
C00549,SME,LTE,Web Family,Irregular Payer
C00550,Enterprise,ADSL,Web Family,Regular Payer
C00551,SME,Fiber,Web Booster,Predictable Late Payer
C00552,Residential,Fiber,Web Family,Regular Payer
C00553,SME,ADSL,Web Booster,Regular Payer
C00554,Residential,LTE,Biz Speed,Irregular Payer
C00555,Residential,Fiber,Web Booster,High-Risk Non-Payer
C00556,SME,LTE,Web Booster,Predictable Late Payer
C00557,Residential,LTE,Biz Speed,Predictable Late Payer
C00558,Residential,Fiber,Biz Speed,Regular Payer
C00559,Residential,LTE,Web Booster,Predictable Late Payer
C00560,Enterprise,ADSL,Web Booster,Regular Payer
C00561,Residential,Fiber,Web Booster,Regular Payer
C00562,SME,ADSL,Web Booster,Irregular Payer
C00563,SME,Fiber,Web Booster,Regular Payer
C00564,Enterprise,Fiber,Web Booster,Predictable Late Payer
C00565,Residential,LTE,Biz Speed,Predictable Late Payer
C00566,Enterprise,LTE,Biz Speed,Predictable Late Payer
C00567,Residential,Fiber,Web Family,Regular Payer
C00568,SME,ADSL,Web Booster,Irregular Payer
C00569,Residential,ADSL,Biz Speed,Predictable Late Payer
C00570,Residential,Fiber,Web Family,Regular Payer
C00571,SME,LTE,Biz Speed,Predictable Late Payer
C00572,Enterprise,ADSL,Web Family,Regular Payer
C00573,Enterprise,LTE,Web Family,Regular Payer
C00574,Enterprise,ADSL,Web Booster,Predictable Late Payer
C00575,Enterprise,ADSL,Biz Speed,Predictable Late Payer
C00576,Enterprise,LTE,Web Booster,Irregular Payer
C00577,SME,LTE,Biz Speed,Regular Payer
C00578,SME,ADSL,Web Booster,Irregular Payer
C00579,Enterprise,ADSL,Biz Speed,Regular Payer
C00580,SME,LTE,Biz Speed,Irregular Payer
C00581,Enterprise,ADSL,Web Family,Irregular Payer
C00582,Enterprise,LTE,Web Family,Predictable Late Payer
C00583,Enterprise,ADSL,Web Booster,Regular Payer
C00584,Enterprise,Fiber,Web Family,Predictable Late Payer
C00585,Enterprise,Fiber,Web Family,Regular Payer
C00586,SME,LTE,Web Family,Predictable Late Payer
C00587,Residential,LTE,Biz Speed,Irregular Payer
C00588,SME,ADSL,Biz Speed,Regular Payer
C00589,Residential,ADSL,Web Family,Predictable Late Payer
C00590,Enterprise,LTE,Biz Speed,Regular Payer
C00591,Residential,LTE,Biz Speed,Regular Payer
C00592,SME,ADSL,Biz Speed,Predictable Late Payer
C00593,Enterprise,LTE,Biz Speed,Predictable Late Payer
C00594,Residential,LTE,Biz Speed,Regular Payer
C00595,SME,LTE,Biz Speed,Regular Payer
C00596,Enterprise,LTE,Web Booster,Predictable Late Payer
C00597,Enterprise,ADSL,Web Booster,Regular Payer
C00598,Enterprise,ADSL,Biz Speed,Regular Payer
C00599,SME,LTE,Web Family,Regular Payer
C00600,SME,ADSL,Web Family,Regular Payer
C00601,SME,ADSL,Web Booster,Irregular Payer
C00602,Residential,Fiber,Biz Speed,Regular Payer
C00603,Enterprise,ADSL,Web Booster,Regular Payer
C00604,Enterprise,ADSL,Biz Speed,Regular Payer
C00605,Residential,ADSL,Biz Speed,Regular Payer
C00606,Residential,Fiber,Web Family,Predictable Late Payer
C00607,Enterprise,LTE,Web Family,Predictable Late Payer
C00608,Residential,Fiber,Biz Speed,High-Risk Non-Payer
C00609,Residential,LTE,Biz Speed,High-Risk Non-Payer
C00610,SME,LTE,Biz Speed,Regular Payer
C00611,SME,LTE,Web Booster,Predictable Late Payer
C00612,Residential,ADSL,Biz Speed,Regular Payer
C00613,Enterprise,ADSL,Web Family,High-Risk Non-Payer
C00614,Residential,LTE,Web Family,High-Risk Non-Payer
C00615,Residential,LTE,Web Booster,Regular Payer
C00616,Enterprise,LTE,Web Family,Regular Payer
C00617,Enterprise,ADSL,Web Family,High-Risk Non-Payer
C00618,SME,LTE,Web Booster,High-Risk Non-Payer
C00619,Enterprise,ADSL,Web Booster,Irregular Payer
C00620,Residential,ADSL,Web Booster,Regular Payer
C00621,Residential,LTE,Web Family,Irregular Payer
C00622,Enterprise,LTE,Biz Speed,Regular Payer
C00623,Enterprise,LTE,Web Booster,Predictable Late Payer
C00624,Residential,Fiber,Biz Speed,Irregular Payer
C00625,SME,LTE,Biz Speed,Regular Payer
C00626,SME,ADSL,Web Family,Regular Payer
C00627,Residential,LTE,Web Booster,High-Risk Non-Payer
C00628,Residential,LTE,Web Booster,Regular Payer
C00629,SME,LTE,Web Booster,Predictable Late Payer
C00630,Enterprise,Fiber,Web Booster,Predictable Late Payer
C00631,Enterprise,Fiber,Web Family,Predictable Late Payer
C00632,SME,LTE,Web Family,Predictable Late Payer
C00633,Enterprise,ADSL,Web Booster,Predictable Late Payer
C00634,Enterprise,LTE,Web Booster,Predictable Late Payer
C00635,Residential,Fiber,Web Booster,Regular Payer
C00636,Enterprise,ADSL,Web Booster,Predictable Late Payer
C00637,Enterprise,LTE,Biz Speed,Irregular Payer
C00638,Residential,Fiber,Biz Speed,Irregular Payer
C00639,Residential,ADSL,Web Booster,Predictable Late Payer
C00640,SME,Fiber,Biz Speed,Regular Payer
C00641,Enterprise,ADSL,Web Family,Predictable Late Payer
C00642,Residential,Fiber,Web Booster,Irregular Payer
C00643,SME,Fiber,Biz Speed,Regular Payer
C00644,Enterprise,LTE,Web Family,Irregular Payer
C00645,SME,Fiber,Web Booster,Regular Payer
C00646,SME,LTE,Biz Speed,Regular Payer
C00647,SME,ADSL,Web Booster,Irregular Payer
C00648,SME,LTE,Web Family,Irregular Payer
C00649,Enterprise,Fiber,Web Family,Predictable Late Payer
C00650,Enterprise,Fiber,Biz Speed,High-Risk Non-Payer
C00651,Residential,LTE,Web Family,Regular Payer
C00652,Residential,Fiber,Biz Speed,High-Risk Non-Payer
C00653,Enterprise,LTE,Web Booster,High-Risk Non-Payer
C00654,SME,LTE,Web Booster,Regular Payer
C00655,Enterprise,ADSL,Biz Speed,Regular Payer
C00656,SME,Fiber,Web Family,High-Risk Non-Payer
C00657,SME,ADSL,Web Family,Irregular Payer
C00658,Residential,Fiber,Web Family,High-Risk Non-Payer
C00659,SME,ADSL,Biz Speed,Predictable Late Payer
C00660,Enterprise,LTE,Web Family,Regular Payer
C00661,SME,Fiber,Web Booster,Regular Payer
C00662,Enterprise,Fiber,Web Family,Irregular Payer
C00663,SME,ADSL,Web Family,Regular Payer
C00664,Residential,Fiber,Biz Speed,Regular Payer
C00665,Enterprise,ADSL,Biz Speed,Irregular Payer
C00666,Residential,ADSL,Web Family,Predictable Late Payer
C00667,Residential,ADSL,Web Family,Irregular Payer
C00668,Residential,Fiber,Biz Speed,High-Risk Non-Payer
C00669,Residential,ADSL,Biz Speed,Regular Payer
C00670,Enterprise,ADSL,Web Booster,Regular Payer
C00671,Residential,ADSL,Biz Speed,Regular Payer
C00672,SME,LTE,Web Family,Predictable Late Payer
C00673,Enterprise,ADSL,Web Family,Predictable Late Payer
C00674,SME,ADSL,Web Booster,Regular Payer
C00675,SME,ADSL,Biz Speed,Regular Payer
C00676,Enterprise,LTE,Biz Speed,Predictable Late Payer
C00677,Residential,LTE,Web Booster,Regular Payer
C00678,Enterprise,LTE,Web Family,Irregular Payer
C00679,SME,ADSL,Web Family,Irregular Payer
C00680,Residential,ADSL,Web Booster,High-Risk Non-Payer
C00681,Enterprise,ADSL,Web Family,Regular Payer
C00682,SME,Fiber,Web Booster,Predictable Late Payer
C00683,SME,LTE,Web Family,Predictable Late Payer
C00684,Residential,Fiber,Web Booster,Regular Payer
C00685,Enterprise,ADSL,Web Family,Irregular Payer
C00686,Residential,ADSL,Biz Speed,Predictable Late Payer
C00687,Residential,LTE,Web Family,Irregular Payer
C00688,SME,LTE,Web Family,Regular Payer
C00689,Residential,ADSL,Web Family,Irregular Payer
C00690,SME,Fiber,Biz Speed,Predictable Late Payer
C00691,Residential,LTE,Web Family,Predictable Late Payer
C00692,SME,LTE,Web Booster,Predictable Late Payer
C00693,SME,LTE,Web Booster,Regular Payer
C00694,SME,LTE,Web Family,Irregular Payer
C00695,Enterprise,LTE,Web Booster,High-Risk Non-Payer
C00696,SME,LTE,Web Booster,Regular Payer
C00697,Residential,ADSL,Web Family,Regular Payer
C00698,Enterprise,ADSL,Biz Speed,Irregular Payer
C00699,SME,Fiber,Web Family,Regular Payer
C00700,SME,ADSL,Web Family,Predictable Late Payer
C00701,Enterprise,ADSL,Web Booster,Regular Payer
C00702,SME,ADSL,Biz Speed,Irregular Payer
C00703,SME,Fiber,Biz Speed,Irregular Payer
C00704,Residential,Fiber,Biz Speed,Predictable Late Payer
C00705,Residential,ADSL,Biz Speed,High-Risk Non-Payer
C00706,Enterprise,Fiber,Web Family,High-Risk Non-Payer
C00707,Enterprise,Fiber,Web Family,Predictable Late Payer
C00708,Enterprise,Fiber,Web Family,Irregular Payer
C00709,Residential,Fiber,Biz Speed,Predictable Late Payer
C00710,Residential,ADSL,Biz Speed,Predictable Late Payer
C00711,Enterprise,LTE,Biz Speed,Predictable Late Payer
C00712,Residential,ADSL,Biz Speed,Predictable Late Payer
C00713,Residential,ADSL,Biz Speed,Regular Payer
C00714,SME,Fiber,Biz Speed,Irregular Payer
C00715,Enterprise,LTE,Web Family,Regular Payer
C00716,Residential,ADSL,Web Family,Regular Payer
C00717,Enterprise,ADSL,Web Booster,Irregular Payer
C00718,SME,LTE,Web Family,Regular Payer
C00719,SME,LTE,Biz Speed,Regular Payer
C00720,Enterprise,Fiber,Web Booster,Predictable Late Payer
C00721,Residential,ADSL,Biz Speed,Irregular Payer
C00722,Residential,LTE,Web Booster,Regular Payer
C00723,SME,Fiber,Biz Speed,Regular Payer
C00724,Residential,Fiber,Web Booster,Irregular Payer
C00725,Enterprise,LTE,Biz Speed,High-Risk Non-Payer
C00726,Residential,ADSL,Web Family,Regular Payer
C00727,Enterprise,ADSL,Web Booster,Regular Payer
C00728,Residential,ADSL,Web Booster,Irregular Payer
C00729,Enterprise,ADSL,Web Family,Regular Payer
C00730,SME,Fiber,Web Family,Predictable Late Payer
C00731,Enterprise,LTE,Web Family,Regular Payer
C00732,Enterprise,Fiber,Biz Speed,Irregular Payer
C00733,SME,ADSL,Biz Speed,Regular Payer
C00734,Enterprise,Fiber,Biz Speed,Irregular Payer
C00735,Enterprise,ADSL,Web Booster,Regular Payer
C00736,SME,Fiber,Web Family,Regular Payer
C00737,Enterprise,ADSL,Web Booster,High-Risk Non-Payer
C00738,SME,Fiber,Biz Speed,Regular Payer
C00739,SME,LTE,Web Family,Regular Payer
C00740,SME,LTE,Web Family,Predictable Late Payer
C00741,Enterprise,LTE,Web Family,Irregular Payer
C00742,SME,Fiber,Biz Speed,Regular Payer
C00743,SME,Fiber,Web Booster,Irregular Payer
C00744,Enterprise,Fiber,Biz Speed,Regular Payer
C00745,SME,Fiber,Web Family,Regular Payer
C00746,SME,LTE,Web Booster,Irregular Payer
C00747,Residential,Fiber,Web Family,Regular Payer
C00748,SME,ADSL,Biz Speed,Predictable Late Payer
C00749,Residential,Fiber,Web Family,Regular Payer
C00750,Residential,ADSL,Biz Speed,Irregular Payer
C00751,SME,Fiber,Web Booster,Predictable Late Payer
C00752,Residential,ADSL,Biz Speed,High-Risk Non-Payer
C00753,Residential,ADSL,Biz Speed,Regular Payer
C00754,SME,Fiber,Web Family,Regular Payer
C00755,SME,LTE,Web Family,Regular Payer
C00756,SME,LTE,Web Booster,Regular Payer
C00757,Residential,LTE,Web Booster,High-Risk Non-Payer
C00758,Enterprise,ADSL,Web Booster,Predictable Late Payer
C00759,Residential,LTE,Web Family,Regular Payer
C00760,Residential,LTE,Web Booster,Irregular Payer
C00761,SME,LTE,Web Booster,Regular Payer
C00762,Enterprise,ADSL,Web Family,Regular Payer
C00763,Enterprise,ADSL,Web Family,Predictable Late Payer
C00764,Residential,LTE,Web Booster,Regular Payer
C00765,Enterprise,ADSL,Web Booster,High-Risk Non-Payer
C00766,Residential,LTE,Web Booster,Regular Payer
C00767,SME,LTE,Web Family,High-Risk Non-Payer
C00768,Residential,ADSL,Biz Speed,Regular Payer
C00769,Enterprise,Fiber,Biz Speed,Predictable Late Payer
C00770,Enterprise,Fiber,Web Booster,Irregular Payer
C00771,Enterprise,Fiber,Web Booster,Predictable Late Payer
C00772,Residential,ADSL,Web Booster,Regular Payer
C00773,Enterprise,Fiber,Biz Speed,Predictable Late Payer
C00774,SME,Fiber,Web Booster,High-Risk Non-Payer
C00775,SME,ADSL,Web Booster,Predictable Late Payer
C00776,Enterprise,LTE,Biz Speed,Regular Payer
C00777,SME,ADSL,Biz Speed,Predictable Late Payer
C00778,Residential,Fiber,Web Family,Predictable Late Payer
C00779,SME,Fiber,Biz Speed,Predictable Late Payer
C00780,Enterprise,ADSL,Biz Speed,Predictable Late Payer
C00781,SME,LTE,Web Family,Regular Payer
C00782,SME,Fiber,Biz Speed,Irregular Payer
C00783,Enterprise,ADSL,Biz Speed,Predictable Late Payer
C00784,SME,LTE,Web Booster,Predictable Late Payer
C00785,Enterprise,ADSL,Biz Speed,Predictable Late Payer
C00786,SME,Fiber,Web Booster,Regular Payer
C00787,SME,Fiber,Web Family,Irregular Payer
C00788,Enterprise,Fiber,Web Booster,Regular Payer
C00789,SME,Fiber,Biz Speed,Predictable Late Payer
C00790,SME,Fiber,Web Booster,Irregular Payer
C00791,SME,LTE,Web Family,Regular Payer
C00792,Enterprise,Fiber,Web Family,Irregular Payer
C00793,Enterprise,Fiber,Biz Speed,Irregular Payer
C00794,Enterprise,Fiber,Biz Speed,Regular Payer
C00795,Residential,LTE,Biz Speed,Predictable Late Payer
C00796,SME,Fiber,Web Booster,Predictable Late Payer
C00797,Residential,ADSL,Biz Speed,Predictable Late Payer
C00798,Residential,ADSL,Biz Speed,Irregular Payer
C00799,SME,ADSL,Web Booster,Regular Payer
C00800,Enterprise,Fiber,Web Family,Regular Payer
C00801,Enterprise,Fiber,Biz Speed,Regular Payer
C00802,Enterprise,Fiber,Web Booster,Regular Payer
C00803,SME,Fiber,Web Booster,Predictable Late Payer
C00804,SME,ADSL,Biz Speed,Regular Payer
C00805,SME,ADSL,Web Booster,Predictable Late Payer
C00806,SME,LTE,Web Booster,Predictable Late Payer
C00807,Enterprise,ADSL,Web Booster,High-Risk Non-Payer
C00808,Enterprise,Fiber,Biz Speed,Regular Payer
C00809,Residential,Fiber,Web Booster,Regular Payer
C00810,SME,ADSL,Web Family,Predictable Late Payer
C00811,SME,ADSL,Web Family,Predictable Late Payer
C00812,SME,Fiber,Web Booster,Predictable Late Payer
C00813,Enterprise,ADSL,Web Family,Predictable Late Payer
C00814,SME,LTE,Web Family,Regular Payer
C00815,SME,ADSL,Web Family,Irregular Payer
C00816,Residential,LTE,Web Family,Regular Payer
C00817,SME,ADSL,Biz Speed,Predictable Late Payer
C00818,SME,ADSL,Web Booster,Predictable Late Payer
C00819,SME,LTE,Web Family,Regular Payer
C00820,Residential,Fiber,Web Booster,Regular Payer
C00821,Residential,ADSL,Web Booster,Regular Payer
C00822,SME,ADSL,Biz Speed,Irregular Payer
C00823,SME,ADSL,Biz Speed,Regular Payer
C00824,Residential,LTE,Biz Speed,Irregular Payer
C00825,SME,ADSL,Web Family,Irregular Payer
C00826,SME,ADSL,Web Family,High-Risk Non-Payer
C00827,Residential,ADSL,Biz Speed,Irregular Payer
C00828,SME,Fiber,Web Booster,Regular Payer
C00829,Residential,LTE,Web Family,Irregular Payer
C00830,Residential,Fiber,Biz Speed,Predictable Late Payer
C00831,SME,ADSL,Biz Speed,Predictable Late Payer
C00832,Residential,ADSL,Web Family,Irregular Payer
C00833,Residential,Fiber,Biz Speed,Regular Payer
C00834,SME,ADSL,Biz Speed,Regular Payer
C00835,Enterprise,LTE,Web Booster,Predictable Late Payer
C00836,Enterprise,ADSL,Web Family,Regular Payer
C00837,SME,Fiber,Web Booster,Irregular Payer
C00838,Residential,ADSL,Web Family,Regular Payer
C00839,Enterprise,LTE,Web Family,Irregular Payer
C00840,Enterprise,LTE,Web Booster,Regular Payer
C00841,Enterprise,LTE,Biz Speed,Predictable Late Payer
C00842,SME,Fiber,Biz Speed,Irregular Payer
C00843,Residential,LTE,Biz Speed,Irregular Payer
C00844,Enterprise,LTE,Web Booster,High-Risk Non-Payer
C00845,SME,ADSL,Web Family,Irregular Payer
C00846,Enterprise,Fiber,Biz Speed,High-Risk Non-Payer
C00847,Enterprise,ADSL,Biz Speed,Regular Payer
C00848,Residential,ADSL,Web Booster,Regular Payer
C00849,SME,Fiber,Web Booster,Regular Payer
C00850,SME,LTE,Biz Speed,Predictable Late Payer
C00851,Enterprise,LTE,Web Booster,Irregular Payer
C00852,Residential,Fiber,Web Family,Predictable Late Payer
C00853,SME,Fiber,Web Family,High-Risk Non-Payer
C00854,Residential,LTE,Web Booster,Regular Payer
C00855,SME,Fiber,Biz Speed,High-Risk Non-Payer
C00856,Enterprise,LTE,Web Family,Irregular Payer
C00857,SME,Fiber,Biz Speed,Regular Payer
C00858,Residential,LTE,Biz Speed,High-Risk Non-Payer
C00859,Residential,Fiber,Web Booster,Predictable Late Payer
C00860,Enterprise,ADSL,Web Family,Predictable Late Payer
C00861,Residential,ADSL,Web Family,Regular Payer
C00862,SME,Fiber,Web Family,Predictable Late Payer
C00863,Enterprise,ADSL,Web Booster,Regular Payer
C00864,Enterprise,LTE,Web Family,High-Risk Non-Payer
C00865,SME,ADSL,Web Family,Predictable Late Payer
C00866,Residential,LTE,Web Family,Irregular Payer
C00867,Residential,Fiber,Web Booster,Regular Payer
C00868,SME,Fiber,Web Booster,Irregular Payer
C00869,Residential,ADSL,Biz Speed,Regular Payer
C00870,Enterprise,ADSL,Web Family,Predictable Late Payer
C00871,Residential,LTE,Web Booster,Irregular Payer
C00872,Enterprise,ADSL,Web Family,High-Risk Non-Payer
C00873,Enterprise,ADSL,Web Booster,Irregular Payer
C00874,Residential,Fiber,Web Family,Irregular Payer
C00875,Enterprise,ADSL,Web Booster,Regular Payer
C00876,SME,LTE,Web Family,Regular Payer
C00877,Enterprise,Fiber,Web Family,Predictable Late Payer
C00878,Enterprise,ADSL,Biz Speed,Regular Payer
C00879,Enterprise,Fiber,Biz Speed,Irregular Payer
C00880,Residential,ADSL,Biz Speed,Predictable Late Payer
C00881,Enterprise,LTE,Web Booster,Predictable Late Payer
C00882,Residential,LTE,Web Booster,Regular Payer
C00883,SME,ADSL,Biz Speed,Regular Payer
C00884,Residential,LTE,Web Booster,Regular Payer
C00885,Enterprise,LTE,Web Booster,Predictable Late Payer
C00886,Residential,LTE,Web Family,Regular Payer
C00887,Residential,Fiber,Web Booster,Regular Payer
C00888,Residential,LTE,Biz Speed,Regular Payer
C00889,Enterprise,ADSL,Web Booster,Predictable Late Payer
C00890,SME,Fiber,Biz Speed,Predictable Late Payer
C00891,Enterprise,Fiber,Web Booster,Regular Payer
C00892,Residential,ADSL,Web Family,High-Risk Non-Payer
C00893,Residential,ADSL,Web Booster,Regular Payer
C00894,Enterprise,ADSL,Biz Speed,Predictable Late Payer
C00895,SME,ADSL,Web Booster,Irregular Payer
C00896,Residential,Fiber,Web Family,Regular Payer
C00897,SME,Fiber,Web Booster,Predictable Late Payer
C00898,Residential,LTE,Biz Speed,Irregular Payer
C00899,Enterprise,Fiber,Web Family,Regular Payer
C00900,Residential,ADSL,Web Family,Regular Payer
C00901,SME,ADSL,Biz Speed,Irregular Payer
C00902,Enterprise,LTE,Web Family,Regular Payer
C00903,Enterprise,LTE,Biz Speed,Irregular Payer
C00904,Residential,LTE,Web Booster,Regular Payer
C00905,Residential,LTE,Biz Speed,High-Risk Non-Payer
C00906,Enterprise,Fiber,Web Booster,Predictable Late Payer
C00907,SME,Fiber,Web Booster,Irregular Payer
C00908,Residential,LTE,Web Family,Regular Payer
C00909,Residential,ADSL,Biz Speed,Irregular Payer
C00910,Residential,ADSL,Biz Speed,Regular Payer
C00911,Residential,Fiber,Web Family,Predictable Late Payer
C00912,SME,Fiber,Web Family,High-Risk Non-Payer
C00913,Residential,ADSL,Biz Speed,Irregular Payer
C00914,SME,Fiber,Web Booster,Regular Payer
C00915,Enterprise,LTE,Web Booster,Irregular Payer
C00916,Enterprise,LTE,Web Family,Predictable Late Payer
C00917,Residential,Fiber,Web Family,Irregular Payer
C00918,Residential,LTE,Web Family,Irregular Payer
C00919,SME,LTE,Web Booster,Regular Payer
C00920,SME,Fiber,Web Booster,Regular Payer
C00921,Enterprise,LTE,Biz Speed,Predictable Late Payer
C00922,SME,LTE,Biz Speed,High-Risk Non-Payer
C00923,Residential,ADSL,Biz Speed,Irregular Payer
C00924,Residential,Fiber,Web Family,High-Risk Non-Payer
C00925,Residential,Fiber,Biz Speed,Regular Payer
C00926,Enterprise,Fiber,Web Booster,Regular Payer
C00927,Enterprise,LTE,Biz Speed,Irregular Payer
C00928,Residential,Fiber,Biz Speed,High-Risk Non-Payer
C00929,SME,LTE,Web Family,High-Risk Non-Payer
C00930,Residential,ADSL,Web Booster,Regular Payer
C00931,Residential,ADSL,Web Booster,Irregular Payer
C00932,SME,LTE,Biz Speed,Regular Payer
C00933,Residential,ADSL,Web Family,Predictable Late Payer
C00934,SME,Fiber,Biz Speed,Predictable Late Payer
C00935,SME,ADSL,Web Family,Regular Payer
C00936,SME,LTE,Web Booster,Irregular Payer
C00937,Enterprise,LTE,Web Booster,Predictable Late Payer
C00938,Residential,Fiber,Web Family,Regular Payer
C00939,Enterprise,Fiber,Web Family,Regular Payer
C00940,SME,LTE,Web Booster,Predictable Late Payer
C00941,Enterprise,LTE,Web Family,Predictable Late Payer
C00942,SME,LTE,Web Family,Regular Payer
C00943,Enterprise,LTE,Biz Speed,Predictable Late Payer
C00944,Residential,Fiber,Web Booster,Regular Payer
C00945,Enterprise,Fiber,Web Booster,Regular Payer
C00946,Residential,ADSL,Web Booster,Regular Payer
C00947,Residential,Fiber,Web Booster,Irregular Payer
C00948,Enterprise,ADSL,Biz Speed,Regular Payer
C00949,SME,Fiber,Web Family,Regular Payer
C00950,Residential,Fiber,Web Family,Regular Payer
C00951,SME,LTE,Biz Speed,Predictable Late Payer
C00952,Enterprise,Fiber,Biz Speed,Predictable Late Payer
C00953,Residential,Fiber,Web Family,Regular Payer
C00954,Enterprise,LTE,Web Family,Regular Payer
C00955,SME,Fiber,Web Family,High-Risk Non-Payer
C00956,Residential,Fiber,Biz Speed,Predictable Late Payer
C00957,Enterprise,LTE,Web Booster,Regular Payer
C00958,Enterprise,LTE,Web Family,Regular Payer
C00959,Residential,LTE,Web Booster,Predictable Late Payer
C00960,Residential,Fiber,Biz Speed,Predictable Late Payer
C00961,Residential,ADSL,Web Booster,Predictable Late Payer
C00962,Enterprise,LTE,Web Family,Regular Payer
C00963,SME,Fiber,Web Booster,Regular Payer
C00964,Enterprise,Fiber,Biz Speed,High-Risk Non-Payer
C00965,Enterprise,Fiber,Web Booster,Irregular Payer
C00966,SME,LTE,Biz Speed,Irregular Payer
C00967,SME,ADSL,Biz Speed,Regular Payer
C00968,SME,Fiber,Web Family,Regular Payer
C00969,Residential,Fiber,Web Booster,Regular Payer
C00970,SME,ADSL,Web Booster,Irregular Payer
C00971,Residential,Fiber,Web Family,Regular Payer
C00972,Residential,LTE,Biz Speed,Irregular Payer
C00973,Enterprise,Fiber,Web Family,Predictable Late Payer
C00974,SME,LTE,Web Family,Regular Payer
C00975,Enterprise,LTE,Biz Speed,Predictable Late Payer
C00976,Enterprise,Fiber,Biz Speed,Irregular Payer
C00977,Enterprise,ADSL,Web Family,Predictable Late Payer
C00978,Residential,LTE,Biz Speed,Regular Payer
C00979,SME,Fiber,Web Family,Regular Payer
C00980,Enterprise,Fiber,Web Family,Predictable Late Payer
C00981,Residential,LTE,Biz Speed,Regular Payer
C00982,Residential,LTE,Biz Speed,Regular Payer
C00983,SME,Fiber,Web Family,Regular Payer
C00984,Enterprise,Fiber,Web Family,Irregular Payer
C00985,SME,Fiber,Web Booster,Irregular Payer
C00986,Enterprise,LTE,Biz Speed,Regular Payer
C00987,SME,LTE,Web Family,High-Risk Non-Payer
C00988,Enterprise,LTE,Biz Speed,High-Risk Non-Payer
C00989,Enterprise,LTE,Web Family,Irregular Payer
C00990,Enterprise,ADSL,Biz Speed,Irregular Payer
C00991,Residential,ADSL,Biz Speed,Irregular Payer
C00992,SME,LTE,Biz Speed,Predictable Late Payer
C00993,Residential,Fiber,Biz Speed,Regular Payer
C00994,Enterprise,ADSL,Web Booster,Irregular Payer
C00995,Enterprise,Fiber,Web Family,Predictable Late Payer
C00996,Enterprise,Fiber,Biz Speed,Predictable Late Payer
C00997,SME,Fiber,Web Booster,Irregular Payer
C00998,Residential,LTE,Web Booster,Regular Payer
C00999,Residential,ADSL,Biz Speed,Predictable Late Payer
C01000,SME,LTE,Web Family,Regular Payer
C01001,Residential,ADSL,Web Family,Regular Payer
C01002,Residential,ADSL,Web Family,Regular Payer
C01003,SME,ADSL,Web Booster,High-Risk Non-Payer
C01004,SME,LTE,Web Booster,Regular Payer
C01005,SME,Fiber,Web Booster,Irregular Payer
C01006,Enterprise,ADSL,Biz Speed,Regular Payer
C01007,SME,Fiber,Web Family,Regular Payer
C01008,SME,LTE,Web Family,Regular Payer
C01009,Residential,LTE,Web Family,Irregular Payer
C01010,Enterprise,Fiber,Web Booster,Predictable Late Payer
C01011,Enterprise,LTE,Biz Speed,Regular Payer
C01012,Enterprise,Fiber,Biz Speed,Irregular Payer
C01013,Residential,Fiber,Web Family,Regular Payer
C01014,Residential,LTE,Biz Speed,Predictable Late Payer
C01015,Enterprise,ADSL,Web Booster,Predictable Late Payer
C01016,SME,Fiber,Web Family,Regular Payer
C01017,Enterprise,ADSL,Web Booster,Regular Payer
C01018,SME,Fiber,Web Booster,Regular Payer
C01019,Enterprise,ADSL,Biz Speed,Predictable Late Payer
C01020,Residential,Fiber,Web Family,Regular Payer
C01021,SME,Fiber,Web Booster,Irregular Payer
C01022,SME,LTE,Web Booster,Predictable Late Payer
C01023,Enterprise,LTE,Web Family,Predictable Late Payer
C01024,SME,Fiber,Web Booster,Irregular Payer
C01025,SME,Fiber,Web Booster,Regular Payer
C01026,SME,LTE,Web Booster,Regular Payer
C01027,SME,ADSL,Web Family,Regular Payer
C01028,Enterprise,ADSL,Web Family,Regular Payer
C01029,SME,ADSL,Web Booster,High-Risk Non-Payer
C01030,Enterprise,Fiber,Biz Speed,Regular Payer
C01031,SME,ADSL,Web Booster,High-Risk Non-Payer
C01032,Enterprise,LTE,Biz Speed,Irregular Payer
C01033,SME,LTE,Web Family,Regular Payer
C01034,Enterprise,Fiber,Biz Speed,Predictable Late Payer
C01035,Enterprise,ADSL,Biz Speed,High-Risk Non-Payer
C01036,Residential,Fiber,Web Booster,Regular Payer
C01037,Residential,Fiber,Web Family,Regular Payer
C01038,SME,Fiber,Biz Speed,Predictable Late Payer
C01039,Enterprise,Fiber,Biz Speed,Regular Payer
C01040,Enterprise,Fiber,Web Family,Regular Payer
C01041,SME,ADSL,Web Booster,Irregular Payer
C01042,Enterprise,LTE,Web Family,Irregular Payer
C01043,Enterprise,ADSL,Biz Speed,Irregular Payer
C01044,Residential,LTE,Web Family,Regular Payer
C01045,Enterprise,ADSL,Web Family,High-Risk Non-Payer
C01046,Enterprise,Fiber,Web Booster,Irregular Payer
C01047,SME,LTE,Web Booster,Regular Payer
C01048,SME,ADSL,Biz Speed,Predictable Late Payer
C01049,Residential,LTE,Web Booster,Regular Payer
C01050,Enterprise,ADSL,Biz Speed,Predictable Late Payer
C01051,SME,LTE,Biz Speed,Regular Payer
C01052,Enterprise,LTE,Web Booster,Irregular Payer
C01053,Residential,LTE,Web Booster,Regular Payer
C01054,SME,ADSL,Biz Speed,Regular Payer
C01055,Residential,Fiber,Web Booster,High-Risk Non-Payer
C01056,SME,LTE,Web Booster,Irregular Payer
C01057,Enterprise,ADSL,Web Family,Regular Payer
C01058,Residential,LTE,Biz Speed,Predictable Late Payer
C01059,Enterprise,LTE,Web Family,Predictable Late Payer
C01060,Residential,Fiber,Web Booster,Irregular Payer
C01061,SME,Fiber,Biz Speed,Irregular Payer
C01062,Residential,Fiber,Web Family,Irregular Payer
C01063,Residential,Fiber,Web Family,Regular Payer
C01064,Residential,LTE,Biz Speed,Regular Payer
C01065,SME,LTE,Biz Speed,Regular Payer
C01066,Residential,ADSL,Web Family,Regular Payer
C01067,SME,ADSL,Web Booster,Regular Payer
C01068,SME,ADSL,Biz Speed,Regular Payer
C01069,Residential,LTE,Biz Speed,Irregular Payer
C01070,Residential,LTE,Web Family,Regular Payer
C01071,Residential,ADSL,Web Family,Irregular Payer
C01072,Enterprise,Fiber,Biz Speed,Regular Payer
C01073,Enterprise,LTE,Biz Speed,Regular Payer
C01074,Enterprise,Fiber,Web Booster,High-Risk Non-Payer
C01075,Enterprise,Fiber,Biz Speed,Irregular Payer
C01076,Residential,LTE,Biz Speed,Irregular Payer
C01077,SME,ADSL,Biz Speed,Predictable Late Payer
C01078,SME,LTE,Web Booster,Predictable Late Payer
C01079,Residential,LTE,Web Booster,Predictable Late Payer
C01080,Enterprise,LTE,Biz Speed,Regular Payer
C01081,Enterprise,ADSL,Web Booster,Predictable Late Payer
C01082,Enterprise,ADSL,Web Booster,Regular Payer
C01083,Residential,LTE,Web Family,Regular Payer
C01084,SME,ADSL,Web Booster,Irregular Payer
C01085,SME,ADSL,Biz Speed,High-Risk Non-Payer
C01086,Enterprise,LTE,Web Family,Regular Payer
C01087,Residential,Fiber,Biz Speed,Predictable Late Payer
C01088,SME,ADSL,Web Family,Irregular Payer
C01089,Enterprise,LTE,Web Booster,Regular Payer
C01090,SME,LTE,Web Booster,Irregular Payer
C01091,Enterprise,ADSL,Biz Speed,Irregular Payer
C01092,SME,ADSL,Biz Speed,Regular Payer
C01093,Enterprise,ADSL,Web Booster,High-Risk Non-Payer
C01094,Enterprise,LTE,Biz Speed,Regular Payer
C01095,Residential,ADSL,Biz Speed,Regular Payer
C01096,Residential,LTE,Web Family,Irregular Payer
C01097,Enterprise,ADSL,Web Family,High-Risk Non-Payer
C01098,SME,ADSL,Web Family,Regular Payer
C01099,Residential,ADSL,Web Booster,Predictable Late Payer
C01100,SME,LTE,Web Booster,Predictable Late Payer
C01101,SME,Fiber,Web Booster,Regular Payer
C01102,Enterprise,ADSL,Biz Speed,High-Risk Non-Payer
C01103,Residential,LTE,Web Family,Predictable Late Payer
C01104,Enterprise,LTE,Biz Speed,Regular Payer
C01105,Residential,Fiber,Web Family,High-Risk Non-Payer
C01106,SME,LTE,Biz Speed,Irregular Payer
C01107,SME,Fiber,Web Booster,Irregular Payer
C01108,Residential,Fiber,Web Booster,Regular Payer
C01109,Residential,LTE,Biz Speed,Regular Payer
C01110,SME,LTE,Web Family,Irregular Payer
C01111,Residential,ADSL,Web Family,Predictable Late Payer
C01112,Residential,Fiber,Biz Speed,Predictable Late Payer
C01113,SME,LTE,Web Booster,High-Risk Non-Payer
C01114,SME,Fiber,Web Family,Predictable Late Payer
C01115,Enterprise,LTE,Web Family,Irregular Payer
C01116,Enterprise,Fiber,Web Family,Predictable Late Payer
C01117,Enterprise,ADSL,Web Family,Regular Payer
C01118,SME,LTE,Web Family,Regular Payer
C01119,Enterprise,ADSL,Web Booster,Regular Payer
C01120,Residential,LTE,Web Booster,Predictable Late Payer
C01121,Enterprise,ADSL,Biz Speed,Regular Payer
C01122,Enterprise,Fiber,Web Booster,High-Risk Non-Payer
C01123,SME,LTE,Web Family,Regular Payer
C01124,SME,Fiber,Web Family,Regular Payer
C01125,Residential,Fiber,Biz Speed,Regular Payer
C01126,Enterprise,Fiber,Web Family,Regular Payer
C01127,Enterprise,Fiber,Web Booster,Irregular Payer
C01128,SME,ADSL,Biz Speed,Regular Payer
C01129,Residential,ADSL,Web Family,Predictable Late Payer
C01130,Residential,Fiber,Biz Speed,Regular Payer
C01131,SME,LTE,Web Family,Predictable Late Payer
C01132,SME,ADSL,Web Family,Regular Payer
C01133,Enterprise,ADSL,Web Family,Regular Payer
C01134,Enterprise,Fiber,Biz Speed,Predictable Late Payer
C01135,Enterprise,ADSL,Biz Speed,Regular Payer
C01136,Residential,ADSL,Biz Speed,Predictable Late Payer
C01137,SME,Fiber,Web Family,Predictable Late Payer
C01138,Enterprise,Fiber,Web Booster,Irregular Payer
C01139,Residential,LTE,Biz Speed,Predictable Late Payer
C01140,Residential,Fiber,Biz Speed,Predictable Late Payer
C01141,Residential,ADSL,Web Booster,Regular Payer
C01142,Residential,Fiber,Biz Speed,Regular Payer
C01143,Residential,ADSL,Biz Speed,Predictable Late Payer
C01144,Residential,ADSL,Web Family,Irregular Payer
C01145,Residential,LTE,Biz Speed,Regular Payer
C01146,SME,LTE,Web Booster,Regular Payer
C01147,Residential,Fiber,Web Booster,Regular Payer
C01148,Enterprise,LTE,Web Booster,Irregular Payer
C01149,Residential,Fiber,Web Family,Irregular Payer
C01150,Enterprise,ADSL,Web Family,Regular Payer
C01151,SME,ADSL,Web Booster,Irregular Payer
C01152,Residential,LTE,Web Booster,Regular Payer
C01153,SME,LTE,Web Booster,Regular Payer
C01154,SME,ADSL,Web Booster,Irregular Payer
C01155,Enterprise,Fiber,Web Family,Regular Payer
C01156,Enterprise,Fiber,Web Family,Regular Payer
C01157,Enterprise,LTE,Biz Speed,Predictable Late Payer
C01158,Residential,ADSL,Web Booster,Irregular Payer
C01159,Enterprise,Fiber,Biz Speed,Irregular Payer
C01160,Enterprise,Fiber,Web Booster,High-Risk Non-Payer
C01161,Residential,LTE,Web Booster,Regular Payer
C01162,SME,ADSL,Web Booster,Regular Payer
C01163,Enterprise,ADSL,Biz Speed,Predictable Late Payer
C01164,Enterprise,Fiber,Biz Speed,Irregular Payer
C01165,Enterprise,ADSL,Biz Speed,Irregular Payer
C01166,Residential,LTE,Biz Speed,Irregular Payer
C01167,SME,LTE,Biz Speed,Predictable Late Payer
C01168,SME,Fiber,Biz Speed,Irregular Payer
C01169,Enterprise,Fiber,Web Family,Predictable Late Payer
C01170,Residential,ADSL,Web Booster,Irregular Payer
C01171,Residential,Fiber,Web Booster,Regular Payer
C01172,SME,LTE,Web Family,Predictable Late Payer
C01173,Enterprise,ADSL,Web Booster,Predictable Late Payer
C01174,Residential,Fiber,Web Booster,Predictable Late Payer
C01175,Enterprise,LTE,Web Family,Irregular Payer
C01176,SME,LTE,Web Family,High-Risk Non-Payer
C01177,Enterprise,ADSL,Web Family,Regular Payer
C01178,SME,Fiber,Biz Speed,Predictable Late Payer
C01179,Residential,ADSL,Biz Speed,Predictable Late Payer
C01180,Enterprise,ADSL,Web Family,Predictable Late Payer
C01181,SME,LTE,Web Booster,Irregular Payer
C01182,Residential,LTE,Web Booster,Predictable Late Payer
C01183,Enterprise,ADSL,Web Booster,Irregular Payer
C01184,SME,ADSL,Web Booster,Regular Payer
C01185,Enterprise,Fiber,Web Family,Regular Payer
C01186,Enterprise,LTE,Biz Speed,Predictable Late Payer
C01187,Enterprise,Fiber,Web Family,Irregular Payer
C01188,SME,Fiber,Biz Speed,Irregular Payer
C01189,SME,Fiber,Web Booster,Predictable Late Payer
C01190,Residential,Fiber,Web Booster,Regular Payer
C01191,Residential,ADSL,Web Booster,Regular Payer
C01192,SME,Fiber,Biz Speed,Irregular Payer
C01193,Enterprise,Fiber,Web Booster,Predictable Late Payer
C01194,Enterprise,ADSL,Web Family,High-Risk Non-Payer
C01195,Residential,ADSL,Biz Speed,Regular Payer
C01196,SME,ADSL,Web Booster,High-Risk Non-Payer
C01197,Residential,ADSL,Biz Speed,Regular Payer
C01198,Residential,Fiber,Web Booster,Predictable Late Payer
C01199,Enterprise,LTE,Biz Speed,Irregular Payer
C01200,SME,ADSL,Biz Speed,Irregular Payer
C01201,SME,LTE,Web Booster,High-Risk Non-Payer
C01202,SME,Fiber,Web Family,Predictable Late Payer
C01203,Enterprise,ADSL,Biz Speed,Regular Payer
C01204,Enterprise,ADSL,Web Booster,Irregular Payer
C01205,Enterprise,ADSL,Web Family,Regular Payer
C01206,Enterprise,ADSL,Web Booster,Predictable Late Payer
C01207,Enterprise,Fiber,Biz Speed,Predictable Late Payer
C01208,Residential,ADSL,Biz Speed,Predictable Late Payer
C01209,SME,ADSL,Web Family,Irregular Payer
C01210,Enterprise,LTE,Biz Speed,Predictable Late Payer
C01211,Enterprise,ADSL,Web Booster,Predictable Late Payer
C01212,Enterprise,LTE,Web Booster,Irregular Payer
C01213,Enterprise,Fiber,Web Family,Regular Payer
C01214,Residential,ADSL,Web Family,Regular Payer
C01215,Residential,LTE,Biz Speed,Regular Payer
C01216,Residential,ADSL,Web Booster,Regular Payer
C01217,Enterprise,Fiber,Web Booster,Irregular Payer
C01218,Residential,ADSL,Biz Speed,Irregular Payer
C01219,Residential,ADSL,Biz Speed,Predictable Late Payer
C01220,Residential,ADSL,Biz Speed,Regular Payer
C01221,Enterprise,Fiber,Web Booster,Regular Payer
C01222,Enterprise,LTE,Biz Speed,Regular Payer
C01223,Enterprise,LTE,Web Family,Predictable Late Payer
C01224,SME,Fiber,Biz Speed,Irregular Payer
C01225,Enterprise,LTE,Biz Speed,Predictable Late Payer
C01226,Enterprise,Fiber,Biz Speed,High-Risk Non-Payer
C01227,SME,LTE,Web Family,High-Risk Non-Payer
C01228,Residential,Fiber,Web Family,Irregular Payer
C01229,Residential,LTE,Web Family,Predictable Late Payer
C01230,Enterprise,LTE,Web Family,Regular Payer
C01231,SME,Fiber,Web Booster,Predictable Late Payer
C01232,Residential,Fiber,Web Family,High-Risk Non-Payer
C01233,Enterprise,Fiber,Biz Speed,Predictable Late Payer
C01234,Enterprise,LTE,Web Booster,Irregular Payer
C01235,Enterprise,LTE,Web Family,Irregular Payer
C01236,SME,ADSL,Web Family,High-Risk Non-Payer
C01237,Enterprise,Fiber,Biz Speed,Regular Payer
C01238,Enterprise,ADSL,Web Booster,Regular Payer
C01239,Residential,Fiber,Biz Speed,Regular Payer
C01240,SME,LTE,Web Family,High-Risk Non-Payer
C01241,Enterprise,ADSL,Web Booster,High-Risk Non-Payer
C01242,Enterprise,Fiber,Web Family,Predictable Late Payer
C01243,SME,Fiber,Biz Speed,Predictable Late Payer
C01244,Enterprise,Fiber,Web Family,Predictable Late Payer
C01245,SME,LTE,Web Family,Regular Payer
C01246,Enterprise,ADSL,Web Booster,Regular Payer
C01247,Enterprise,LTE,Biz Speed,Irregular Payer
C01248,SME,LTE,Web Family,Regular Payer
C01249,Enterprise,Fiber,Web Booster,Predictable Late Payer
C01250,Residential,Fiber,Biz Speed,Predictable Late Payer
C01251,Enterprise,Fiber,Web Family,Predictable Late Payer
C01252,Residential,ADSL,Web Booster,Irregular Payer
C01253,Residential,ADSL,Biz Speed,Irregular Payer
C01254,Enterprise,LTE,Biz Speed,Irregular Payer
C01255,Residential,ADSL,Biz Speed,Regular Payer
C01256,SME,ADSL,Web Booster,Regular Payer
C01257,Residential,Fiber,Web Family,Irregular Payer
C01258,Enterprise,Fiber,Biz Speed,Irregular Payer
C01259,SME,LTE,Web Booster,Predictable Late Payer
C01260,SME,LTE,Web Booster,Regular Payer
C01261,Enterprise,Fiber,Biz Speed,Regular Payer
C01262,Enterprise,ADSL,Web Family,Irregular Payer
C01263,Enterprise,Fiber,Biz Speed,Irregular Payer
C01264,SME,ADSL,Web Family,Regular Payer
C01265,Enterprise,LTE,Biz Speed,Regular Payer
C01266,SME,LTE,Web Booster,Irregular Payer
C01267,Residential,LTE,Web Family,Predictable Late Payer
C01268,Residential,ADSL,Web Booster,Irregular Payer
C01269,Enterprise,LTE,Biz Speed,Regular Payer
C01270,Enterprise,ADSL,Biz Speed,Regular Payer
C01271,Residential,ADSL,Biz Speed,Regular Payer
C01272,Residential,Fiber,Biz Speed,Predictable Late Payer
C01273,Enterprise,ADSL,Web Family,Regular Payer
C01274,Enterprise,ADSL,Biz Speed,Regular Payer
C01275,SME,ADSL,Biz Speed,Regular Payer
C01276,Residential,Fiber,Biz Speed,Irregular Payer
C01277,Residential,Fiber,Web Family,Predictable Late Payer
C01278,Enterprise,Fiber,Biz Speed,Predictable Late Payer
C01279,Enterprise,Fiber,Web Booster,Predictable Late Payer
C01280,SME,Fiber,Web Family,Irregular Payer
C01281,SME,LTE,Web Booster,Regular Payer
C01282,Enterprise,Fiber,Web Family,Regular Payer
C01283,Residential,Fiber,Web Booster,Predictable Late Payer
C01284,SME,ADSL,Biz Speed,Regular Payer
C01285,Enterprise,Fiber,Biz Speed,Predictable Late Payer
C01286,SME,LTE,Web Family,Regular Payer
C01287,Residential,Fiber,Biz Speed,Irregular Payer
C01288,SME,LTE,Web Booster,Regular Payer
C01289,Enterprise,LTE,Web Booster,Predictable Late Payer
C01290,SME,LTE,Web Booster,Predictable Late Payer
C01291,Residential,ADSL,Biz Speed,Regular Payer
C01292,SME,Fiber,Biz Speed,Regular Payer
C01293,Enterprise,ADSL,Web Family,Irregular Payer
C01294,Residential,ADSL,Biz Speed,Regular Payer
C01295,Enterprise,ADSL,Web Booster,Irregular Payer
C01296,Residential,Fiber,Biz Speed,Regular Payer
C01297,Enterprise,LTE,Biz Speed,Irregular Payer
C01298,SME,LTE,Web Family,Irregular Payer
C01299,Enterprise,ADSL,Web Booster,Regular Payer
C01300,Enterprise,ADSL,Web Family,Regular Payer
C01301,Enterprise,Fiber,Biz Speed,Regular Payer
C01302,Enterprise,ADSL,Web Family,Irregular Payer
C01303,Residential,LTE,Web Family,Regular Payer
C01304,Enterprise,ADSL,Web Family,Irregular Payer
C01305,SME,LTE,Web Family,Regular Payer
C01306,SME,Fiber,Web Family,Regular Payer
C01307,Residential,Fiber,Biz Speed,Regular Payer
C01308,SME,LTE,Web Booster,High-Risk Non-Payer
C01309,Residential,Fiber,Biz Speed,Regular Payer
C01310,Enterprise,ADSL,Biz Speed,Irregular Payer
C01311,Enterprise,LTE,Biz Speed,Predictable Late Payer
C01312,Residential,LTE,Biz Speed,Regular Payer
C01313,Enterprise,ADSL,Web Family,Predictable Late Payer
C01314,SME,Fiber,Biz Speed,Predictable Late Payer
C01315,SME,LTE,Web Booster,Irregular Payer
C01316,Residential,ADSL,Web Family,Predictable Late Payer
C01317,Residential,Fiber,Biz Speed,Predictable Late Payer
C01318,Residential,Fiber,Web Family,Regular Payer
C01319,Enterprise,ADSL,Web Family,Predictable Late Payer
C01320,SME,LTE,Biz Speed,Regular Payer
C01321,Enterprise,LTE,Web Booster,Regular Payer
C01322,Residential,ADSL,Web Booster,Regular Payer
C01323,Residential,Fiber,Biz Speed,Predictable Late Payer
C01324,Residential,ADSL,Biz Speed,Regular Payer
C01325,Enterprise,Fiber,Web Family,Regular Payer
C01326,Residential,ADSL,Web Booster,Predictable Late Payer
C01327,Enterprise,ADSL,Web Family,Irregular Payer
C01328,Enterprise,ADSL,Web Booster,High-Risk Non-Payer
C01329,Residential,LTE,Biz Speed,High-Risk Non-Payer
C01330,SME,Fiber,Web Family,Irregular Payer
C01331,Enterprise,Fiber,Biz Speed,Irregular Payer
C01332,Residential,ADSL,Biz Speed,Predictable Late Payer
C01333,Residential,ADSL,Biz Speed,Regular Payer
C01334,SME,ADSL,Biz Speed,Regular Payer
C01335,SME,LTE,Web Family,Regular Payer
C01336,Residential,ADSL,Biz Speed,Predictable Late Payer
C01337,Residential,ADSL,Web Family,Regular Payer
C01338,Enterprise,ADSL,Web Family,Irregular Payer
C01339,Enterprise,ADSL,Web Family,Regular Payer
C01340,Enterprise,Fiber,Biz Speed,Predictable Late Payer
C01341,Residential,ADSL,Biz Speed,Predictable Late Payer
C01342,SME,LTE,Web Family,Predictable Late Payer
C01343,SME,Fiber,Web Booster,Irregular Payer
C01344,SME,LTE,Biz Speed,Irregular Payer
C01345,Enterprise,ADSL,Web Family,Predictable Late Payer
C01346,SME,LTE,Web Family,High-Risk Non-Payer
C01347,Residential,LTE,Biz Speed,Irregular Payer
C01348,SME,LTE,Web Family,Regular Payer
C01349,Enterprise,Fiber,Biz Speed,Predictable Late Payer
C01350,Enterprise,Fiber,Web Booster,Predictable Late Payer
C01351,Enterprise,LTE,Web Booster,Regular Payer
C01352,Residential,LTE,Biz Speed,Predictable Late Payer
C01353,SME,ADSL,Web Booster,Predictable Late Payer
C01354,Enterprise,LTE,Biz Speed,Regular Payer
C01355,Residential,LTE,Biz Speed,Irregular Payer
C01356,SME,Fiber,Web Booster,Predictable Late Payer
C01357,SME,LTE,Web Booster,Predictable Late Payer
C01358,Enterprise,LTE,Biz Speed,Regular Payer
C01359,Enterprise,Fiber,Biz Speed,Regular Payer
C01360,Enterprise,Fiber,Web Family,Regular Payer
C01361,SME,LTE,Biz Speed,Predictable Late Payer
C01362,Enterprise,ADSL,Web Family,Regular Payer
C01363,Enterprise,Fiber,Web Family,Irregular Payer
C01364,SME,ADSL,Web Booster,Regular Payer
C01365,SME,Fiber,Web Booster,Regular Payer
C01366,Residential,ADSL,Web Booster,High-Risk Non-Payer
C01367,SME,ADSL,Biz Speed,Predictable Late Payer
C01368,Enterprise,ADSL,Web Family,High-Risk Non-Payer
C01369,Residential,ADSL,Web Booster,Predictable Late Payer
C01370,Residential,ADSL,Biz Speed,Regular Payer
C01371,Residential,ADSL,Biz Speed,Predictable Late Payer
C01372,Residential,ADSL,Web Family,Predictable Late Payer
C01373,SME,Fiber,Biz Speed,Regular Payer
C01374,Residential,Fiber,Web Booster,Irregular Payer
C01375,SME,ADSL,Web Booster,Predictable Late Payer
C01376,Residential,ADSL,Web Family,Irregular Payer
C01377,Residential,Fiber,Biz Speed,Regular Payer
C01378,Enterprise,ADSL,Web Booster,Regular Payer
C01379,SME,Fiber,Biz Speed,High-Risk Non-Payer
C01380,SME,LTE,Biz Speed,Regular Payer
C01381,Residential,LTE,Biz Speed,Regular Payer
C01382,Residential,ADSL,Web Booster,Regular Payer
C01383,Residential,ADSL,Web Booster,Irregular Payer
C01384,Enterprise,LTE,Biz Speed,Predictable Late Payer
C01385,SME,ADSL,Web Booster,Irregular Payer
C01386,SME,LTE,Biz Speed,Predictable Late Payer
C01387,Enterprise,Fiber,Web Booster,Regular Payer
C01388,Residential,LTE,Biz Speed,Irregular Payer
C01389,Residential,ADSL,Biz Speed,Regular Payer
C01390,SME,LTE,Web Booster,Predictable Late Payer
C01391,Residential,ADSL,Web Booster,Regular Payer
C01392,Residential,LTE,Biz Speed,Irregular Payer
C01393,SME,Fiber,Biz Speed,High-Risk Non-Payer
C01394,SME,LTE,Web Booster,Regular Payer
C01395,Enterprise,LTE,Web Family,High-Risk Non-Payer
C01396,Enterprise,Fiber,Web Booster,Irregular Payer
C01397,Residential,ADSL,Web Family,Irregular Payer
C01398,Residential,Fiber,Web Family,Irregular Payer
C01399,Enterprise,LTE,Web Family,Irregular Payer
C01400,Residential,Fiber,Biz Speed,High-Risk Non-Payer
C01401,SME,ADSL,Web Family,Irregular Payer
C01402,Enterprise,Fiber,Web Booster,Regular Payer
C01403,SME,LTE,Biz Speed,Irregular Payer
C01404,SME,Fiber,Biz Speed,Regular Payer
C01405,Residential,ADSL,Web Family,Regular Payer
C01406,SME,LTE,Biz Speed,Regular Payer
C01407,SME,LTE,Biz Speed,Irregular Payer
C01408,SME,Fiber,Biz Speed,Predictable Late Payer
C01409,SME,ADSL,Web Family,Regular Payer
C01410,Residential,LTE,Biz Speed,Regular Payer
C01411,SME,ADSL,Web Booster,Regular Payer
C01412,SME,Fiber,Web Booster,Predictable Late Payer
C01413,Enterprise,LTE,Web Booster,Regular Payer
C01414,SME,Fiber,Web Booster,Irregular Payer
C01415,SME,LTE,Web Booster,Regular Payer
C01416,Residential,ADSL,Web Family,High-Risk Non-Payer
C01417,Enterprise,Fiber,Web Family,Irregular Payer
C01418,Residential,ADSL,Web Booster,Irregular Payer
C01419,Residential,Fiber,Biz Speed,Regular Payer
C01420,Residential,Fiber,Web Booster,Predictable Late Payer
C01421,Enterprise,ADSL,Biz Speed,Irregular Payer
C01422,SME,LTE,Web Booster,Predictable Late Payer
C01423,Enterprise,Fiber,Web Booster,Regular Payer
C01424,Residential,Fiber,Web Family,Irregular Payer
C01425,SME,ADSL,Web Family,Predictable Late Payer
C01426,SME,LTE,Web Booster,Regular Payer
C01427,Enterprise,LTE,Web Booster,Regular Payer
C01428,Residential,LTE,Biz Speed,High-Risk Non-Payer
C01429,Residential,ADSL,Biz Speed,Predictable Late Payer
C01430,Enterprise,Fiber,Web Booster,Regular Payer
C01431,Enterprise,ADSL,Web Booster,Irregular Payer
C01432,SME,Fiber,Web Booster,Predictable Late Payer
C01433,SME,ADSL,Web Family,Irregular Payer
C01434,Enterprise,LTE,Web Booster,Predictable Late Payer
C01435,Enterprise,LTE,Web Family,Regular Payer
C01436,SME,Fiber,Web Booster,Regular Payer
C01437,SME,ADSL,Web Booster,Predictable Late Payer
C01438,SME,LTE,Web Booster,Irregular Payer
C01439,SME,ADSL,Biz Speed,Predictable Late Payer
C01440,SME,LTE,Web Family,Regular Payer
C01441,Residential,Fiber,Biz Speed,Regular Payer
C01442,SME,ADSL,Biz Speed,Irregular Payer
C01443,Residential,Fiber,Web Booster,Regular Payer
C01444,Residential,LTE,Biz Speed,Regular Payer
C01445,SME,ADSL,Web Family,Regular Payer
C01446,Enterprise,Fiber,Web Family,Predictable Late Payer
C01447,SME,LTE,Web Family,Regular Payer
C01448,SME,LTE,Biz Speed,Regular Payer
C01449,Enterprise,Fiber,Web Family,Regular Payer
C01450,SME,LTE,Web Booster,Predictable Late Payer
C01451,Enterprise,LTE,Biz Speed,Predictable Late Payer
C01452,Enterprise,ADSL,Web Family,Predictable Late Payer
C01453,SME,ADSL,Biz Speed,Predictable Late Payer
C01454,Enterprise,LTE,Biz Speed,Predictable Late Payer
C01455,Enterprise,LTE,Web Booster,Predictable Late Payer
C01456,Residential,Fiber,Web Booster,Regular Payer
C01457,SME,LTE,Web Family,Regular Payer
C01458,Residential,ADSL,Web Family,Regular Payer
C01459,SME,ADSL,Web Family,Predictable Late Payer
C01460,SME,LTE,Web Booster,Regular Payer
C01461,SME,LTE,Biz Speed,Regular Payer
C01462,Residential,ADSL,Web Booster,Regular Payer
C01463,Enterprise,LTE,Web Booster,Regular Payer
C01464,Enterprise,ADSL,Biz Speed,Regular Payer
C01465,SME,Fiber,Web Booster,Regular Payer
C01466,Enterprise,Fiber,Biz Speed,Irregular Payer
C01467,Enterprise,ADSL,Biz Speed,Regular Payer
C01468,Enterprise,ADSL,Biz Speed,Irregular Payer
C01469,SME,Fiber,Web Family,Regular Payer
C01470,SME,Fiber,Biz Speed,Predictable Late Payer
C01471,SME,LTE,Biz Speed,Predictable Late Payer
C01472,Residential,LTE,Web Family,Regular Payer
C01473,Enterprise,Fiber,Web Family,High-Risk Non-Payer
C01474,SME,LTE,Web Family,Irregular Payer
C01475,Enterprise,Fiber,Web Family,Regular Payer
C01476,Residential,LTE,Web Family,Regular Payer
C01477,SME,LTE,Web Booster,Predictable Late Payer
C01478,Residential,LTE,Web Family,Irregular Payer
C01479,Residential,Fiber,Web Booster,Irregular Payer
C01480,Residential,ADSL,Web Booster,Regular Payer
C01481,SME,LTE,Web Family,Regular Payer
C01482,Enterprise,Fiber,Web Booster,Irregular Payer
C01483,SME,Fiber,Biz Speed,High-Risk Non-Payer
C01484,Residential,LTE,Biz Speed,Irregular Payer
C01485,Enterprise,ADSL,Web Family,Predictable Late Payer
C01486,Enterprise,LTE,Web Booster,Regular Payer
C01487,Enterprise,Fiber,Biz Speed,High-Risk Non-Payer
C01488,Enterprise,Fiber,Web Booster,Predictable Late Payer
C01489,SME,Fiber,Web Booster,Irregular Payer
C01490,Enterprise,Fiber,Web Family,Regular Payer
C01491,SME,LTE,Web Family,Regular Payer
C01492,SME,ADSL,Web Family,Regular Payer
C01493,Residential,Fiber,Web Family,Predictable Late Payer
C01494,Enterprise,LTE,Biz Speed,Predictable Late Payer
C01495,SME,Fiber,Web Family,Regular Payer
C01496,Residential,ADSL,Biz Speed,Regular Payer
C01497,Enterprise,Fiber,Web Family,Regular Payer
C01498,Residential,ADSL,Biz Speed,Irregular Payer
C01499,Residential,LTE,Web Family,Regular Payer
C01500,Enterprise,ADSL,Web Booster,Irregular Payer
C01501,SME,ADSL,Web Family,Regular Payer
C01502,SME,LTE,Biz Speed,Regular Payer
C01503,Residential,LTE,Biz Speed,Predictable Late Payer
C01504,SME,ADSL,Biz Speed,Predictable Late Payer
C01505,Enterprise,Fiber,Biz Speed,Regular Payer
C01506,Enterprise,LTE,Web Booster,Irregular Payer
C01507,Enterprise,ADSL,Web Family,Regular Payer
C01508,Residential,LTE,Web Booster,Irregular Payer
C01509,Enterprise,LTE,Web Booster,Regular Payer
C01510,Enterprise,ADSL,Web Booster,Irregular Payer
C01511,Residential,ADSL,Web Booster,Irregular Payer
C01512,Residential,LTE,Biz Speed,Regular Payer
C01513,Enterprise,LTE,Web Family,Predictable Late Payer
C01514,SME,ADSL,Web Family,Predictable Late Payer
C01515,SME,LTE,Biz Speed,Regular Payer
C01516,Residential,ADSL,Biz Speed,Regular Payer
C01517,Residential,Fiber,Web Family,Regular Payer
C01518,SME,Fiber,Web Family,Regular Payer
C01519,Enterprise,LTE,Biz Speed,Predictable Late Payer
C01520,Enterprise,ADSL,Biz Speed,Regular Payer
C01521,SME,Fiber,Biz Speed,Irregular Payer
C01522,Residential,Fiber,Biz Speed,Predictable Late Payer
C01523,Residential,LTE,Biz Speed,Regular Payer
C01524,Enterprise,ADSL,Web Booster,Irregular Payer
C01525,Enterprise,Fiber,Biz Speed,Regular Payer
C01526,Residential,ADSL,Web Family,Irregular Payer
C01527,Residential,Fiber,Biz Speed,Regular Payer
C01528,Enterprise,Fiber,Biz Speed,Regular Payer
C01529,Residential,ADSL,Biz Speed,Regular Payer
C01530,Enterprise,Fiber,Biz Speed,Irregular Payer
C01531,SME,ADSL,Web Family,Irregular Payer
C01532,Enterprise,LTE,Biz Speed,Predictable Late Payer
C01533,Enterprise,LTE,Web Family,Regular Payer
C01534,Residential,ADSL,Web Booster,Predictable Late Payer
C01535,Enterprise,Fiber,Biz Speed,High-Risk Non-Payer
C01536,SME,LTE,Web Booster,Predictable Late Payer
C01537,SME,LTE,Web Booster,Irregular Payer
C01538,SME,ADSL,Web Booster,Predictable Late Payer
C01539,Enterprise,ADSL,Web Family,Regular Payer
C01540,Enterprise,ADSL,Web Booster,Regular Payer
C01541,SME,LTE,Web Booster,Regular Payer
C01542,Residential,LTE,Biz Speed,Regular Payer
C01543,Residential,LTE,Web Family,Regular Payer
C01544,Residential,Fiber,Web Booster,Regular Payer
C01545,Enterprise,LTE,Biz Speed,Predictable Late Payer
C01546,Enterprise,ADSL,Web Family,Regular Payer
C01547,SME,LTE,Web Family,Regular Payer
C01548,SME,ADSL,Web Family,Regular Payer
C01549,SME,Fiber,Biz Speed,Regular Payer
C01550,Residential,ADSL,Web Family,Irregular Payer
C01551,SME,Fiber,Web Booster,Irregular Payer
C01552,Enterprise,ADSL,Biz Speed,Irregular Payer
C01553,Residential,ADSL,Biz Speed,Regular Payer
C01554,Enterprise,ADSL,Web Booster,Regular Payer
C01555,Residential,LTE,Web Booster,Irregular Payer
C01556,SME,LTE,Web Family,Irregular Payer
C01557,Residential,ADSL,Biz Speed,Irregular Payer
C01558,Residential,ADSL,Biz Speed,Regular Payer
C01559,SME,ADSL,Web Family,Regular Payer
C01560,Enterprise,Fiber,Web Booster,Predictable Late Payer
C01561,Residential,Fiber,Web Family,Predictable Late Payer
C01562,SME,LTE,Biz Speed,Predictable Late Payer
C01563,Residential,Fiber,Web Booster,Regular Payer
C01564,SME,Fiber,Web Family,Regular Payer
C01565,SME,ADSL,Biz Speed,Regular Payer
C01566,SME,LTE,Web Family,Regular Payer
C01567,SME,ADSL,Web Family,Irregular Payer
C01568,SME,ADSL,Web Family,Predictable Late Payer
C01569,Enterprise,ADSL,Web Family,Predictable Late Payer
C01570,Enterprise,ADSL,Web Family,Regular Payer
C01571,SME,LTE,Web Booster,Predictable Late Payer
C01572,Enterprise,Fiber,Web Family,Predictable Late Payer
C01573,SME,LTE,Web Booster,Regular Payer
C01574,SME,ADSL,Biz Speed,Regular Payer
C01575,SME,Fiber,Web Booster,Predictable Late Payer
C01576,SME,ADSL,Web Family,Predictable Late Payer
C01577,Residential,Fiber,Biz Speed,Regular Payer
C01578,Enterprise,Fiber,Web Family,Irregular Payer
C01579,Residential,ADSL,Web Family,Irregular Payer
C01580,SME,Fiber,Web Booster,Predictable Late Payer
C01581,Residential,LTE,Web Booster,Predictable Late Payer
C01582,SME,Fiber,Biz Speed,Predictable Late Payer
C01583,Residential,ADSL,Biz Speed,Irregular Payer
C01584,Enterprise,LTE,Biz Speed,Irregular Payer
C01585,Residential,ADSL,Biz Speed,Predictable Late Payer
C01586,SME,ADSL,Biz Speed,Predictable Late Payer
C01587,SME,Fiber,Web Family,Regular Payer
C01588,Enterprise,ADSL,Web Booster,Regular Payer
C01589,Enterprise,Fiber,Web Family,Regular Payer
C01590,SME,ADSL,Biz Speed,Regular Payer
C01591,Residential,Fiber,Web Booster,Irregular Payer
C01592,Enterprise,LTE,Web Family,High-Risk Non-Payer
C01593,Enterprise,ADSL,Web Family,High-Risk Non-Payer
C01594,SME,ADSL,Biz Speed,Regular Payer
C01595,Residential,ADSL,Web Booster,Predictable Late Payer
C01596,Enterprise,Fiber,Web Family,Regular Payer
C01597,Enterprise,LTE,Web Booster,Predictable Late Payer
C01598,Enterprise,Fiber,Web Family,Regular Payer
C01599,SME,LTE,Biz Speed,Regular Payer
C01600,Enterprise,LTE,Web Family,Predictable Late Payer
C01601,SME,Fiber,Biz Speed,High-Risk Non-Payer
C01602,Residential,Fiber,Web Booster,Irregular Payer
C01603,Enterprise,Fiber,Web Family,Irregular Payer
C01604,Enterprise,ADSL,Biz Speed,Irregular Payer
C01605,Enterprise,Fiber,Web Booster,Regular Payer
C01606,Residential,LTE,Web Booster,High-Risk Non-Payer
C01607,SME,LTE,Biz Speed,Regular Payer
C01608,Enterprise,Fiber,Biz Speed,Predictable Late Payer
C01609,Residential,Fiber,Web Booster,Predictable Late Payer
C01610,Enterprise,Fiber,Web Booster,High-Risk Non-Payer
C01611,Residential,ADSL,Biz Speed,High-Risk Non-Payer
C01612,SME,Fiber,Biz Speed,Predictable Late Payer
C01613,Enterprise,Fiber,Web Family,Regular Payer
C01614,Residential,ADSL,Web Family,Irregular Payer
C01615,SME,LTE,Web Booster,Predictable Late Payer
C01616,Enterprise,ADSL,Web Booster,Regular Payer
C01617,Residential,Fiber,Web Family,Regular Payer
C01618,Enterprise,ADSL,Web Booster,Predictable Late Payer
C01619,Enterprise,Fiber,Biz Speed,Regular Payer
C01620,Enterprise,Fiber,Web Booster,Regular Payer
C01621,SME,Fiber,Biz Speed,Irregular Payer
C01622,SME,ADSL,Biz Speed,Regular Payer
C01623,SME,LTE,Web Booster,Regular Payer
C01624,Residential,Fiber,Web Family,Predictable Late Payer
C01625,Residential,LTE,Web Booster,Regular Payer
C01626,Enterprise,Fiber,Web Family,Regular Payer
C01627,SME,ADSL,Web Booster,Predictable Late Payer
C01628,SME,Fiber,Web Booster,Predictable Late Payer
C01629,Residential,ADSL,Biz Speed,Irregular Payer
C01630,Enterprise,LTE,Web Booster,Predictable Late Payer
C01631,Enterprise,ADSL,Biz Speed,Predictable Late Payer
C01632,Enterprise,ADSL,Web Family,Predictable Late Payer
C01633,SME,LTE,Web Family,Irregular Payer
C01634,Residential,ADSL,Biz Speed,Regular Payer
C01635,Enterprise,Fiber,Biz Speed,Regular Payer
C01636,Enterprise,Fiber,Web Family,Regular Payer
C01637,SME,LTE,Web Booster,Predictable Late Payer
C01638,SME,LTE,Biz Speed,High-Risk Non-Payer
C01639,Enterprise,ADSL,Web Family,Predictable Late Payer
C01640,Enterprise,LTE,Web Family,Irregular Payer
C01641,Residential,Fiber,Biz Speed,High-Risk Non-Payer
C01642,Enterprise,ADSL,Web Family,Regular Payer
C01643,SME,LTE,Web Family,Regular Payer
C01644,Enterprise,ADSL,Web Family,Irregular Payer
C01645,Residential,LTE,Web Booster,Predictable Late Payer
C01646,Enterprise,Fiber,Biz Speed,Irregular Payer
C01647,Residential,Fiber,Biz Speed,Predictable Late Payer
C01648,SME,Fiber,Biz Speed,Irregular Payer
C01649,Enterprise,ADSL,Biz Speed,High-Risk Non-Payer
C01650,SME,ADSL,Web Booster,Regular Payer
C01651,Residential,LTE,Biz Speed,Irregular Payer
C01652,Residential,Fiber,Web Family,Regular Payer
C01653,Enterprise,Fiber,Web Booster,Regular Payer
C01654,Enterprise,LTE,Web Booster,Predictable Late Payer
C01655,Residential,Fiber,Web Family,Regular Payer
C01656,SME,Fiber,Web Booster,Predictable Late Payer
C01657,SME,ADSL,Web Family,Predictable Late Payer
C01658,SME,Fiber,Web Family,Predictable Late Payer
C01659,SME,LTE,Web Booster,Predictable Late Payer
C01660,Enterprise,ADSL,Web Family,Regular Payer
C01661,Enterprise,LTE,Biz Speed,Predictable Late Payer
C01662,Residential,Fiber,Web Family,Regular Payer
C01663,Enterprise,LTE,Web Family,Regular Payer
C01664,Residential,ADSL,Biz Speed,Irregular Payer
C01665,SME,LTE,Web Family,Regular Payer
C01666,SME,Fiber,Web Family,Predictable Late Payer
C01667,Enterprise,ADSL,Biz Speed,Predictable Late Payer
C01668,Enterprise,ADSL,Web Family,High-Risk Non-Payer
C01669,Enterprise,ADSL,Web Booster,High-Risk Non-Payer
C01670,Residential,LTE,Web Booster,Regular Payer
C01671,SME,Fiber,Web Booster,Irregular Payer
C01672,Residential,LTE,Web Booster,Regular Payer
C01673,Enterprise,LTE,Web Booster,Predictable Late Payer
C01674,Enterprise,Fiber,Biz Speed,Regular Payer
C01675,Residential,Fiber,Biz Speed,Irregular Payer
C01676,Enterprise,ADSL,Web Family,Predictable Late Payer
C01677,Enterprise,ADSL,Biz Speed,Regular Payer
C01678,Enterprise,LTE,Web Booster,Predictable Late Payer
C01679,Enterprise,LTE,Web Family,Predictable Late Payer
C01680,SME,ADSL,Biz Speed,Predictable Late Payer
C01681,SME,Fiber,Biz Speed,Regular Payer
C01682,SME,Fiber,Web Family,Regular Payer
C01683,SME,ADSL,Web Family,Irregular Payer
C01684,Residential,ADSL,Web Booster,Predictable Late Payer
C01685,SME,LTE,Biz Speed,Irregular Payer
C01686,Residential,Fiber,Biz Speed,Regular Payer
C01687,SME,LTE,Web Family,Regular Payer
C01688,Enterprise,ADSL,Web Booster,Irregular Payer
C01689,Residential,ADSL,Web Booster,Regular Payer
C01690,Enterprise,ADSL,Biz Speed,High-Risk Non-Payer
C01691,Residential,Fiber,Web Booster,Irregular Payer
C01692,Enterprise,LTE,Web Booster,Irregular Payer
C01693,Enterprise,Fiber,Web Booster,Regular Payer
C01694,SME,ADSL,Web Booster,Predictable Late Payer
C01695,SME,ADSL,Web Family,Irregular Payer
C01696,SME,ADSL,Biz Speed,Predictable Late Payer
C01697,Enterprise,ADSL,Web Family,Regular Payer
C01698,Enterprise,LTE,Web Booster,Regular Payer
C01699,Residential,LTE,Web Family,Regular Payer
C01700,SME,ADSL,Biz Speed,Irregular Payer
C01701,Enterprise,ADSL,Web Booster,Regular Payer
C01702,Residential,LTE,Biz Speed,Irregular Payer
C01703,Enterprise,Fiber,Web Booster,Predictable Late Payer
C01704,SME,Fiber,Web Booster,Predictable Late Payer
C01705,SME,Fiber,Biz Speed,Regular Payer
C01706,Residential,LTE,Web Family,Irregular Payer
C01707,Residential,LTE,Biz Speed,Regular Payer
C01708,SME,ADSL,Web Family,Regular Payer
C01709,SME,ADSL,Biz Speed,Regular Payer
C01710,SME,Fiber,Web Family,Irregular Payer
C01711,Enterprise,ADSL,Web Family,Regular Payer
C01712,Residential,LTE,Web Booster,Irregular Payer
C01713,Enterprise,Fiber,Web Family,Regular Payer
C01714,Residential,ADSL,Biz Speed,Irregular Payer
C01715,SME,LTE,Web Family,Regular Payer
C01716,Enterprise,ADSL,Web Booster,Regular Payer
C01717,SME,ADSL,Web Family,Regular Payer
C01718,Residential,LTE,Web Booster,Predictable Late Payer
C01719,SME,ADSL,Web Family,Regular Payer
C01720,Residential,LTE,Web Family,Regular Payer
C01721,Enterprise,ADSL,Biz Speed,Regular Payer
C01722,Enterprise,LTE,Biz Speed,Regular Payer
C01723,Residential,ADSL,Web Booster,Predictable Late Payer
C01724,Residential,Fiber,Web Booster,Predictable Late Payer
C01725,SME,ADSL,Web Booster,Regular Payer
C01726,Residential,LTE,Biz Speed,Regular Payer
C01727,SME,Fiber,Web Family,Predictable Late Payer
C01728,Residential,ADSL,Biz Speed,Irregular Payer
C01729,Enterprise,ADSL,Biz Speed,Predictable Late Payer
C01730,SME,LTE,Web Booster,Irregular Payer
C01731,Enterprise,ADSL,Biz Speed,Regular Payer
C01732,SME,ADSL,Web Family,Regular Payer
C01733,Enterprise,LTE,Web Family,Predictable Late Payer
C01734,Enterprise,ADSL,Biz Speed,Irregular Payer
C01735,SME,Fiber,Web Family,Regular Payer
C01736,Enterprise,LTE,Web Booster,Regular Payer
C01737,Enterprise,ADSL,Web Booster,Irregular Payer
C01738,SME,LTE,Web Booster,Regular Payer
C01739,SME,Fiber,Web Booster,Predictable Late Payer
C01740,Residential,LTE,Web Booster,Predictable Late Payer
C01741,Residential,ADSL,Web Family,Predictable Late Payer
C01742,Enterprise,Fiber,Web Booster,Predictable Late Payer
C01743,Residential,LTE,Biz Speed,Predictable Late Payer
C01744,Enterprise,LTE,Web Family,Predictable Late Payer
C01745,Enterprise,Fiber,Web Booster,Regular Payer
C01746,SME,Fiber,Biz Speed,Predictable Late Payer
C01747,SME,ADSL,Web Booster,Predictable Late Payer
C01748,Residential,Fiber,Biz Speed,Predictable Late Payer
C01749,Enterprise,ADSL,Biz Speed,Irregular Payer
C01750,Residential,ADSL,Biz Speed,Predictable Late Payer
C01751,Enterprise,Fiber,Web Booster,Regular Payer
C01752,SME,Fiber,Biz Speed,Regular Payer
C01753,Enterprise,LTE,Web Booster,Predictable Late Payer
C01754,Enterprise,Fiber,Web Family,Regular Payer
C01755,Residential,ADSL,Biz Speed,Irregular Payer
C01756,Residential,ADSL,Web Family,Predictable Late Payer
C01757,SME,LTE,Biz Speed,Predictable Late Payer
C01758,Residential,Fiber,Biz Speed,Irregular Payer
C01759,SME,ADSL,Biz Speed,Regular Payer
C01760,SME,ADSL,Web Booster,High-Risk Non-Payer
C01761,Enterprise,Fiber,Biz Speed,High-Risk Non-Payer
C01762,SME,Fiber,Web Booster,Regular Payer
C01763,Enterprise,Fiber,Web Family,Irregular Payer
C01764,SME,Fiber,Web Booster,Irregular Payer
C01765,Residential,LTE,Biz Speed,Predictable Late Payer
C01766,Enterprise,LTE,Biz Speed,Regular Payer
C01767,SME,LTE,Biz Speed,Regular Payer
C01768,Residential,LTE,Web Family,Regular Payer
C01769,SME,LTE,Web Booster,Regular Payer
C01770,Enterprise,Fiber,Web Family,Regular Payer
C01771,Enterprise,Fiber,Web Family,Irregular Payer
C01772,SME,ADSL,Web Booster,High-Risk Non-Payer
C01773,Residential,Fiber,Web Family,Predictable Late Payer
C01774,SME,LTE,Biz Speed,Predictable Late Payer
C01775,SME,ADSL,Web Family,Predictable Late Payer
C01776,SME,ADSL,Web Booster,Regular Payer
C01777,Residential,Fiber,Web Booster,Predictable Late Payer
C01778,Enterprise,LTE,Biz Speed,Regular Payer
C01779,Enterprise,LTE,Web Booster,High-Risk Non-Payer
C01780,Enterprise,LTE,Web Family,High-Risk Non-Payer
C01781,Enterprise,LTE,Biz Speed,Regular Payer
C01782,Enterprise,LTE,Biz Speed,Regular Payer
C01783,Enterprise,ADSL,Biz Speed,High-Risk Non-Payer
C01784,SME,LTE,Biz Speed,Regular Payer
C01785,Enterprise,Fiber,Web Family,Predictable Late Payer
C01786,Enterprise,ADSL,Biz Speed,Regular Payer
C01787,Enterprise,ADSL,Biz Speed,Regular Payer
C01788,Residential,LTE,Biz Speed,Irregular Payer
C01789,SME,LTE,Biz Speed,High-Risk Non-Payer
C01790,Enterprise,ADSL,Web Booster,Predictable Late Payer
C01791,SME,LTE,Web Family,Regular Payer
C01792,Enterprise,ADSL,Web Booster,Irregular Payer
C01793,Enterprise,LTE,Web Family,Predictable Late Payer
C01794,Enterprise,Fiber,Biz Speed,Regular Payer
C01795,SME,ADSL,Biz Speed,Regular Payer
C01796,SME,Fiber,Web Family,Predictable Late Payer
C01797,SME,LTE,Web Family,Predictable Late Payer
C01798,SME,LTE,Web Family,Irregular Payer
C01799,Enterprise,Fiber,Biz Speed,Irregular Payer
C01800,Enterprise,LTE,Web Booster,Irregular Payer
C01801,SME,ADSL,Web Family,Predictable Late Payer
C01802,Enterprise,Fiber,Web Booster,High-Risk Non-Payer
C01803,Residential,ADSL,Web Family,Irregular Payer
C01804,SME,LTE,Web Family,Predictable Late Payer
C01805,Enterprise,ADSL,Web Family,Regular Payer
C01806,Enterprise,LTE,Web Family,Predictable Late Payer
C01807,Residential,Fiber,Web Family,Predictable Late Payer
C01808,SME,LTE,Web Booster,Irregular Payer
C01809,Enterprise,Fiber,Web Booster,Predictable Late Payer
C01810,SME,LTE,Web Booster,Regular Payer
C01811,SME,Fiber,Web Booster,High-Risk Non-Payer
C01812,SME,LTE,Biz Speed,Regular Payer
C01813,Enterprise,ADSL,Web Family,Regular Payer
C01814,Enterprise,ADSL,Web Booster,High-Risk Non-Payer
C01815,SME,ADSL,Biz Speed,Irregular Payer
C01816,SME,LTE,Web Booster,Irregular Payer
C01817,SME,ADSL,Biz Speed,Regular Payer
C01818,Enterprise,ADSL,Web Family,Irregular Payer
C01819,Enterprise,Fiber,Biz Speed,Regular Payer
C01820,Enterprise,Fiber,Web Booster,Predictable Late Payer
C01821,Enterprise,Fiber,Web Family,Regular Payer
C01822,Residential,ADSL,Web Family,Predictable Late Payer
C01823,SME,Fiber,Biz Speed,Regular Payer
C01824,Residential,Fiber,Web Family,Predictable Late Payer
C01825,Residential,ADSL,Biz Speed,Irregular Payer
C01826,Residential,ADSL,Biz Speed,Regular Payer
C01827,Residential,Fiber,Biz Speed,Regular Payer
C01828,Enterprise,ADSL,Biz Speed,Irregular Payer
C01829,Residential,Fiber,Biz Speed,Regular Payer
C01830,SME,LTE,Biz Speed,High-Risk Non-Payer
C01831,Enterprise,LTE,Web Booster,Irregular Payer
C01832,Enterprise,ADSL,Web Booster,Regular Payer
C01833,Residential,LTE,Web Family,Regular Payer
C01834,SME,Fiber,Web Booster,High-Risk Non-Payer
C01835,SME,Fiber,Web Booster,Regular Payer
C01836,Residential,ADSL,Web Booster,Regular Payer
C01837,SME,Fiber,Web Family,Predictable Late Payer
C01838,SME,Fiber,Biz Speed,Predictable Late Payer
C01839,SME,ADSL,Web Booster,Regular Payer
C01840,Residential,Fiber,Biz Speed,Irregular Payer
C01841,SME,Fiber,Web Booster,Regular Payer
C01842,Enterprise,Fiber,Web Family,Predictable Late Payer
C01843,SME,Fiber,Biz Speed,Regular Payer
C01844,SME,ADSL,Web Family,Predictable Late Payer
C01845,SME,LTE,Web Booster,Predictable Late Payer
C01846,Enterprise,Fiber,Biz Speed,Regular Payer
C01847,SME,ADSL,Web Booster,Regular Payer
C01848,Enterprise,LTE,Web Booster,Predictable Late Payer
C01849,SME,Fiber,Biz Speed,High-Risk Non-Payer
C01850,Enterprise,Fiber,Web Booster,Predictable Late Payer
C01851,SME,Fiber,Web Booster,Irregular Payer
C01852,SME,ADSL,Web Family,Regular Payer
C01853,Residential,LTE,Biz Speed,Regular Payer
C01854,Enterprise,LTE,Web Family,Predictable Late Payer
C01855,SME,LTE,Web Family,Irregular Payer
C01856,SME,ADSL,Web Family,Regular Payer
C01857,Residential,Fiber,Biz Speed,High-Risk Non-Payer
C01858,Residential,LTE,Web Booster,Regular Payer
C01859,Enterprise,ADSL,Web Booster,Predictable Late Payer
C01860,SME,Fiber,Web Family,Regular Payer
C01861,SME,ADSL,Web Family,Predictable Late Payer
C01862,Residential,ADSL,Biz Speed,Predictable Late Payer
C01863,Enterprise,ADSL,Web Family,Irregular Payer
C01864,Residential,Fiber,Web Family,Irregular Payer
C01865,SME,ADSL,Web Family,Predictable Late Payer
C01866,Enterprise,Fiber,Web Family,Irregular Payer
C01867,Residential,Fiber,Web Family,Predictable Late Payer
C01868,SME,Fiber,Web Booster,Predictable Late Payer
C01869,Enterprise,Fiber,Web Family,Regular Payer
C01870,Enterprise,ADSL,Web Family,Regular Payer
C01871,Residential,LTE,Web Booster,Irregular Payer
C01872,Enterprise,ADSL,Web Booster,Regular Payer
C01873,Enterprise,ADSL,Biz Speed,Regular Payer
C01874,Residential,Fiber,Biz Speed,Regular Payer
C01875,Residential,Fiber,Web Booster,Regular Payer
C01876,SME,Fiber,Biz Speed,Regular Payer
C01877,Residential,LTE,Web Family,High-Risk Non-Payer
C01878,Residential,Fiber,Web Family,Irregular Payer
C01879,Enterprise,ADSL,Web Booster,Irregular Payer
C01880,Residential,LTE,Web Family,Regular Payer
C01881,Residential,Fiber,Biz Speed,Predictable Late Payer
C01882,SME,LTE,Biz Speed,Irregular Payer
C01883,SME,ADSL,Web Family,Regular Payer
C01884,Enterprise,LTE,Biz Speed,Predictable Late Payer
C01885,Residential,Fiber,Biz Speed,Predictable Late Payer
C01886,Enterprise,Fiber,Biz Speed,Predictable Late Payer
C01887,Residential,ADSL,Web Booster,Regular Payer
C01888,Residential,ADSL,Web Family,Regular Payer
C01889,Enterprise,Fiber,Biz Speed,Regular Payer
C01890,Enterprise,ADSL,Web Family,Predictable Late Payer
C01891,Enterprise,ADSL,Web Family,Regular Payer
C01892,Residential,Fiber,Web Family,Predictable Late Payer
C01893,SME,LTE,Web Family,Regular Payer
C01894,Residential,Fiber,Biz Speed,Regular Payer
C01895,Residential,LTE,Web Booster,Regular Payer
C01896,SME,Fiber,Web Family,Irregular Payer
C01897,Enterprise,Fiber,Web Family,Irregular Payer
C01898,SME,ADSL,Web Family,Regular Payer
C01899,Residential,ADSL,Web Booster,Predictable Late Payer
C01900,SME,LTE,Web Family,Irregular Payer
C01901,SME,Fiber,Web Family,Regular Payer
C01902,Residential,Fiber,Biz Speed,Predictable Late Payer
C01903,Residential,LTE,Web Family,Regular Payer
C01904,Enterprise,LTE,Web Family,Irregular Payer
C01905,Residential,Fiber,Biz Speed,Predictable Late Payer
C01906,SME,LTE,Web Family,Predictable Late Payer
C01907,Residential,ADSL,Web Booster,High-Risk Non-Payer
C01908,Residential,LTE,Web Family,Regular Payer
C01909,Enterprise,Fiber,Web Booster,Regular Payer
C01910,SME,LTE,Web Booster,Regular Payer
C01911,SME,Fiber,Web Booster,Predictable Late Payer
C01912,Enterprise,ADSL,Web Family,Predictable Late Payer
C01913,Enterprise,Fiber,Web Family,Predictable Late Payer
C01914,Enterprise,LTE,Web Family,Predictable Late Payer
C01915,SME,LTE,Web Family,Irregular Payer
C01916,Enterprise,Fiber,Web Family,Regular Payer
C01917,Enterprise,Fiber,Biz Speed,High-Risk Non-Payer
C01918,Enterprise,Fiber,Web Booster,High-Risk Non-Payer
C01919,Residential,LTE,Biz Speed,Irregular Payer
C01920,Residential,LTE,Biz Speed,Regular Payer
C01921,Enterprise,Fiber,Web Booster,Predictable Late Payer
C01922,Residential,ADSL,Web Family,Predictable Late Payer
C01923,SME,Fiber,Web Family,Regular Payer
C01924,Residential,ADSL,Web Family,Regular Payer
C01925,Enterprise,LTE,Web Family,Irregular Payer
C01926,Enterprise,ADSL,Biz Speed,Regular Payer
C01927,SME,LTE,Web Family,Irregular Payer
C01928,SME,Fiber,Web Booster,Predictable Late Payer
C01929,Enterprise,ADSL,Web Family,Irregular Payer
C01930,Residential,LTE,Biz Speed,Regular Payer
C01931,Residential,LTE,Web Booster,Irregular Payer
C01932,Enterprise,ADSL,Biz Speed,Predictable Late Payer
C01933,Residential,ADSL,Web Family,Predictable Late Payer
C01934,SME,ADSL,Web Family,Predictable Late Payer
C01935,Enterprise,LTE,Web Family,Regular Payer
C01936,SME,LTE,Biz Speed,Regular Payer
C01937,SME,Fiber,Biz Speed,Predictable Late Payer
C01938,Residential,ADSL,Biz Speed,Irregular Payer
C01939,Residential,LTE,Web Family,Predictable Late Payer
C01940,Enterprise,LTE,Biz Speed,High-Risk Non-Payer
C01941,Enterprise,ADSL,Web Family,Irregular Payer
C01942,Residential,LTE,Web Booster,Irregular Payer
C01943,Enterprise,ADSL,Web Booster,Regular Payer
C01944,Residential,LTE,Web Booster,Predictable Late Payer
C01945,Enterprise,ADSL,Web Family,Predictable Late Payer
C01946,Enterprise,ADSL,Biz Speed,Irregular Payer
C01947,SME,ADSL,Web Booster,Irregular Payer
C01948,Enterprise,Fiber,Web Family,Irregular Payer
C01949,SME,Fiber,Web Family,Regular Payer
C01950,Residential,LTE,Web Family,Regular Payer
C01951,SME,Fiber,Biz Speed,Regular Payer
C01952,Residential,Fiber,Biz Speed,High-Risk Non-Payer
C01953,Residential,LTE,Web Booster,High-Risk Non-Payer
C01954,Enterprise,Fiber,Web Booster,Regular Payer
C01955,SME,ADSL,Biz Speed,Regular Payer
C01956,Residential,Fiber,Web Family,Irregular Payer
C01957,Residential,ADSL,Biz Speed,Regular Payer
C01958,Enterprise,LTE,Biz Speed,Predictable Late Payer
C01959,SME,LTE,Biz Speed,Predictable Late Payer
C01960,Enterprise,ADSL,Web Booster,Predictable Late Payer
C01961,Enterprise,Fiber,Web Booster,Regular Payer
C01962,SME,Fiber,Web Booster,Regular Payer
C01963,SME,Fiber,Web Family,Regular Payer
C01964,SME,Fiber,Biz Speed,High-Risk Non-Payer
C01965,Enterprise,ADSL,Web Booster,Regular Payer
C01966,Residential,ADSL,Biz Speed,High-Risk Non-Payer
C01967,Residential,Fiber,Web Family,Regular Payer
C01968,SME,ADSL,Web Family,Predictable Late Payer
C01969,SME,Fiber,Web Family,Predictable Late Payer
C01970,Residential,ADSL,Web Booster,High-Risk Non-Payer
C01971,Residential,LTE,Web Booster,Predictable Late Payer
C01972,Residential,ADSL,Web Booster,Regular Payer
C01973,Residential,LTE,Web Booster,Irregular Payer
C01974,SME,LTE,Web Family,Regular Payer
C01975,Enterprise,ADSL,Biz Speed,Regular Payer
C01976,Enterprise,LTE,Web Booster,Irregular Payer
C01977,Enterprise,ADSL,Web Family,Irregular Payer
C01978,Enterprise,LTE,Web Booster,Predictable Late Payer
C01979,Enterprise,LTE,Web Family,Regular Payer
C01980,Enterprise,Fiber,Web Booster,Regular Payer
C01981,Enterprise,Fiber,Web Booster,Regular Payer
C01982,SME,Fiber,Biz Speed,Predictable Late Payer
C01983,Enterprise,ADSL,Web Family,Irregular Payer
C01984,SME,Fiber,Web Family,Regular Payer
C01985,SME,ADSL,Biz Speed,High-Risk Non-Payer
C01986,Enterprise,LTE,Web Family,Predictable Late Payer
C01987,Enterprise,ADSL,Biz Speed,High-Risk Non-Payer
C01988,Enterprise,LTE,Web Booster,Regular Payer
C01989,SME,LTE,Web Booster,Regular Payer
C01990,SME,LTE,Web Booster,Regular Payer
C01991,SME,ADSL,Web Family,Regular Payer
C01992,SME,ADSL,Web Booster,Irregular Payer
C01993,SME,Fiber,Biz Speed,High-Risk Non-Payer
C01994,SME,ADSL,Web Booster,Regular Payer
C01995,Enterprise,ADSL,Web Family,Regular Payer
C01996,SME,LTE,Biz Speed,High-Risk Non-Payer
C01997,Residential,ADSL,Web Booster,Regular Payer
C01998,SME,ADSL,Web Booster,Predictable Late Payer
C01999,Enterprise,LTE,Biz Speed,Predictable Late Payer
C02000,Residential,Fiber,Web Family,Irregular Payer
C02001,SME,ADSL,Web Booster,Regular Payer
C02002,SME,ADSL,Web Booster,Predictable Late Payer
C02003,Enterprise,LTE,Web Family,Regular Payer
C02004,Residential,Fiber,Web Booster,Regular Payer
C02005,Enterprise,ADSL,Web Booster,Regular Payer
C02006,Enterprise,LTE,Web Booster,Regular Payer
C02007,Enterprise,ADSL,Web Family,Regular Payer
C02008,SME,LTE,Web Family,Predictable Late Payer
C02009,SME,ADSL,Web Booster,Predictable Late Payer
C02010,SME,ADSL,Biz Speed,Predictable Late Payer
C02011,Enterprise,Fiber,Web Booster,Predictable Late Payer
C02012,Enterprise,Fiber,Web Booster,Regular Payer
C02013,Residential,Fiber,Web Booster,Predictable Late Payer
C02014,Enterprise,Fiber,Web Booster,Regular Payer
C02015,SME,LTE,Web Booster,Predictable Late Payer
C02016,SME,Fiber,Web Booster,Regular Payer
C02017,Enterprise,Fiber,Biz Speed,Regular Payer
C02018,Enterprise,Fiber,Web Family,Predictable Late Payer
C02019,Residential,ADSL,Web Booster,Irregular Payer
C02020,Enterprise,LTE,Web Booster,Predictable Late Payer
C02021,Enterprise,LTE,Web Family,Predictable Late Payer
C02022,SME,Fiber,Web Family,Regular Payer
C02023,SME,LTE,Web Booster,Predictable Late Payer
C02024,Residential,Fiber,Web Family,Regular Payer
C02025,Residential,Fiber,Biz Speed,Predictable Late Payer
C02026,Enterprise,ADSL,Biz Speed,Predictable Late Payer
C02027,Residential,LTE,Web Booster,High-Risk Non-Payer
C02028,Residential,Fiber,Web Family,Predictable Late Payer
C02029,SME,ADSL,Web Booster,Regular Payer
C02030,SME,ADSL,Biz Speed,Irregular Payer
C02031,SME,Fiber,Biz Speed,Regular Payer
C02032,Enterprise,Fiber,Web Family,Regular Payer
C02033,Enterprise,Fiber,Biz Speed,Regular Payer
C02034,Residential,Fiber,Web Family,High-Risk Non-Payer
C02035,SME,ADSL,Web Family,Regular Payer
C02036,SME,LTE,Web Family,Regular Payer
C02037,Residential,ADSL,Biz Speed,Predictable Late Payer
C02038,SME,Fiber,Web Booster,Regular Payer
C02039,SME,ADSL,Web Family,Irregular Payer
C02040,Residential,ADSL,Web Family,Predictable Late Payer
C02041,Residential,Fiber,Biz Speed,Regular Payer
C02042,Residential,Fiber,Biz Speed,High-Risk Non-Payer
C02043,Enterprise,LTE,Web Booster,Regular Payer
C02044,Enterprise,ADSL,Biz Speed,Regular Payer
C02045,Enterprise,Fiber,Web Family,Irregular Payer
C02046,Residential,ADSL,Web Family,Irregular Payer
C02047,SME,Fiber,Biz Speed,Regular Payer
C02048,Enterprise,Fiber,Web Family,High-Risk Non-Payer
C02049,Enterprise,LTE,Web Booster,Predictable Late Payer
C02050,Residential,LTE,Biz Speed,High-Risk Non-Payer
C02051,Residential,LTE,Web Booster,Predictable Late Payer
C02052,Enterprise,Fiber,Web Booster,Regular Payer
C02053,SME,Fiber,Web Booster,Regular Payer
C02054,Residential,LTE,Web Booster,Irregular Payer
C02055,Enterprise,ADSL,Web Family,Regular Payer
C02056,SME,Fiber,Web Booster,Regular Payer
C02057,Enterprise,ADSL,Web Booster,Predictable Late Payer
C02058,SME,Fiber,Biz Speed,Predictable Late Payer
C02059,SME,Fiber,Web Family,Irregular Payer
C02060,SME,ADSL,Web Booster,Regular Payer
C02061,Enterprise,LTE,Biz Speed,Regular Payer
C02062,SME,ADSL,Biz Speed,Predictable Late Payer
C02063,Residential,Fiber,Web Booster,Predictable Late Payer
C02064,Enterprise,Fiber,Biz Speed,High-Risk Non-Payer
C02065,Residential,Fiber,Web Booster,High-Risk Non-Payer
C02066,SME,Fiber,Biz Speed,Irregular Payer
C02067,SME,Fiber,Web Family,Irregular Payer
C02068,Enterprise,LTE,Web Booster,Irregular Payer
C02069,Enterprise,ADSL,Web Booster,Irregular Payer
C02070,Enterprise,LTE,Web Booster,Predictable Late Payer
C02071,Enterprise,LTE,Web Booster,Predictable Late Payer
C02072,Residential,LTE,Web Family,Regular Payer
C02073,SME,LTE,Web Family,Predictable Late Payer
C02074,Residential,Fiber,Web Family,Irregular Payer
C02075,Residential,LTE,Biz Speed,Regular Payer
C02076,Residential,LTE,Biz Speed,Predictable Late Payer
C02077,Residential,LTE,Biz Speed,Predictable Late Payer
C02078,Residential,ADSL,Biz Speed,Irregular Payer
C02079,SME,Fiber,Web Booster,Predictable Late Payer
C02080,SME,ADSL,Web Booster,Predictable Late Payer
C02081,Enterprise,ADSL,Web Family,High-Risk Non-Payer
C02082,Residential,LTE,Web Family,Regular Payer
C02083,SME,LTE,Web Booster,Predictable Late Payer
C02084,Residential,Fiber,Biz Speed,Predictable Late Payer
C02085,SME,ADSL,Web Family,Predictable Late Payer
C02086,Residential,LTE,Biz Speed,Regular Payer
C02087,Residential,ADSL,Biz Speed,Predictable Late Payer
C02088,Enterprise,ADSL,Biz Speed,Predictable Late Payer
C02089,SME,ADSL,Web Family,Predictable Late Payer
C02090,SME,LTE,Web Booster,Predictable Late Payer
C02091,SME,ADSL,Biz Speed,Regular Payer
C02092,SME,LTE,Web Family,Regular Payer
C02093,Residential,Fiber,Web Booster,Regular Payer
C02094,Enterprise,ADSL,Web Family,Irregular Payer
C02095,Enterprise,LTE,Web Booster,Regular Payer
C02096,SME,LTE,Web Booster,Regular Payer
C02097,Enterprise,Fiber,Web Family,Regular Payer
C02098,SME,ADSL,Web Family,High-Risk Non-Payer
C02099,Residential,LTE,Web Family,Regular Payer
C02100,Residential,ADSL,Web Booster,Regular Payer
C02101,Enterprise,LTE,Biz Speed,Predictable Late Payer
C02102,SME,LTE,Web Family,Predictable Late Payer
C02103,Enterprise,Fiber,Web Booster,Regular Payer
C02104,SME,LTE,Biz Speed,Regular Payer
C02105,SME,Fiber,Biz Speed,Predictable Late Payer
C02106,SME,LTE,Biz Speed,Irregular Payer
C02107,Enterprise,LTE,Web Family,Predictable Late Payer
C02108,SME,LTE,Web Family,Predictable Late Payer
C02109,Residential,ADSL,Web Family,Regular Payer
C02110,Residential,LTE,Biz Speed,Predictable Late Payer
C02111,Residential,ADSL,Biz Speed,High-Risk Non-Payer
C02112,Enterprise,ADSL,Web Family,Predictable Late Payer
C02113,SME,Fiber,Biz Speed,Irregular Payer
C02114,SME,LTE,Web Family,Regular Payer
C02115,Residential,ADSL,Web Booster,Predictable Late Payer
C02116,SME,LTE,Biz Speed,Predictable Late Payer
C02117,Residential,LTE,Web Booster,Regular Payer
C02118,Enterprise,LTE,Biz Speed,Irregular Payer
C02119,Residential,Fiber,Biz Speed,Irregular Payer
C02120,Residential,ADSL,Web Booster,Regular Payer
C02121,Enterprise,LTE,Web Booster,High-Risk Non-Payer
C02122,Enterprise,ADSL,Web Booster,High-Risk Non-Payer
C02123,Enterprise,ADSL,Web Family,Predictable Late Payer
C02124,SME,LTE,Web Family,Regular Payer
C02125,Enterprise,ADSL,Web Booster,Irregular Payer
C02126,SME,LTE,Web Family,Predictable Late Payer
C02127,SME,LTE,Web Booster,Predictable Late Payer
C02128,SME,ADSL,Biz Speed,Regular Payer
C02129,Residential,Fiber,Web Family,Regular Payer
C02130,Residential,LTE,Web Booster,Predictable Late Payer
C02131,SME,LTE,Biz Speed,High-Risk Non-Payer
C02132,Residential,Fiber,Web Booster,Regular Payer
C02133,SME,LTE,Biz Speed,Predictable Late Payer
C02134,Enterprise,Fiber,Biz Speed,Predictable Late Payer
C02135,Residential,Fiber,Web Family,Regular Payer
C02136,SME,Fiber,Web Booster,Irregular Payer
C02137,Enterprise,ADSL,Web Family,Regular Payer
C02138,Enterprise,Fiber,Web Family,Regular Payer
C02139,Enterprise,ADSL,Web Family,Predictable Late Payer
C02140,Enterprise,ADSL,Web Booster,Predictable Late Payer
C02141,Residential,Fiber,Biz Speed,Regular Payer
C02142,SME,LTE,Biz Speed,Irregular Payer
C02143,Enterprise,ADSL,Web Family,High-Risk Non-Payer
C02144,Residential,Fiber,Web Family,Regular Payer
C02145,SME,LTE,Web Booster,Regular Payer
C02146,Enterprise,Fiber,Web Booster,Predictable Late Payer
C02147,Enterprise,Fiber,Web Booster,Predictable Late Payer
C02148,SME,ADSL,Web Family,High-Risk Non-Payer
C02149,Residential,LTE,Web Booster,Irregular Payer
C02150,SME,Fiber,Biz Speed,High-Risk Non-Payer
C02151,Enterprise,Fiber,Biz Speed,Predictable Late Payer
C02152,Residential,ADSL,Biz Speed,Regular Payer
C02153,Enterprise,LTE,Web Booster,Predictable Late Payer
C02154,Enterprise,LTE,Biz Speed,Regular Payer
C02155,Residential,LTE,Web Booster,Regular Payer
C02156,SME,LTE,Web Booster,Regular Payer
C02157,Residential,LTE,Web Family,Irregular Payer
C02158,Residential,LTE,Biz Speed,Regular Payer
C02159,Enterprise,LTE,Web Family,Regular Payer
C02160,Residential,LTE,Web Booster,Irregular Payer
C02161,SME,ADSL,Web Booster,Irregular Payer
C02162,Residential,Fiber,Biz Speed,Regular Payer
C02163,Residential,LTE,Web Booster,Predictable Late Payer
C02164,Enterprise,ADSL,Web Booster,Predictable Late Payer
C02165,Residential,Fiber,Biz Speed,Predictable Late Payer
C02166,Enterprise,LTE,Biz Speed,Regular Payer
C02167,SME,Fiber,Biz Speed,Regular Payer
C02168,Enterprise,Fiber,Web Family,Regular Payer
C02169,Enterprise,ADSL,Biz Speed,Irregular Payer
C02170,Enterprise,ADSL,Web Booster,Irregular Payer
C02171,SME,LTE,Web Booster,Irregular Payer
C02172,Residential,LTE,Web Family,Predictable Late Payer
C02173,SME,LTE,Web Family,Regular Payer
C02174,SME,Fiber,Web Booster,Irregular Payer
C02175,Enterprise,Fiber,Web Family,High-Risk Non-Payer
C02176,Enterprise,ADSL,Biz Speed,Predictable Late Payer
C02177,Residential,LTE,Web Family,Regular Payer
C02178,Residential,Fiber,Web Booster,Predictable Late Payer
C02179,Enterprise,LTE,Web Family,Regular Payer
C02180,SME,Fiber,Biz Speed,Regular Payer
C02181,Enterprise,ADSL,Web Booster,Irregular Payer
C02182,SME,ADSL,Web Booster,Regular Payer
C02183,Enterprise,Fiber,Web Family,High-Risk Non-Payer
C02184,SME,LTE,Biz Speed,Predictable Late Payer
C02185,Residential,LTE,Web Family,Predictable Late Payer
C02186,SME,ADSL,Biz Speed,Regular Payer
C02187,Residential,LTE,Web Family,Regular Payer
C02188,SME,Fiber,Biz Speed,Predictable Late Payer
C02189,Residential,LTE,Biz Speed,Predictable Late Payer
C02190,SME,Fiber,Web Family,Predictable Late Payer
C02191,SME,ADSL,Web Booster,Predictable Late Payer
C02192,Enterprise,LTE,Biz Speed,Predictable Late Payer
C02193,Enterprise,LTE,Web Family,Regular Payer
C02194,Residential,Fiber,Web Booster,High-Risk Non-Payer
C02195,SME,LTE,Biz Speed,High-Risk Non-Payer
C02196,Enterprise,ADSL,Biz Speed,Irregular Payer
C02197,Residential,LTE,Biz Speed,Predictable Late Payer
C02198,SME,LTE,Biz Speed,Regular Payer
C02199,Enterprise,Fiber,Biz Speed,Regular Payer
C02200,Residential,ADSL,Web Booster,High-Risk Non-Payer
C02201,SME,Fiber,Web Family,Regular Payer
C02202,Enterprise,LTE,Web Family,Regular Payer
C02203,SME,Fiber,Web Family,Predictable Late Payer
C02204,SME,ADSL,Web Booster,High-Risk Non-Payer
C02205,SME,LTE,Biz Speed,Irregular Payer
C02206,SME,ADSL,Web Booster,Predictable Late Payer
C02207,Residential,LTE,Biz Speed,High-Risk Non-Payer
C02208,Residential,ADSL,Biz Speed,Predictable Late Payer
C02209,SME,Fiber,Web Family,Regular Payer
C02210,Residential,Fiber,Web Family,Predictable Late Payer
C02211,Residential,ADSL,Web Booster,Predictable Late Payer
C02212,SME,Fiber,Web Booster,Regular Payer
C02213,Enterprise,ADSL,Web Booster,Predictable Late Payer
C02214,Residential,ADSL,Web Family,Regular Payer
C02215,Residential,Fiber,Web Booster,Regular Payer
C02216,Residential,ADSL,Biz Speed,Irregular Payer
C02217,Enterprise,ADSL,Biz Speed,Regular Payer
C02218,Residential,ADSL,Biz Speed,Regular Payer
C02219,Residential,Fiber,Web Booster,Predictable Late Payer
C02220,SME,Fiber,Web Booster,Predictable Late Payer
C02221,Enterprise,Fiber,Web Booster,Regular Payer
C02222,Residential,LTE,Web Family,Regular Payer
C02223,SME,ADSL,Biz Speed,Predictable Late Payer
C02224,Enterprise,LTE,Biz Speed,Predictable Late Payer
C02225,SME,Fiber,Biz Speed,Predictable Late Payer
C02226,SME,LTE,Biz Speed,High-Risk Non-Payer
C02227,Enterprise,Fiber,Web Family,Irregular Payer
C02228,Enterprise,LTE,Web Booster,Irregular Payer
C02229,Enterprise,Fiber,Biz Speed,High-Risk Non-Payer
C02230,SME,Fiber,Web Booster,Regular Payer
C02231,Residential,LTE,Web Family,Regular Payer
C02232,Residential,Fiber,Web Booster,Irregular Payer
C02233,SME,ADSL,Biz Speed,Regular Payer
C02234,SME,LTE,Web Booster,Irregular Payer
C02235,SME,ADSL,Biz Speed,Regular Payer
C02236,Enterprise,Fiber,Web Booster,Predictable Late Payer
C02237,SME,LTE,Web Booster,Predictable Late Payer
C02238,Enterprise,ADSL,Web Booster,Regular Payer
C02239,SME,LTE,Biz Speed,Regular Payer
C02240,Enterprise,LTE,Web Family,Regular Payer
C02241,SME,LTE,Biz Speed,Regular Payer
C02242,Enterprise,ADSL,Web Family,High-Risk Non-Payer
C02243,Enterprise,ADSL,Biz Speed,Predictable Late Payer
C02244,SME,LTE,Web Booster,Regular Payer
C02245,SME,LTE,Web Family,High-Risk Non-Payer
C02246,Enterprise,LTE,Web Family,Predictable Late Payer
C02247,SME,ADSL,Web Family,Predictable Late Payer
C02248,Residential,ADSL,Web Family,Predictable Late Payer
C02249,SME,Fiber,Web Booster,Predictable Late Payer
C02250,Enterprise,LTE,Web Booster,Regular Payer
C02251,Residential,ADSL,Web Family,Regular Payer
C02252,Enterprise,LTE,Web Family,Irregular Payer
C02253,SME,Fiber,Web Family,Predictable Late Payer
C02254,Enterprise,LTE,Web Booster,Predictable Late Payer
C02255,SME,ADSL,Web Booster,Predictable Late Payer
C02256,SME,LTE,Web Family,Regular Payer
C02257,Residential,ADSL,Biz Speed,Regular Payer
C02258,Enterprise,Fiber,Web Booster,Predictable Late Payer
C02259,Residential,LTE,Web Family,Regular Payer
C02260,Enterprise,LTE,Web Booster,Predictable Late Payer
C02261,Enterprise,ADSL,Biz Speed,Irregular Payer
C02262,SME,ADSL,Biz Speed,Regular Payer
C02263,Enterprise,ADSL,Biz Speed,Regular Payer
C02264,SME,Fiber,Web Family,Regular Payer
C02265,Residential,Fiber,Web Family,Predictable Late Payer
C02266,Residential,Fiber,Web Family,Predictable Late Payer
C02267,Residential,ADSL,Web Family,Predictable Late Payer
C02268,Enterprise,ADSL,Web Family,Regular Payer
C02269,SME,Fiber,Web Booster,Predictable Late Payer
C02270,Residential,Fiber,Web Family,Irregular Payer
C02271,SME,LTE,Web Booster,Regular Payer
C02272,SME,ADSL,Web Family,Regular Payer
C02273,Enterprise,LTE,Web Family,Regular Payer
C02274,Residential,ADSL,Biz Speed,Predictable Late Payer
C02275,SME,LTE,Biz Speed,Predictable Late Payer
C02276,Enterprise,ADSL,Web Booster,Regular Payer
C02277,SME,LTE,Biz Speed,Predictable Late Payer
C02278,Enterprise,ADSL,Web Booster,Regular Payer
C02279,Residential,ADSL,Web Family,Predictable Late Payer
C02280,SME,ADSL,Web Family,Regular Payer
C02281,Enterprise,LTE,Web Booster,Regular Payer
C02282,Enterprise,ADSL,Web Booster,Predictable Late Payer
C02283,SME,Fiber,Web Family,Regular Payer
C02284,Residential,LTE,Web Booster,Predictable Late Payer
C02285,Enterprise,Fiber,Biz Speed,High-Risk Non-Payer
C02286,SME,ADSL,Biz Speed,Predictable Late Payer
C02287,Residential,LTE,Biz Speed,Irregular Payer
C02288,SME,ADSL,Biz Speed,Irregular Payer
C02289,SME,Fiber,Biz Speed,Regular Payer
C02290,Enterprise,ADSL,Web Family,Predictable Late Payer
C02291,Residential,Fiber,Web Family,Regular Payer
C02292,SME,Fiber,Web Booster,High-Risk Non-Payer
C02293,SME,LTE,Web Family,Regular Payer
C02294,Residential,Fiber,Web Booster,Irregular Payer
C02295,SME,ADSL,Web Family,Regular Payer
C02296,Enterprise,Fiber,Web Family,Regular Payer
C02297,Residential,ADSL,Web Family,Regular Payer
C02298,Residential,LTE,Web Booster,High-Risk Non-Payer
C02299,SME,Fiber,Biz Speed,Regular Payer
C02300,Residential,ADSL,Biz Speed,Predictable Late Payer
C02301,Residential,ADSL,Web Family,High-Risk Non-Payer
C02302,SME,LTE,Web Family,High-Risk Non-Payer
C02303,Enterprise,ADSL,Web Family,Irregular Payer
C02304,Residential,ADSL,Web Family,Regular Payer
C02305,Residential,Fiber,Web Booster,Regular Payer
C02306,SME,ADSL,Web Booster,Irregular Payer
C02307,SME,ADSL,Web Family,Regular Payer
C02308,SME,LTE,Web Family,Regular Payer
C02309,Residential,LTE,Web Booster,Irregular Payer
C02310,Residential,Fiber,Web Booster,Regular Payer
C02311,Enterprise,Fiber,Web Family,Regular Payer
C02312,Enterprise,LTE,Web Booster,Predictable Late Payer
C02313,Residential,Fiber,Biz Speed,Predictable Late Payer
C02314,Residential,Fiber,Web Booster,Predictable Late Payer
C02315,SME,LTE,Biz Speed,Irregular Payer
C02316,SME,Fiber,Web Booster,Regular Payer
C02317,Residential,ADSL,Biz Speed,High-Risk Non-Payer
C02318,Residential,LTE,Web Booster,Predictable Late Payer
C02319,Residential,LTE,Web Family,Regular Payer
C02320,Residential,ADSL,Biz Speed,Regular Payer
C02321,Enterprise,Fiber,Biz Speed,High-Risk Non-Payer
C02322,Enterprise,ADSL,Web Booster,Predictable Late Payer
C02323,Enterprise,ADSL,Biz Speed,Irregular Payer
C02324,Enterprise,ADSL,Web Booster,High-Risk Non-Payer
C02325,Residential,LTE,Biz Speed,Predictable Late Payer
C02326,Residential,ADSL,Web Booster,Predictable Late Payer
C02327,Residential,ADSL,Biz Speed,Irregular Payer
C02328,Enterprise,LTE,Biz Speed,Regular Payer
C02329,Enterprise,LTE,Web Family,Irregular Payer
C02330,Residential,Fiber,Biz Speed,Regular Payer
C02331,Enterprise,ADSL,Biz Speed,Irregular Payer
C02332,Enterprise,ADSL,Web Booster,Regular Payer
C02333,Enterprise,ADSL,Web Booster,Predictable Late Payer
C02334,Enterprise,Fiber,Web Family,Regular Payer
C02335,Enterprise,ADSL,Web Booster,Regular Payer
C02336,SME,ADSL,Web Booster,High-Risk Non-Payer
C02337,Residential,ADSL,Web Family,Irregular Payer
C02338,SME,ADSL,Biz Speed,Regular Payer
C02339,Residential,ADSL,Web Family,Predictable Late Payer
C02340,Enterprise,ADSL,Web Family,Predictable Late Payer
C02341,Residential,ADSL,Biz Speed,Predictable Late Payer
C02342,Enterprise,ADSL,Biz Speed,Irregular Payer
C02343,Residential,LTE,Web Booster,Regular Payer
C02344,Enterprise,ADSL,Biz Speed,Regular Payer
C02345,SME,ADSL,Biz Speed,Regular Payer
C02346,SME,ADSL,Biz Speed,Regular Payer
C02347,SME,LTE,Web Family,Regular Payer
C02348,SME,LTE,Web Family,Regular Payer
C02349,SME,Fiber,Web Booster,Regular Payer
C02350,Residential,LTE,Biz Speed,Predictable Late Payer
C02351,Enterprise,ADSL,Biz Speed,Irregular Payer
C02352,SME,ADSL,Web Booster,Predictable Late Payer
C02353,SME,ADSL,Web Booster,Irregular Payer
C02354,SME,Fiber,Web Family,Predictable Late Payer
C02355,SME,ADSL,Web Booster,Regular Payer
C02356,Enterprise,ADSL,Biz Speed,Regular Payer
C02357,Residential,LTE,Web Booster,Regular Payer
C02358,Residential,ADSL,Web Booster,High-Risk Non-Payer
C02359,Residential,ADSL,Web Booster,Regular Payer
C02360,SME,ADSL,Web Booster,Regular Payer
C02361,Residential,Fiber,Web Booster,Regular Payer
C02362,SME,LTE,Web Booster,Predictable Late Payer
C02363,Residential,Fiber,Biz Speed,Predictable Late Payer
C02364,SME,LTE,Web Family,Regular Payer
C02365,Enterprise,LTE,Web Family,Regular Payer
C02366,SME,Fiber,Web Family,Predictable Late Payer
C02367,Enterprise,LTE,Biz Speed,Predictable Late Payer
C02368,SME,LTE,Web Booster,Irregular Payer
C02369,Enterprise,Fiber,Web Family,Predictable Late Payer
C02370,SME,LTE,Biz Speed,Predictable Late Payer
C02371,Enterprise,LTE,Web Family,Irregular Payer
C02372,Enterprise,ADSL,Web Booster,Regular Payer
C02373,SME,LTE,Biz Speed,Regular Payer
C02374,Enterprise,LTE,Biz Speed,Regular Payer
C02375,Residential,Fiber,Biz Speed,Regular Payer
C02376,Enterprise,ADSL,Web Booster,Predictable Late Payer
C02377,Residential,ADSL,Biz Speed,Regular Payer
C02378,Enterprise,ADSL,Biz Speed,Irregular Payer
C02379,Enterprise,ADSL,Web Family,Irregular Payer
C02380,Enterprise,Fiber,Web Family,Predictable Late Payer
C02381,Enterprise,Fiber,Web Family,Regular Payer
C02382,Residential,Fiber,Biz Speed,Irregular Payer
C02383,Enterprise,LTE,Web Family,Irregular Payer
C02384,Enterprise,LTE,Web Booster,Predictable Late Payer
C02385,SME,Fiber,Web Booster,Predictable Late Payer
C02386,SME,Fiber,Biz Speed,Regular Payer
C02387,SME,Fiber,Web Family,High-Risk Non-Payer
C02388,Enterprise,Fiber,Web Booster,Regular Payer
C02389,SME,Fiber,Web Family,Regular Payer
C02390,SME,ADSL,Web Family,Regular Payer
C02391,SME,Fiber,Web Family,Irregular Payer
C02392,SME,LTE,Web Family,Regular Payer
C02393,SME,LTE,Web Booster,Regular Payer
C02394,Residential,Fiber,Web Family,Regular Payer
C02395,Enterprise,ADSL,Web Family,Predictable Late Payer
C02396,Enterprise,LTE,Web Family,Regular Payer
C02397,SME,LTE,Biz Speed,Predictable Late Payer
C02398,SME,Fiber,Web Booster,Predictable Late Payer
C02399,Residential,LTE,Biz Speed,High-Risk Non-Payer
C02400,Enterprise,Fiber,Web Family,Irregular Payer
C02401,Enterprise,Fiber,Web Booster,Predictable Late Payer
C02402,SME,Fiber,Biz Speed,Predictable Late Payer
C02403,Residential,LTE,Biz Speed,High-Risk Non-Payer
C02404,Residential,ADSL,Web Booster,High-Risk Non-Payer
C02405,Enterprise,LTE,Web Family,Regular Payer
C02406,SME,ADSL,Web Booster,Predictable Late Payer
C02407,Residential,Fiber,Web Family,High-Risk Non-Payer
C02408,SME,LTE,Biz Speed,Regular Payer
C02409,Enterprise,LTE,Web Booster,Irregular Payer
C02410,Residential,ADSL,Biz Speed,Regular Payer
C02411,Residential,ADSL,Biz Speed,Predictable Late Payer
C02412,SME,Fiber,Web Booster,Predictable Late Payer
C02413,Residential,ADSL,Biz Speed,High-Risk Non-Payer
C02414,SME,Fiber,Biz Speed,Predictable Late Payer
C02415,SME,ADSL,Web Booster,Predictable Late Payer
C02416,Enterprise,LTE,Web Booster,Regular Payer
C02417,SME,LTE,Web Family,Predictable Late Payer
C02418,Enterprise,LTE,Web Family,High-Risk Non-Payer
C02419,Residential,ADSL,Web Family,Predictable Late Payer
C02420,Residential,Fiber,Biz Speed,Regular Payer
C02421,Enterprise,ADSL,Biz Speed,Predictable Late Payer
C02422,SME,ADSL,Web Family,Irregular Payer
C02423,Enterprise,ADSL,Web Family,Predictable Late Payer
C02424,Enterprise,LTE,Biz Speed,Regular Payer
C02425,SME,ADSL,Web Booster,Regular Payer
C02426,Enterprise,Fiber,Web Family,Predictable Late Payer
C02427,Residential,LTE,Web Family,Regular Payer
C02428,Residential,LTE,Biz Speed,High-Risk Non-Payer
C02429,SME,Fiber,Web Family,Irregular Payer
C02430,Enterprise,LTE,Biz Speed,Regular Payer
C02431,SME,LTE,Web Family,Regular Payer
C02432,Enterprise,ADSL,Biz Speed,Regular Payer
C02433,Residential,ADSL,Web Booster,Regular Payer
C02434,SME,ADSL,Biz Speed,Predictable Late Payer
C02435,Enterprise,Fiber,Biz Speed,Irregular Payer
C02436,Enterprise,ADSL,Biz Speed,Predictable Late Payer
C02437,Residential,ADSL,Web Family,Irregular Payer
C02438,Residential,LTE,Biz Speed,Irregular Payer
C02439,Enterprise,ADSL,Web Booster,Regular Payer
C02440,Enterprise,Fiber,Biz Speed,Predictable Late Payer
C02441,Enterprise,LTE,Biz Speed,Predictable Late Payer
C02442,SME,Fiber,Web Booster,Predictable Late Payer
C02443,Enterprise,Fiber,Web Booster,Predictable Late Payer
C02444,SME,LTE,Web Family,Predictable Late Payer
C02445,SME,LTE,Web Booster,Predictable Late Payer
C02446,Residential,ADSL,Web Family,Regular Payer
C02447,SME,ADSL,Web Booster,Regular Payer
C02448,SME,Fiber,Web Booster,Regular Payer
C02449,Enterprise,Fiber,Biz Speed,Regular Payer
C02450,Enterprise,LTE,Web Family,High-Risk Non-Payer
C02451,Residential,Fiber,Web Booster,Regular Payer
C02452,Enterprise,ADSL,Web Family,Regular Payer
C02453,SME,Fiber,Biz Speed,Irregular Payer
C02454,SME,LTE,Web Family,Regular Payer
C02455,Residential,LTE,Web Family,Irregular Payer
C02456,Enterprise,Fiber,Web Family,Irregular Payer
C02457,Enterprise,LTE,Web Family,Predictable Late Payer
C02458,Enterprise,Fiber,Web Family,High-Risk Non-Payer
C02459,Residential,LTE,Web Booster,Irregular Payer
C02460,Enterprise,Fiber,Web Family,Regular Payer
C02461,SME,Fiber,Web Booster,Predictable Late Payer
C02462,SME,Fiber,Web Family,Predictable Late Payer
C02463,Enterprise,Fiber,Web Booster,Irregular Payer
C02464,SME,Fiber,Biz Speed,Irregular Payer
C02465,Residential,ADSL,Biz Speed,Predictable Late Payer
C02466,SME,LTE,Web Booster,Irregular Payer
C02467,Enterprise,ADSL,Web Family,Regular Payer
C02468,Enterprise,Fiber,Web Booster,Predictable Late Payer
C02469,Enterprise,Fiber,Web Family,Regular Payer
C02470,Enterprise,ADSL,Web Family,Predictable Late Payer
C02471,Residential,ADSL,Web Family,Predictable Late Payer
C02472,SME,LTE,Web Booster,Predictable Late Payer
C02473,Enterprise,LTE,Web Family,Regular Payer
C02474,Residential,Fiber,Web Family,Regular Payer
C02475,SME,ADSL,Biz Speed,Irregular Payer
C02476,SME,ADSL,Biz Speed,Irregular Payer
C02477,Residential,LTE,Web Booster,Predictable Late Payer
C02478,SME,LTE,Web Family,Predictable Late Payer
C02479,Enterprise,ADSL,Web Family,Regular Payer
C02480,Enterprise,ADSL,Web Family,Predictable Late Payer
C02481,Residential,Fiber,Biz Speed,High-Risk Non-Payer
C02482,Residential,LTE,Web Family,Predictable Late Payer
C02483,Enterprise,ADSL,Web Booster,Predictable Late Payer
C02484,SME,ADSL,Biz Speed,High-Risk Non-Payer
C02485,Enterprise,LTE,Web Booster,Regular Payer
C02486,Residential,LTE,Web Family,Predictable Late Payer
C02487,Residential,ADSL,Web Family,Predictable Late Payer
C02488,SME,ADSL,Web Family,Regular Payer
C02489,Enterprise,LTE,Biz Speed,Regular Payer
C02490,SME,Fiber,Web Family,Regular Payer
C02491,Residential,LTE,Web Family,Predictable Late Payer
C02492,Residential,LTE,Web Booster,Regular Payer
C02493,Enterprise,LTE,Web Family,High-Risk Non-Payer
C02494,Residential,Fiber,Web Booster,Regular Payer
C02495,SME,ADSL,Web Family,Regular Payer
C02496,Enterprise,Fiber,Web Family,Regular Payer
C02497,Residential,LTE,Web Family,Regular Payer
C02498,Enterprise,Fiber,Web Booster,Predictable Late Payer
C02499,Residential,LTE,Web Family,Regular Payer
C02500,Residential,LTE,Web Booster,Predictable Late Payer
C02501,Enterprise,ADSL,Web Booster,Irregular Payer
C02502,Residential,Fiber,Web Family,Irregular Payer
C02503,Residential,Fiber,Web Family,Predictable Late Payer
C02504,Enterprise,LTE,Web Booster,Predictable Late Payer
C02505,Enterprise,Fiber,Web Family,Irregular Payer
C02506,Enterprise,Fiber,Biz Speed,Regular Payer
C02507,Residential,LTE,Web Family,Regular Payer
C02508,SME,Fiber,Biz Speed,High-Risk Non-Payer
C02509,SME,Fiber,Biz Speed,Regular Payer
C02510,SME,ADSL,Biz Speed,Regular Payer
C02511,Enterprise,LTE,Biz Speed,Irregular Payer
C02512,SME,LTE,Biz Speed,Predictable Late Payer
C02513,SME,ADSL,Web Booster,Predictable Late Payer
C02514,SME,ADSL,Web Booster,Predictable Late Payer
C02515,Enterprise,LTE,Biz Speed,High-Risk Non-Payer
C02516,Enterprise,ADSL,Web Family,Regular Payer
C02517,Residential,LTE,Web Family,Regular Payer
C02518,SME,LTE,Web Booster,Predictable Late Payer
C02519,SME,LTE,Biz Speed,Regular Payer
C02520,Residential,LTE,Web Booster,Predictable Late Payer
C02521,Residential,ADSL,Web Family,Predictable Late Payer
C02522,Enterprise,LTE,Web Booster,Predictable Late Payer
C02523,SME,LTE,Web Booster,Irregular Payer
C02524,SME,LTE,Web Booster,Regular Payer
C02525,SME,Fiber,Web Booster,Predictable Late Payer
C02526,SME,Fiber,Web Booster,Irregular Payer
C02527,Enterprise,ADSL,Biz Speed,Regular Payer
C02528,SME,Fiber,Web Family,Regular Payer
C02529,SME,Fiber,Biz Speed,Regular Payer
C02530,Residential,ADSL,Web Booster,Regular Payer
C02531,Enterprise,ADSL,Web Booster,Regular Payer
C02532,Enterprise,Fiber,Biz Speed,Irregular Payer
C02533,SME,Fiber,Web Booster,Regular Payer
C02534,SME,LTE,Web Booster,Irregular Payer
C02535,Enterprise,Fiber,Web Booster,Predictable Late Payer
C02536,Residential,LTE,Web Family,Regular Payer
C02537,Enterprise,Fiber,Web Booster,Regular Payer
C02538,Enterprise,ADSL,Web Booster,Irregular Payer
C02539,SME,LTE,Web Family,Regular Payer
C02540,Residential,LTE,Biz Speed,Predictable Late Payer
C02541,SME,LTE,Biz Speed,Regular Payer
C02542,Residential,ADSL,Web Family,Regular Payer
C02543,Enterprise,Fiber,Web Booster,Irregular Payer
C02544,SME,LTE,Web Family,Predictable Late Payer
C02545,Enterprise,LTE,Biz Speed,Predictable Late Payer
C02546,SME,ADSL,Web Family,Predictable Late Payer
C02547,Residential,Fiber,Web Family,High-Risk Non-Payer
C02548,SME,ADSL,Biz Speed,Irregular Payer
C02549,Enterprise,ADSL,Web Booster,High-Risk Non-Payer
C02550,Residential,LTE,Web Family,Predictable Late Payer
C02551,Residential,LTE,Web Family,Regular Payer
C02552,SME,ADSL,Web Booster,Regular Payer
C02553,Residential,ADSL,Biz Speed,Regular Payer
C02554,Enterprise,ADSL,Web Booster,Regular Payer
C02555,Residential,Fiber,Web Booster,Regular Payer
C02556,Residential,LTE,Biz Speed,Predictable Late Payer
C02557,SME,Fiber,Web Booster,Predictable Late Payer
C02558,Residential,LTE,Web Booster,Regular Payer
C02559,Residential,Fiber,Biz Speed,Predictable Late Payer
C02560,Enterprise,Fiber,Web Booster,High-Risk Non-Payer
C02561,Residential,Fiber,Web Family,Regular Payer
C02562,Enterprise,ADSL,Web Booster,Regular Payer
C02563,Enterprise,LTE,Biz Speed,Regular Payer
C02564,Enterprise,ADSL,Web Booster,Regular Payer
C02565,Residential,Fiber,Web Booster,Regular Payer
C02566,SME,ADSL,Web Family,Predictable Late Payer
C02567,Enterprise,LTE,Web Booster,Predictable Late Payer
C02568,Residential,ADSL,Web Family,Regular Payer
C02569,SME,LTE,Biz Speed,Irregular Payer
C02570,SME,LTE,Biz Speed,Irregular Payer
C02571,Residential,LTE,Web Family,Regular Payer
C02572,Enterprise,ADSL,Web Booster,Predictable Late Payer
C02573,Enterprise,Fiber,Biz Speed,Predictable Late Payer
C02574,SME,ADSL,Web Family,Regular Payer
C02575,Residential,LTE,Biz Speed,Predictable Late Payer
C02576,Enterprise,Fiber,Biz Speed,Irregular Payer
C02577,Residential,LTE,Web Booster,High-Risk Non-Payer
C02578,Enterprise,Fiber,Web Booster,Regular Payer
C02579,Residential,ADSL,Web Booster,Predictable Late Payer
C02580,Residential,LTE,Web Family,Predictable Late Payer
C02581,SME,Fiber,Web Family,Predictable Late Payer
C02582,Enterprise,ADSL,Web Booster,Regular Payer
C02583,Enterprise,LTE,Web Family,Regular Payer
C02584,Residential,LTE,Web Family,Irregular Payer
C02585,Residential,LTE,Biz Speed,Irregular Payer
C02586,SME,LTE,Web Family,Regular Payer
C02587,Enterprise,Fiber,Biz Speed,High-Risk Non-Payer
C02588,Residential,LTE,Web Booster,Irregular Payer
C02589,Residential,Fiber,Biz Speed,Regular Payer
C02590,SME,Fiber,Biz Speed,Irregular Payer
C02591,Residential,Fiber,Biz Speed,Irregular Payer
C02592,Enterprise,LTE,Web Family,Predictable Late Payer
C02593,Residential,Fiber,Biz Speed,Regular Payer
C02594,Enterprise,ADSL,Web Family,Predictable Late Payer
C02595,Residential,ADSL,Biz Speed,Predictable Late Payer
C02596,Enterprise,ADSL,Web Family,Regular Payer
C02597,SME,LTE,Web Family,Predictable Late Payer
C02598,Residential,LTE,Web Family,High-Risk Non-Payer
C02599,SME,Fiber,Web Family,Regular Payer
C02600,SME,Fiber,Web Family,Regular Payer
C02601,Residential,ADSL,Biz Speed,Regular Payer
C02602,Residential,ADSL,Web Family,Irregular Payer
C02603,Residential,LTE,Biz Speed,Regular Payer
C02604,SME,LTE,Biz Speed,Predictable Late Payer
C02605,Enterprise,Fiber,Biz Speed,Regular Payer
C02606,SME,Fiber,Web Family,Regular Payer
C02607,SME,LTE,Web Family,Regular Payer
C02608,Enterprise,LTE,Web Family,Regular Payer
C02609,SME,Fiber,Web Family,Predictable Late Payer
C02610,SME,ADSL,Biz Speed,Regular Payer
C02611,Residential,Fiber,Web Booster,Regular Payer
C02612,Enterprise,LTE,Web Family,Irregular Payer
C02613,Enterprise,Fiber,Web Booster,High-Risk Non-Payer
C02614,Enterprise,LTE,Biz Speed,Predictable Late Payer
C02615,Enterprise,ADSL,Web Family,Regular Payer
C02616,Enterprise,ADSL,Web Booster,High-Risk Non-Payer
C02617,Enterprise,LTE,Web Family,Regular Payer
C02618,Enterprise,ADSL,Web Booster,Regular Payer
C02619,Enterprise,ADSL,Web Family,Predictable Late Payer
C02620,Enterprise,Fiber,Web Family,Regular Payer
C02621,Residential,LTE,Web Family,Irregular Payer
C02622,Residential,ADSL,Web Family,Regular Payer
C02623,SME,LTE,Web Booster,Regular Payer
C02624,SME,Fiber,Biz Speed,Regular Payer
C02625,Enterprise,ADSL,Web Booster,Irregular Payer
C02626,SME,Fiber,Web Booster,Regular Payer
C02627,Residential,ADSL,Web Booster,Predictable Late Payer
C02628,SME,Fiber,Web Family,Irregular Payer
C02629,SME,LTE,Web Family,Regular Payer
C02630,Residential,ADSL,Web Family,Irregular Payer
C02631,Enterprise,ADSL,Web Family,Predictable Late Payer
C02632,SME,ADSL,Web Booster,Regular Payer
C02633,Enterprise,Fiber,Web Family,Irregular Payer
C02634,Residential,Fiber,Web Family,Predictable Late Payer
C02635,Residential,Fiber,Web Family,Regular Payer
C02636,Enterprise,ADSL,Web Family,Regular Payer
C02637,Residential,LTE,Biz Speed,Predictable Late Payer
C02638,Residential,ADSL,Web Family,Regular Payer
C02639,Residential,ADSL,Web Family,Regular Payer
C02640,Enterprise,LTE,Biz Speed,Regular Payer
C02641,SME,Fiber,Web Booster,Regular Payer
C02642,Residential,LTE,Web Booster,Predictable Late Payer
C02643,Enterprise,ADSL,Web Booster,Irregular Payer
C02644,SME,Fiber,Web Booster,Predictable Late Payer
C02645,Residential,LTE,Biz Speed,Predictable Late Payer
C02646,Enterprise,ADSL,Web Family,Regular Payer
C02647,SME,LTE,Web Booster,Regular Payer
C02648,Enterprise,ADSL,Web Booster,Regular Payer
C02649,Residential,ADSL,Web Booster,Regular Payer
C02650,Residential,Fiber,Web Family,Irregular Payer
C02651,Enterprise,ADSL,Web Booster,Predictable Late Payer
C02652,SME,LTE,Biz Speed,Regular Payer
C02653,SME,LTE,Biz Speed,High-Risk Non-Payer
C02654,Residential,LTE,Web Family,High-Risk Non-Payer
C02655,Residential,LTE,Biz Speed,Regular Payer
C02656,SME,LTE,Biz Speed,Regular Payer
C02657,Enterprise,LTE,Biz Speed,Predictable Late Payer
C02658,Enterprise,Fiber,Biz Speed,Regular Payer
C02659,SME,ADSL,Web Family,Regular Payer
C02660,Residential,LTE,Biz Speed,Irregular Payer
C02661,Residential,ADSL,Biz Speed,Predictable Late Payer
C02662,SME,ADSL,Web Booster,High-Risk Non-Payer
C02663,Residential,LTE,Web Family,Predictable Late Payer
C02664,Enterprise,Fiber,Web Family,Regular Payer
C02665,Residential,ADSL,Biz Speed,High-Risk Non-Payer
C02666,SME,ADSL,Biz Speed,High-Risk Non-Payer
C02667,Residential,ADSL,Web Family,Irregular Payer
C02668,Residential,LTE,Web Booster,Predictable Late Payer
C02669,Enterprise,ADSL,Biz Speed,Irregular Payer
C02670,Enterprise,LTE,Biz Speed,Predictable Late Payer
C02671,Enterprise,Fiber,Web Family,Predictable Late Payer
C02672,SME,Fiber,Web Booster,Irregular Payer
C02673,Enterprise,LTE,Biz Speed,Regular Payer
C02674,Residential,LTE,Web Family,Regular Payer
C02675,Enterprise,LTE,Biz Speed,Predictable Late Payer
C02676,SME,ADSL,Web Booster,Regular Payer
C02677,SME,Fiber,Biz Speed,Regular Payer
C02678,SME,Fiber,Biz Speed,High-Risk Non-Payer
C02679,SME,ADSL,Web Family,Regular Payer
C02680,Residential,ADSL,Web Family,Irregular Payer
C02681,Residential,LTE,Web Booster,Predictable Late Payer
C02682,Enterprise,Fiber,Biz Speed,Regular Payer
C02683,SME,Fiber,Web Booster,Regular Payer
C02684,Residential,LTE,Web Family,Predictable Late Payer
C02685,SME,LTE,Biz Speed,Irregular Payer
C02686,Residential,Fiber,Web Booster,Irregular Payer
C02687,Residential,ADSL,Biz Speed,Irregular Payer
C02688,Residential,Fiber,Web Family,Predictable Late Payer
C02689,Residential,LTE,Biz Speed,Predictable Late Payer
C02690,SME,LTE,Web Booster,Irregular Payer
C02691,Enterprise,LTE,Web Booster,Regular Payer
C02692,SME,LTE,Web Family,High-Risk Non-Payer
C02693,Enterprise,LTE,Web Booster,Predictable Late Payer
C02694,SME,LTE,Web Family,Regular Payer
C02695,Enterprise,LTE,Biz Speed,Irregular Payer
C02696,Residential,Fiber,Biz Speed,Regular Payer
C02697,Enterprise,LTE,Biz Speed,Irregular Payer
C02698,Residential,LTE,Web Booster,Predictable Late Payer
C02699,Enterprise,LTE,Biz Speed,Predictable Late Payer
C02700,Residential,Fiber,Biz Speed,High-Risk Non-Payer
C02701,SME,Fiber,Biz Speed,Regular Payer
C02702,Residential,ADSL,Web Booster,Predictable Late Payer
C02703,Residential,ADSL,Web Booster,Predictable Late Payer
C02704,Enterprise,Fiber,Web Booster,Predictable Late Payer
C02705,SME,ADSL,Biz Speed,High-Risk Non-Payer
C02706,Enterprise,LTE,Web Booster,Predictable Late Payer
C02707,Enterprise,Fiber,Biz Speed,Irregular Payer
C02708,Enterprise,ADSL,Web Family,Regular Payer
C02709,Residential,LTE,Biz Speed,High-Risk Non-Payer
C02710,SME,Fiber,Web Booster,High-Risk Non-Payer
C02711,SME,ADSL,Biz Speed,Regular Payer
C02712,Residential,Fiber,Biz Speed,Predictable Late Payer
C02713,Residential,LTE,Biz Speed,Regular Payer
C02714,SME,LTE,Web Booster,Regular Payer
C02715,SME,ADSL,Web Booster,High-Risk Non-Payer
C02716,Enterprise,Fiber,Biz Speed,Regular Payer
C02717,Enterprise,ADSL,Biz Speed,Predictable Late Payer
C02718,Enterprise,LTE,Web Family,High-Risk Non-Payer
C02719,Enterprise,Fiber,Biz Speed,Regular Payer
C02720,Enterprise,ADSL,Biz Speed,Irregular Payer
C02721,Enterprise,ADSL,Biz Speed,High-Risk Non-Payer
C02722,SME,Fiber,Web Family,Regular Payer
C02723,SME,Fiber,Web Family,Regular Payer
C02724,Enterprise,ADSL,Web Family,Irregular Payer
C02725,Residential,ADSL,Web Booster,Regular Payer
C02726,SME,LTE,Biz Speed,Irregular Payer
C02727,SME,Fiber,Biz Speed,Predictable Late Payer
C02728,SME,LTE,Web Booster,Irregular Payer
C02729,Enterprise,Fiber,Biz Speed,Predictable Late Payer
C02730,Enterprise,Fiber,Web Family,Regular Payer
C02731,Enterprise,LTE,Web Booster,Regular Payer
C02732,SME,Fiber,Web Booster,Predictable Late Payer
C02733,Residential,ADSL,Web Booster,Regular Payer
C02734,Enterprise,ADSL,Web Family,Predictable Late Payer
C02735,SME,ADSL,Biz Speed,Regular Payer
C02736,Enterprise,ADSL,Web Booster,Predictable Late Payer
C02737,Residential,LTE,Web Booster,Irregular Payer
C02738,SME,Fiber,Web Booster,Regular Payer
C02739,Enterprise,Fiber,Biz Speed,High-Risk Non-Payer
C02740,Residential,ADSL,Biz Speed,Regular Payer
C02741,Residential,LTE,Biz Speed,Regular Payer
C02742,Enterprise,Fiber,Web Family,Predictable Late Payer
C02743,SME,LTE,Biz Speed,Predictable Late Payer
C02744,SME,LTE,Web Booster,Regular Payer
C02745,Enterprise,LTE,Web Booster,Predictable Late Payer
C02746,Residential,ADSL,Biz Speed,Regular Payer
C02747,Residential,LTE,Biz Speed,Irregular Payer
C02748,Residential,ADSL,Web Booster,Predictable Late Payer
C02749,Residential,ADSL,Web Family,Predictable Late Payer
C02750,SME,LTE,Web Family,Regular Payer
C02751,Enterprise,Fiber,Biz Speed,Predictable Late Payer
C02752,SME,ADSL,Biz Speed,Regular Payer
C02753,Residential,LTE,Web Booster,Predictable Late Payer
C02754,Residential,Fiber,Web Family,Regular Payer
C02755,SME,Fiber,Web Family,Regular Payer
C02756,Enterprise,ADSL,Web Booster,Predictable Late Payer
C02757,Residential,ADSL,Biz Speed,Predictable Late Payer
C02758,Residential,Fiber,Web Family,Regular Payer
C02759,SME,ADSL,Biz Speed,High-Risk Non-Payer
C02760,Enterprise,ADSL,Web Booster,Irregular Payer
C02761,Enterprise,ADSL,Web Family,Irregular Payer
C02762,Enterprise,LTE,Web Booster,Predictable Late Payer
C02763,SME,LTE,Web Family,Regular Payer
C02764,Residential,Fiber,Web Booster,Predictable Late Payer
C02765,Enterprise,Fiber,Web Family,Predictable Late Payer
C02766,Enterprise,LTE,Web Booster,Predictable Late Payer
C02767,Residential,ADSL,Web Family,Regular Payer
C02768,Enterprise,ADSL,Web Booster,Regular Payer
C02769,Residential,Fiber,Web Booster,Regular Payer
C02770,Enterprise,Fiber,Web Booster,Irregular Payer
C02771,Residential,LTE,Biz Speed,Irregular Payer
C02772,Enterprise,LTE,Web Family,Predictable Late Payer
C02773,Enterprise,ADSL,Biz Speed,Irregular Payer
C02774,Enterprise,Fiber,Web Family,High-Risk Non-Payer
C02775,Residential,Fiber,Biz Speed,Predictable Late Payer
C02776,Residential,ADSL,Web Booster,Irregular Payer
C02777,Residential,Fiber,Web Family,Predictable Late Payer
C02778,Enterprise,Fiber,Web Family,Predictable Late Payer
C02779,Residential,Fiber,Web Family,Predictable Late Payer
C02780,SME,ADSL,Web Family,Predictable Late Payer
C02781,Enterprise,Fiber,Web Family,Regular Payer
C02782,Enterprise,LTE,Biz Speed,Predictable Late Payer
C02783,Residential,ADSL,Web Booster,Predictable Late Payer
C02784,Enterprise,LTE,Biz Speed,Predictable Late Payer
C02785,Residential,ADSL,Web Family,Predictable Late Payer
C02786,Residential,Fiber,Web Family,Regular Payer
C02787,SME,Fiber,Web Family,Predictable Late Payer
C02788,Residential,ADSL,Web Booster,Regular Payer
C02789,Enterprise,ADSL,Web Booster,Regular Payer
C02790,SME,LTE,Web Booster,Predictable Late Payer
C02791,Residential,LTE,Web Booster,Regular Payer
C02792,SME,ADSL,Web Booster,High-Risk Non-Payer
C02793,Residential,ADSL,Web Family,Regular Payer
C02794,Enterprise,LTE,Biz Speed,Predictable Late Payer
C02795,Residential,ADSL,Web Booster,Predictable Late Payer
C02796,Enterprise,ADSL,Biz Speed,Regular Payer
C02797,Residential,LTE,Web Booster,Regular Payer
C02798,Enterprise,Fiber,Web Family,Regular Payer
C02799,Enterprise,Fiber,Biz Speed,Predictable Late Payer
C02800,Residential,LTE,Biz Speed,Regular Payer
C02801,SME,LTE,Web Family,Irregular Payer
C02802,Residential,LTE,Web Family,Regular Payer
C02803,Residential,LTE,Web Family,Irregular Payer
C02804,Residential,Fiber,Biz Speed,Irregular Payer
C02805,SME,ADSL,Web Booster,Regular Payer
C02806,SME,ADSL,Biz Speed,Irregular Payer
C02807,Enterprise,LTE,Biz Speed,Regular Payer
C02808,Residential,Fiber,Web Booster,High-Risk Non-Payer
C02809,SME,Fiber,Web Booster,Irregular Payer
C02810,Enterprise,ADSL,Biz Speed,Predictable Late Payer
C02811,SME,LTE,Biz Speed,Regular Payer
C02812,Residential,ADSL,Biz Speed,Irregular Payer
C02813,Enterprise,Fiber,Web Family,Regular Payer
C02814,Enterprise,LTE,Web Family,High-Risk Non-Payer
C02815,Enterprise,LTE,Biz Speed,Irregular Payer
C02816,Enterprise,ADSL,Web Booster,Irregular Payer
C02817,Residential,LTE,Web Booster,Irregular Payer
C02818,Enterprise,LTE,Web Booster,High-Risk Non-Payer
C02819,Enterprise,ADSL,Web Family,Regular Payer
C02820,Residential,LTE,Web Booster,Irregular Payer
C02821,Residential,ADSL,Web Family,Regular Payer
C02822,Residential,Fiber,Web Family,Predictable Late Payer
C02823,Residential,ADSL,Web Booster,Predictable Late Payer
C02824,SME,Fiber,Web Booster,Predictable Late Payer
C02825,Enterprise,Fiber,Web Booster,Predictable Late Payer
C02826,Enterprise,ADSL,Biz Speed,Predictable Late Payer
C02827,SME,Fiber,Biz Speed,Regular Payer
C02828,Enterprise,Fiber,Biz Speed,Predictable Late Payer
C02829,Enterprise,ADSL,Web Booster,Regular Payer
C02830,Enterprise,ADSL,Biz Speed,Predictable Late Payer
C02831,Residential,ADSL,Web Booster,High-Risk Non-Payer
C02832,Enterprise,ADSL,Web Family,Regular Payer
C02833,SME,Fiber,Biz Speed,Regular Payer
C02834,Residential,LTE,Web Booster,Regular Payer
C02835,SME,Fiber,Web Booster,High-Risk Non-Payer
C02836,Residential,ADSL,Web Family,Regular Payer
C02837,SME,LTE,Web Booster,Regular Payer
C02838,Enterprise,ADSL,Biz Speed,Regular Payer
C02839,SME,ADSL,Biz Speed,Irregular Payer
C02840,Residential,LTE,Biz Speed,Irregular Payer
C02841,Residential,LTE,Web Family,Predictable Late Payer
C02842,SME,LTE,Web Booster,Regular Payer
C02843,SME,ADSL,Web Family,Predictable Late Payer
C02844,Residential,Fiber,Web Booster,Predictable Late Payer
C02845,Residential,ADSL,Biz Speed,Irregular Payer
C02846,SME,Fiber,Web Booster,Regular Payer
C02847,Enterprise,LTE,Web Family,Predictable Late Payer
C02848,SME,LTE,Web Booster,Predictable Late Payer
C02849,Residential,ADSL,Web Booster,Regular Payer
C02850,SME,ADSL,Web Booster,Regular Payer
C02851,SME,ADSL,Web Booster,Regular Payer
C02852,Enterprise,Fiber,Web Family,Regular Payer
C02853,Residential,Fiber,Web Booster,Predictable Late Payer
C02854,SME,Fiber,Web Family,Predictable Late Payer
C02855,SME,ADSL,Web Booster,Regular Payer
C02856,SME,ADSL,Web Booster,Irregular Payer
C02857,Enterprise,Fiber,Web Booster,Irregular Payer
C02858,SME,ADSL,Biz Speed,High-Risk Non-Payer
C02859,SME,Fiber,Web Family,High-Risk Non-Payer
C02860,Residential,Fiber,Web Family,Regular Payer
C02861,Residential,ADSL,Web Family,Regular Payer
C02862,SME,LTE,Biz Speed,Irregular Payer
C02863,SME,LTE,Web Booster,Regular Payer
C02864,Residential,LTE,Web Family,Predictable Late Payer
C02865,Enterprise,ADSL,Web Family,Regular Payer
C02866,Residential,LTE,Biz Speed,Regular Payer
C02867,SME,Fiber,Web Booster,Irregular Payer
C02868,Residential,ADSL,Biz Speed,Predictable Late Payer
C02869,Residential,Fiber,Biz Speed,Predictable Late Payer
C02870,Residential,Fiber,Web Family,Regular Payer
C02871,Residential,LTE,Web Family,High-Risk Non-Payer
C02872,SME,Fiber,Biz Speed,Regular Payer
C02873,Residential,LTE,Web Booster,Predictable Late Payer
C02874,Enterprise,ADSL,Web Family,Regular Payer
C02875,SME,LTE,Web Family,Predictable Late Payer
C02876,Enterprise,Fiber,Web Booster,Regular Payer
C02877,SME,LTE,Web Booster,Irregular Payer
C02878,Residential,LTE,Web Family,Regular Payer
C02879,Residential,Fiber,Biz Speed,Irregular Payer
C02880,Residential,LTE,Web Booster,Regular Payer
C02881,Enterprise,Fiber,Web Booster,Regular Payer
C02882,SME,LTE,Web Booster,Regular Payer
C02883,Residential,ADSL,Web Family,Predictable Late Payer
C02884,Residential,LTE,Web Booster,Irregular Payer
C02885,SME,ADSL,Biz Speed,Predictable Late Payer
C02886,SME,Fiber,Biz Speed,Regular Payer
C02887,Enterprise,LTE,Web Family,Irregular Payer
C02888,Residential,ADSL,Biz Speed,Predictable Late Payer
C02889,Residential,ADSL,Biz Speed,Irregular Payer
C02890,Residential,ADSL,Web Booster,High-Risk Non-Payer
C02891,Residential,ADSL,Biz Speed,Regular Payer
C02892,Enterprise,LTE,Web Family,Predictable Late Payer
C02893,Residential,Fiber,Web Family,Regular Payer
C02894,Enterprise,ADSL,Web Booster,Irregular Payer
C02895,Enterprise,LTE,Web Booster,Predictable Late Payer
C02896,Enterprise,Fiber,Web Booster,Regular Payer
C02897,SME,ADSL,Biz Speed,Irregular Payer
C02898,Residential,ADSL,Web Booster,Predictable Late Payer
C02899,Residential,LTE,Web Family,High-Risk Non-Payer
C02900,Residential,ADSL,Web Family,Irregular Payer
C02901,SME,LTE,Biz Speed,Predictable Late Payer
C02902,Enterprise,Fiber,Web Family,Predictable Late Payer
C02903,Enterprise,LTE,Biz Speed,Irregular Payer
C02904,SME,ADSL,Web Booster,Regular Payer
C02905,Residential,Fiber,Biz Speed,Regular Payer
C02906,Enterprise,Fiber,Biz Speed,Predictable Late Payer
C02907,Enterprise,ADSL,Biz Speed,Regular Payer
C02908,Residential,LTE,Biz Speed,Regular Payer
C02909,Residential,Fiber,Web Family,Regular Payer
C02910,Residential,LTE,Web Family,Predictable Late Payer
C02911,SME,Fiber,Web Booster,Irregular Payer
C02912,Residential,ADSL,Web Family,High-Risk Non-Payer
C02913,Residential,ADSL,Web Family,Regular Payer
C02914,SME,ADSL,Biz Speed,High-Risk Non-Payer
C02915,SME,Fiber,Biz Speed,Irregular Payer
C02916,SME,ADSL,Web Family,Predictable Late Payer
C02917,Enterprise,LTE,Web Booster,High-Risk Non-Payer
C02918,Enterprise,Fiber,Web Booster,Regular Payer
C02919,SME,Fiber,Web Booster,High-Risk Non-Payer
C02920,Enterprise,ADSL,Biz Speed,Regular Payer
C02921,Enterprise,ADSL,Web Booster,High-Risk Non-Payer
C02922,SME,ADSL,Biz Speed,Predictable Late Payer
C02923,Residential,LTE,Web Family,Regular Payer
C02924,Residential,ADSL,Biz Speed,Irregular Payer
C02925,SME,Fiber,Web Booster,Regular Payer
C02926,Enterprise,LTE,Web Booster,Regular Payer
C02927,SME,Fiber,Web Booster,Regular Payer
C02928,Residential,Fiber,Web Family,Predictable Late Payer
C02929,Enterprise,Fiber,Biz Speed,Regular Payer
C02930,SME,Fiber,Web Family,Irregular Payer
C02931,Enterprise,ADSL,Web Family,Regular Payer
C02932,Residential,LTE,Web Family,Predictable Late Payer
C02933,Enterprise,LTE,Web Family,Irregular Payer
C02934,Residential,ADSL,Web Family,Predictable Late Payer
C02935,SME,LTE,Web Family,Regular Payer
C02936,Residential,ADSL,Web Family,Regular Payer
C02937,Residential,LTE,Web Family,High-Risk Non-Payer
C02938,Enterprise,Fiber,Web Family,High-Risk Non-Payer
C02939,Residential,ADSL,Biz Speed,Irregular Payer
C02940,Enterprise,Fiber,Web Family,Regular Payer
C02941,Enterprise,LTE,Web Family,Regular Payer
C02942,SME,Fiber,Web Family,Regular Payer
C02943,Enterprise,LTE,Biz Speed,Predictable Late Payer
C02944,Residential,Fiber,Web Family,Predictable Late Payer
C02945,Residential,ADSL,Web Booster,Regular Payer
C02946,Residential,Fiber,Web Family,Predictable Late Payer
C02947,Residential,LTE,Biz Speed,Regular Payer
C02948,Enterprise,LTE,Biz Speed,Irregular Payer
C02949,Residential,LTE,Web Family,High-Risk Non-Payer
C02950,Residential,Fiber,Web Booster,Regular Payer
C02951,Enterprise,LTE,Web Family,Regular Payer
C02952,Residential,Fiber,Biz Speed,Regular Payer
C02953,SME,ADSL,Web Booster,Predictable Late Payer
C02954,Enterprise,LTE,Web Family,Irregular Payer
C02955,Enterprise,LTE,Biz Speed,Irregular Payer
C02956,SME,Fiber,Web Booster,High-Risk Non-Payer
C02957,Enterprise,LTE,Web Booster,Irregular Payer
C02958,Enterprise,Fiber,Web Family,Irregular Payer
C02959,Residential,ADSL,Web Family,Regular Payer
C02960,SME,LTE,Biz Speed,Irregular Payer
C02961,SME,Fiber,Web Family,Predictable Late Payer
C02962,Enterprise,LTE,Web Family,Regular Payer
C02963,Residential,Fiber,Web Booster,Regular Payer
C02964,SME,LTE,Web Booster,Predictable Late Payer
C02965,SME,ADSL,Biz Speed,Regular Payer
C02966,Enterprise,Fiber,Web Booster,Predictable Late Payer
C02967,SME,ADSL,Biz Speed,Predictable Late Payer
C02968,Enterprise,Fiber,Web Booster,Regular Payer
C02969,Enterprise,LTE,Biz Speed,Predictable Late Payer
C02970,Enterprise,ADSL,Web Family,Irregular Payer
C02971,Residential,LTE,Web Family,Regular Payer
C02972,Residential,LTE,Biz Speed,Predictable Late Payer
C02973,Residential,Fiber,Web Family,High-Risk Non-Payer
C02974,SME,Fiber,Web Booster,Predictable Late Payer
C02975,Enterprise,LTE,Web Family,Regular Payer
C02976,Residential,Fiber,Biz Speed,Regular Payer
C02977,Enterprise,ADSL,Web Family,Regular Payer
C02978,Residential,ADSL,Web Booster,Regular Payer
C02979,Enterprise,Fiber,Biz Speed,Predictable Late Payer
C02980,SME,ADSL,Web Family,Regular Payer
C02981,SME,Fiber,Web Family,Regular Payer
C02982,Residential,ADSL,Web Booster,Regular Payer
C02983,Residential,LTE,Biz Speed,Regular Payer
C02984,Enterprise,ADSL,Web Booster,Predictable Late Payer
C02985,Enterprise,LTE,Web Booster,Irregular Payer
C02986,Enterprise,Fiber,Web Booster,Regular Payer
C02987,Residential,ADSL,Web Family,Predictable Late Payer
C02988,Residential,ADSL,Web Family,Regular Payer
C02989,SME,ADSL,Web Booster,Predictable Late Payer
C02990,SME,ADSL,Biz Speed,Regular Payer
C02991,Residential,LTE,Web Family,Regular Payer
C02992,Residential,ADSL,Web Booster,High-Risk Non-Payer
C02993,Residential,ADSL,Web Family,Predictable Late Payer
C02994,Residential,Fiber,Web Booster,Regular Payer
C02995,Enterprise,ADSL,Biz Speed,Irregular Payer
C02996,Enterprise,LTE,Web Booster,Regular Payer
C02997,Enterprise,LTE,Web Booster,Regular Payer
C02998,SME,ADSL,Web Booster,Regular Payer
C02999,Residential,Fiber,Web Family,Regular Payer
C03000,SME,Fiber,Web Family,Regular Payer
C03001,Enterprise,Fiber,Web Family,Regular Payer
C03002,Residential,LTE,Web Family,Predictable Late Payer
C03003,Enterprise,Fiber,Web Family,Regular Payer
C03004,Enterprise,ADSL,Web Family,Predictable Late Payer
C03005,SME,Fiber,Web Family,Regular Payer
C03006,SME,Fiber,Web Booster,Irregular Payer
C03007,SME,ADSL,Web Family,Regular Payer
C03008,SME,ADSL,Web Booster,High-Risk Non-Payer
C03009,Enterprise,ADSL,Web Family,Regular Payer
C03010,Enterprise,ADSL,Web Family,Predictable Late Payer
C03011,Residential,Fiber,Biz Speed,Irregular Payer
C03012,SME,ADSL,Web Family,Regular Payer
C03013,Residential,ADSL,Web Booster,Regular Payer
C03014,Enterprise,Fiber,Biz Speed,Regular Payer
C03015,Residential,ADSL,Biz Speed,Regular Payer
C03016,Enterprise,Fiber,Biz Speed,Predictable Late Payer
C03017,Enterprise,ADSL,Biz Speed,Predictable Late Payer
C03018,SME,LTE,Web Family,Regular Payer
C03019,SME,ADSL,Web Booster,Regular Payer
C03020,Enterprise,ADSL,Web Booster,Regular Payer
C03021,Enterprise,ADSL,Web Family,High-Risk Non-Payer
C03022,Enterprise,ADSL,Web Booster,Regular Payer
C03023,Residential,Fiber,Web Booster,Predictable Late Payer
C03024,Residential,LTE,Web Family,Predictable Late Payer
C03025,Residential,LTE,Web Family,Regular Payer
C03026,Enterprise,LTE,Web Booster,Regular Payer
C03027,Residential,ADSL,Web Booster,Regular Payer
C03028,SME,LTE,Web Booster,Predictable Late Payer
C03029,Residential,Fiber,Biz Speed,Predictable Late Payer
C03030,SME,LTE,Web Booster,Predictable Late Payer
C03031,Enterprise,ADSL,Web Family,Predictable Late Payer
C03032,Enterprise,ADSL,Web Booster,Regular Payer
C03033,Enterprise,LTE,Biz Speed,Predictable Late Payer
C03034,Enterprise,Fiber,Biz Speed,High-Risk Non-Payer
C03035,Residential,ADSL,Web Family,Predictable Late Payer
C03036,Enterprise,Fiber,Web Family,Irregular Payer
C03037,SME,LTE,Web Family,Predictable Late Payer
C03038,Residential,Fiber,Web Booster,Irregular Payer
C03039,Enterprise,Fiber,Web Booster,Predictable Late Payer
C03040,Enterprise,ADSL,Web Booster,Regular Payer
C03041,Residential,ADSL,Web Family,High-Risk Non-Payer
C03042,SME,LTE,Web Family,Predictable Late Payer
C03043,Residential,LTE,Web Booster,High-Risk Non-Payer
C03044,SME,Fiber,Biz Speed,Irregular Payer
C03045,Residential,LTE,Web Booster,Regular Payer
C03046,Residential,LTE,Web Family,Predictable Late Payer
C03047,SME,ADSL,Web Family,High-Risk Non-Payer
C03048,SME,Fiber,Web Booster,Irregular Payer
C03049,SME,Fiber,Web Family,Regular Payer
C03050,Residential,ADSL,Web Booster,Regular Payer
C03051,Enterprise,Fiber,Web Family,Regular Payer
C03052,SME,LTE,Web Family,Regular Payer
C03053,Enterprise,LTE,Web Booster,Predictable Late Payer
C03054,Enterprise,LTE,Web Family,Irregular Payer
C03055,Residential,LTE,Web Booster,High-Risk Non-Payer
C03056,SME,Fiber,Web Family,Regular Payer
C03057,SME,LTE,Web Booster,Predictable Late Payer
C03058,Residential,ADSL,Web Booster,Regular Payer
C03059,Enterprise,ADSL,Web Booster,Irregular Payer
C03060,Enterprise,ADSL,Web Family,Regular Payer
C03061,Enterprise,ADSL,Biz Speed,Regular Payer
C03062,Enterprise,ADSL,Biz Speed,Irregular Payer
C03063,Enterprise,LTE,Web Family,Regular Payer
C03064,SME,Fiber,Web Booster,Irregular Payer
C03065,Residential,ADSL,Web Booster,Regular Payer
C03066,Enterprise,Fiber,Web Booster,High-Risk Non-Payer
C03067,Residential,ADSL,Web Booster,Predictable Late Payer
C03068,Enterprise,Fiber,Web Family,Regular Payer
C03069,Residential,LTE,Biz Speed,Predictable Late Payer
C03070,Residential,ADSL,Web Booster,Regular Payer
C03071,Residential,Fiber,Biz Speed,Predictable Late Payer
C03072,Residential,LTE,Web Booster,Regular Payer
C03073,SME,ADSL,Web Family,Predictable Late Payer
C03074,Enterprise,LTE,Web Booster,Predictable Late Payer
C03075,SME,ADSL,Web Booster,Predictable Late Payer
C03076,SME,Fiber,Web Family,Predictable Late Payer
C03077,SME,Fiber,Biz Speed,Predictable Late Payer
C03078,Enterprise,LTE,Web Booster,Regular Payer
C03079,Enterprise,ADSL,Biz Speed,Predictable Late Payer
C03080,SME,ADSL,Biz Speed,High-Risk Non-Payer
C03081,Residential,Fiber,Web Family,Regular Payer
C03082,Residential,ADSL,Web Booster,Regular Payer
C03083,Enterprise,ADSL,Biz Speed,Regular Payer
C03084,SME,ADSL,Biz Speed,Irregular Payer
C03085,Enterprise,LTE,Web Booster,Regular Payer
C03086,SME,ADSL,Web Booster,Regular Payer
C03087,SME,Fiber,Web Booster,High-Risk Non-Payer
C03088,SME,LTE,Biz Speed,Irregular Payer
C03089,Enterprise,LTE,Web Family,High-Risk Non-Payer
C03090,Residential,ADSL,Web Booster,Regular Payer
C03091,Enterprise,LTE,Web Booster,Irregular Payer
C03092,SME,ADSL,Web Family,Regular Payer
C03093,SME,Fiber,Web Family,Regular Payer
C03094,SME,ADSL,Biz Speed,Predictable Late Payer
C03095,SME,Fiber,Biz Speed,High-Risk Non-Payer
C03096,Residential,ADSL,Web Booster,Regular Payer
C03097,Enterprise,LTE,Web Family,Irregular Payer
C03098,Enterprise,LTE,Web Family,High-Risk Non-Payer
C03099,SME,ADSL,Web Family,Predictable Late Payer
C03100,SME,ADSL,Web Family,Predictable Late Payer
C03101,Residential,ADSL,Web Family,Predictable Late Payer
C03102,Enterprise,ADSL,Web Booster,Irregular Payer
C03103,Enterprise,LTE,Biz Speed,Regular Payer
C03104,SME,Fiber,Web Family,Regular Payer
C03105,SME,Fiber,Biz Speed,Irregular Payer
C03106,Residential,Fiber,Biz Speed,Irregular Payer
C03107,Residential,ADSL,Web Booster,Regular Payer
C03108,Enterprise,Fiber,Web Booster,Predictable Late Payer
C03109,SME,Fiber,Web Family,Predictable Late Payer
C03110,Residential,LTE,Web Family,Predictable Late Payer
C03111,Residential,ADSL,Web Booster,Irregular Payer
C03112,Enterprise,Fiber,Web Booster,Regular Payer
C03113,Residential,ADSL,Web Family,Predictable Late Payer
C03114,Enterprise,Fiber,Web Family,Predictable Late Payer
C03115,Enterprise,Fiber,Web Family,Regular Payer
C03116,SME,Fiber,Web Family,Regular Payer
C03117,SME,Fiber,Web Booster,Regular Payer
C03118,Residential,LTE,Web Family,Predictable Late Payer
C03119,Enterprise,Fiber,Web Family,Predictable Late Payer
C03120,SME,LTE,Biz Speed,High-Risk Non-Payer
C03121,Residential,Fiber,Web Booster,Regular Payer
C03122,Residential,ADSL,Biz Speed,Predictable Late Payer
C03123,Residential,Fiber,Web Booster,High-Risk Non-Payer
C03124,SME,ADSL,Biz Speed,Predictable Late Payer
C03125,Residential,ADSL,Biz Speed,Regular Payer
C03126,Residential,Fiber,Biz Speed,Regular Payer
C03127,Residential,ADSL,Biz Speed,Irregular Payer
C03128,Residential,LTE,Web Family,Irregular Payer
C03129,Residential,LTE,Web Family,Regular Payer
C03130,Enterprise,ADSL,Web Family,Regular Payer
C03131,SME,Fiber,Web Family,Regular Payer
C03132,Enterprise,ADSL,Web Booster,Predictable Late Payer
C03133,SME,LTE,Biz Speed,High-Risk Non-Payer
C03134,Residential,LTE,Web Family,Regular Payer
C03135,Enterprise,LTE,Web Booster,Regular Payer
C03136,Enterprise,LTE,Web Family,Irregular Payer
C03137,Enterprise,LTE,Web Booster,Irregular Payer
C03138,SME,ADSL,Biz Speed,Regular Payer
C03139,SME,ADSL,Web Family,Predictable Late Payer
C03140,SME,Fiber,Biz Speed,Regular Payer
C03141,Enterprise,Fiber,Web Booster,Regular Payer
C03142,Residential,ADSL,Web Booster,Predictable Late Payer
C03143,SME,ADSL,Biz Speed,High-Risk Non-Payer
C03144,Enterprise,LTE,Web Booster,Regular Payer
C03145,Residential,LTE,Web Booster,Irregular Payer
C03146,SME,Fiber,Web Family,Regular Payer
C03147,SME,LTE,Web Family,Irregular Payer
C03148,Residential,Fiber,Web Booster,Predictable Late Payer
C03149,Enterprise,LTE,Web Family,Predictable Late Payer
C03150,SME,Fiber,Biz Speed,Regular Payer
C03151,SME,ADSL,Web Family,Predictable Late Payer
C03152,Residential,ADSL,Web Booster,Irregular Payer
C03153,Enterprise,Fiber,Biz Speed,Irregular Payer
C03154,SME,ADSL,Web Booster,Regular Payer
C03155,SME,Fiber,Web Family,Regular Payer
C03156,SME,LTE,Web Family,High-Risk Non-Payer
C03157,SME,Fiber,Web Family,Predictable Late Payer
C03158,Enterprise,LTE,Biz Speed,Regular Payer
C03159,Enterprise,Fiber,Web Booster,Regular Payer
C03160,Enterprise,Fiber,Web Booster,Regular Payer
C03161,SME,Fiber,Biz Speed,High-Risk Non-Payer
C03162,Residential,LTE,Biz Speed,Regular Payer
C03163,SME,Fiber,Web Booster,Irregular Payer
C03164,SME,LTE,Web Booster,Predictable Late Payer
C03165,Enterprise,LTE,Web Booster,Predictable Late Payer
C03166,SME,LTE,Biz Speed,High-Risk Non-Payer
C03167,SME,ADSL,Web Family,Irregular Payer
C03168,Enterprise,Fiber,Web Family,Regular Payer
C03169,Residential,Fiber,Web Family,High-Risk Non-Payer
C03170,Enterprise,ADSL,Web Booster,Regular Payer
C03171,Residential,Fiber,Biz Speed,High-Risk Non-Payer
C03172,SME,ADSL,Web Family,High-Risk Non-Payer
C03173,Residential,LTE,Web Family,Regular Payer
C03174,SME,Fiber,Web Booster,Regular Payer
C03175,Enterprise,LTE,Web Booster,Predictable Late Payer
C03176,Residential,ADSL,Web Booster,Regular Payer
C03177,SME,Fiber,Biz Speed,Irregular Payer
C03178,SME,ADSL,Web Booster,Predictable Late Payer
C03179,Enterprise,ADSL,Web Family,Predictable Late Payer
C03180,Enterprise,LTE,Web Booster,Regular Payer
C03181,Enterprise,LTE,Web Family,Regular Payer
C03182,SME,ADSL,Web Family,Regular Payer
C03183,Residential,ADSL,Biz Speed,Irregular Payer
C03184,Residential,ADSL,Web Family,Regular Payer
C03185,SME,Fiber,Web Family,Regular Payer
C03186,Residential,LTE,Web Booster,Regular Payer
C03187,Residential,LTE,Web Family,Irregular Payer
C03188,Enterprise,ADSL,Web Booster,Irregular Payer
C03189,SME,ADSL,Web Booster,Predictable Late Payer
C03190,Enterprise,Fiber,Web Family,Regular Payer
C03191,SME,LTE,Web Booster,Irregular Payer
C03192,Enterprise,Fiber,Web Booster,Regular Payer
C03193,SME,LTE,Web Family,Predictable Late Payer
C03194,Enterprise,ADSL,Web Family,Regular Payer
C03195,Residential,ADSL,Web Family,Regular Payer
C03196,SME,Fiber,Web Booster,Regular Payer
C03197,Enterprise,ADSL,Web Booster,Regular Payer
C03198,Residential,ADSL,Web Family,Regular Payer
C03199,Residential,Fiber,Web Booster,Predictable Late Payer
C03200,Enterprise,LTE,Web Family,Predictable Late Payer
C03201,SME,Fiber,Web Family,Predictable Late Payer
C03202,Enterprise,LTE,Web Family,Regular Payer
C03203,SME,Fiber,Biz Speed,Regular Payer
C03204,Enterprise,LTE,Biz Speed,Predictable Late Payer
C03205,Enterprise,Fiber,Biz Speed,Regular Payer
C03206,Residential,Fiber,Web Family,Regular Payer
C03207,Residential,ADSL,Web Booster,Regular Payer
C03208,Enterprise,Fiber,Web Booster,Regular Payer
C03209,Enterprise,ADSL,Biz Speed,Predictable Late Payer
C03210,SME,Fiber,Web Family,Irregular Payer
C03211,Enterprise,LTE,Web Booster,Regular Payer
C03212,Residential,LTE,Biz Speed,Regular Payer
C03213,Enterprise,LTE,Biz Speed,Regular Payer
C03214,Residential,ADSL,Biz Speed,Predictable Late Payer
C03215,Enterprise,LTE,Biz Speed,Regular Payer
C03216,SME,ADSL,Web Family,Regular Payer
C03217,SME,LTE,Web Family,High-Risk Non-Payer
C03218,Enterprise,LTE,Web Booster,Regular Payer
C03219,Residential,LTE,Web Family,Regular Payer
C03220,Residential,ADSL,Web Booster,High-Risk Non-Payer
C03221,Enterprise,Fiber,Web Booster,Irregular Payer
C03222,SME,Fiber,Web Family,Irregular Payer
C03223,Enterprise,ADSL,Web Booster,Irregular Payer
C03224,Enterprise,ADSL,Web Family,Irregular Payer
C03225,Residential,Fiber,Web Booster,Irregular Payer
C03226,SME,LTE,Web Booster,Irregular Payer
C03227,Enterprise,LTE,Biz Speed,Predictable Late Payer
C03228,SME,LTE,Web Family,Irregular Payer
C03229,SME,ADSL,Web Booster,Irregular Payer
C03230,Enterprise,ADSL,Web Booster,Regular Payer
C03231,Enterprise,ADSL,Biz Speed,Predictable Late Payer
C03232,Residential,LTE,Web Family,Predictable Late Payer
C03233,Residential,LTE,Web Booster,Regular Payer
C03234,Enterprise,ADSL,Biz Speed,High-Risk Non-Payer
C03235,SME,Fiber,Biz Speed,Regular Payer
C03236,SME,ADSL,Web Family,High-Risk Non-Payer
C03237,Enterprise,ADSL,Biz Speed,Irregular Payer
C03238,SME,ADSL,Web Family,Regular Payer
C03239,Enterprise,LTE,Web Booster,Regular Payer
C03240,SME,LTE,Web Booster,Regular Payer
C03241,Enterprise,ADSL,Biz Speed,Regular Payer
C03242,Enterprise,Fiber,Web Booster,Irregular Payer
C03243,Enterprise,LTE,Web Booster,Regular Payer
C03244,Residential,LTE,Biz Speed,Regular Payer
C03245,Enterprise,Fiber,Biz Speed,High-Risk Non-Payer
C03246,Enterprise,ADSL,Biz Speed,Regular Payer
C03247,SME,LTE,Web Family,Irregular Payer
C03248,Residential,LTE,Web Family,Regular Payer
C03249,Enterprise,Fiber,Web Family,Predictable Late Payer
C03250,Residential,LTE,Web Booster,Predictable Late Payer
C03251,Residential,Fiber,Web Booster,Regular Payer
C03252,SME,ADSL,Biz Speed,High-Risk Non-Payer
C03253,Enterprise,Fiber,Web Family,Irregular Payer
C03254,Residential,ADSL,Web Family,Predictable Late Payer
C03255,Residential,LTE,Web Family,Regular Payer
C03256,SME,Fiber,Biz Speed,Predictable Late Payer
C03257,SME,LTE,Web Family,Irregular Payer
C03258,SME,ADSL,Web Booster,Regular Payer
C03259,SME,ADSL,Web Booster,Irregular Payer
C03260,Residential,ADSL,Web Family,Regular Payer
C03261,SME,ADSL,Web Family,Regular Payer
C03262,Residential,LTE,Biz Speed,High-Risk Non-Payer
C03263,SME,ADSL,Web Family,Regular Payer
C03264,SME,Fiber,Web Family,Predictable Late Payer
C03265,Enterprise,LTE,Biz Speed,High-Risk Non-Payer
C03266,Enterprise,LTE,Web Booster,Regular Payer
C03267,SME,LTE,Web Booster,Predictable Late Payer
C03268,Enterprise,Fiber,Web Booster,Regular Payer
C03269,Residential,ADSL,Web Booster,Irregular Payer
C03270,Enterprise,ADSL,Web Booster,Regular Payer
C03271,Enterprise,ADSL,Web Booster,Regular Payer
C03272,SME,Fiber,Web Booster,Predictable Late Payer
C03273,SME,ADSL,Web Booster,Irregular Payer
C03274,Residential,Fiber,Web Booster,Irregular Payer
C03275,Enterprise,Fiber,Web Booster,Predictable Late Payer
C03276,SME,ADSL,Web Booster,Predictable Late Payer
C03277,Residential,Fiber,Biz Speed,Predictable Late Payer
C03278,Enterprise,ADSL,Biz Speed,Regular Payer
C03279,Residential,ADSL,Web Family,Predictable Late Payer
C03280,SME,Fiber,Web Family,Irregular Payer
C03281,Enterprise,Fiber,Web Booster,Predictable Late Payer
C03282,Enterprise,Fiber,Web Booster,Predictable Late Payer
C03283,Residential,Fiber,Web Family,Regular Payer
C03284,Enterprise,Fiber,Biz Speed,Regular Payer
C03285,Residential,Fiber,Web Booster,Regular Payer
C03286,Enterprise,LTE,Web Booster,Regular Payer
C03287,Residential,LTE,Web Booster,Predictable Late Payer
C03288,Residential,Fiber,Biz Speed,Regular Payer
C03289,Enterprise,ADSL,Web Booster,Irregular Payer
C03290,Enterprise,Fiber,Web Booster,Regular Payer
C03291,Residential,Fiber,Web Family,Irregular Payer
C03292,Enterprise,Fiber,Web Family,Predictable Late Payer
C03293,Enterprise,ADSL,Web Family,Predictable Late Payer
C03294,SME,LTE,Biz Speed,Regular Payer
C03295,Enterprise,LTE,Web Booster,Predictable Late Payer
C03296,SME,LTE,Biz Speed,Irregular Payer
C03297,SME,LTE,Web Booster,Regular Payer
C03298,SME,LTE,Web Family,Predictable Late Payer
C03299,Residential,ADSL,Web Booster,Regular Payer
C03300,Enterprise,ADSL,Biz Speed,Predictable Late Payer
C03301,SME,Fiber,Web Booster,Irregular Payer
C03302,SME,LTE,Web Family,High-Risk Non-Payer
C03303,SME,ADSL,Biz Speed,Regular Payer
C03304,Enterprise,ADSL,Web Booster,Predictable Late Payer
C03305,Residential,ADSL,Web Family,Regular Payer
C03306,Enterprise,ADSL,Web Booster,Predictable Late Payer
C03307,Residential,LTE,Biz Speed,Regular Payer
C03308,SME,Fiber,Biz Speed,Predictable Late Payer
C03309,SME,ADSL,Biz Speed,Regular Payer
C03310,Enterprise,ADSL,Biz Speed,Predictable Late Payer
C03311,Residential,ADSL,Web Booster,Predictable Late Payer
C03312,Enterprise,LTE,Biz Speed,Predictable Late Payer
C03313,SME,Fiber,Web Family,Regular Payer
C03314,Enterprise,Fiber,Web Family,Regular Payer
C03315,Residential,LTE,Biz Speed,Predictable Late Payer
C03316,Residential,ADSL,Web Family,Regular Payer
C03317,Residential,ADSL,Web Booster,Irregular Payer
C03318,SME,Fiber,Web Family,Predictable Late Payer
C03319,Residential,Fiber,Biz Speed,Regular Payer
C03320,SME,ADSL,Biz Speed,Irregular Payer
C03321,Residential,LTE,Web Family,Predictable Late Payer
C03322,SME,Fiber,Biz Speed,Predictable Late Payer
C03323,Residential,Fiber,Web Booster,Predictable Late Payer
C03324,Enterprise,LTE,Web Family,Regular Payer
C03325,Residential,LTE,Biz Speed,Irregular Payer
C03326,Residential,Fiber,Biz Speed,Regular Payer
C03327,Enterprise,Fiber,Web Family,Regular Payer
C03328,Residential,Fiber,Web Booster,Irregular Payer
C03329,Enterprise,ADSL,Web Family,Regular Payer
C03330,Enterprise,ADSL,Biz Speed,Predictable Late Payer
C03331,SME,Fiber,Web Family,Predictable Late Payer
C03332,SME,ADSL,Web Booster,Regular Payer
C03333,Enterprise,Fiber,Web Family,Predictable Late Payer
C03334,Enterprise,LTE,Web Family,Predictable Late Payer
C03335,Residential,ADSL,Web Booster,Regular Payer
C03336,SME,Fiber,Web Family,Predictable Late Payer
C03337,SME,Fiber,Web Family,Irregular Payer
C03338,SME,LTE,Web Booster,Irregular Payer
C03339,Residential,Fiber,Web Booster,Regular Payer
C03340,Enterprise,Fiber,Biz Speed,High-Risk Non-Payer
C03341,Enterprise,LTE,Web Booster,Predictable Late Payer
C03342,Enterprise,ADSL,Web Family,Predictable Late Payer
C03343,SME,ADSL,Web Family,Regular Payer
C03344,SME,LTE,Web Family,Regular Payer
C03345,Residential,Fiber,Web Family,Predictable Late Payer
C03346,Enterprise,LTE,Biz Speed,High-Risk Non-Payer
C03347,Residential,Fiber,Web Booster,Regular Payer
C03348,Enterprise,ADSL,Biz Speed,Irregular Payer
C03349,Residential,LTE,Web Family,High-Risk Non-Payer
C03350,Enterprise,ADSL,Biz Speed,High-Risk Non-Payer
C03351,Enterprise,LTE,Web Family,Regular Payer
C03352,Residential,Fiber,Web Family,Predictable Late Payer
C03353,Residential,ADSL,Web Booster,Predictable Late Payer
C03354,SME,Fiber,Web Family,High-Risk Non-Payer
C03355,Residential,Fiber,Biz Speed,Predictable Late Payer
C03356,SME,ADSL,Biz Speed,Irregular Payer
C03357,Enterprise,LTE,Web Family,Regular Payer
C03358,SME,ADSL,Web Family,Predictable Late Payer
C03359,SME,ADSL,Web Family,Regular Payer
C03360,Residential,ADSL,Web Booster,Regular Payer
C03361,SME,LTE,Web Family,Regular Payer
C03362,Residential,ADSL,Web Family,Regular Payer
C03363,Enterprise,ADSL,Biz Speed,Regular Payer
C03364,Residential,ADSL,Web Family,Irregular Payer
C03365,Residential,Fiber,Web Family,Predictable Late Payer
C03366,SME,Fiber,Web Booster,Regular Payer
C03367,Enterprise,Fiber,Web Booster,Regular Payer
C03368,SME,LTE,Biz Speed,Regular Payer
C03369,Residential,Fiber,Web Booster,High-Risk Non-Payer
C03370,Residential,LTE,Biz Speed,Irregular Payer
C03371,SME,Fiber,Web Booster,Irregular Payer
C03372,SME,ADSL,Web Booster,Irregular Payer
C03373,Residential,ADSL,Web Booster,Regular Payer
C03374,Enterprise,ADSL,Web Family,Regular Payer
C03375,SME,ADSL,Biz Speed,Predictable Late Payer
C03376,Residential,Fiber,Web Family,Irregular Payer
C03377,Enterprise,Fiber,Web Booster,Irregular Payer
C03378,Residential,Fiber,Web Booster,Irregular Payer
C03379,Residential,Fiber,Web Family,Predictable Late Payer
C03380,Enterprise,LTE,Web Family,Regular Payer
C03381,Residential,LTE,Web Booster,Predictable Late Payer
C03382,SME,Fiber,Web Family,Regular Payer
C03383,Enterprise,LTE,Web Booster,Regular Payer
C03384,SME,LTE,Web Booster,Regular Payer
C03385,Residential,LTE,Web Family,Predictable Late Payer
C03386,Enterprise,Fiber,Biz Speed,Regular Payer
C03387,Enterprise,LTE,Web Family,High-Risk Non-Payer
C03388,SME,LTE,Biz Speed,Regular Payer
C03389,Residential,LTE,Biz Speed,Irregular Payer
C03390,SME,LTE,Biz Speed,High-Risk Non-Payer
C03391,Residential,Fiber,Biz Speed,Regular Payer
C03392,Enterprise,ADSL,Web Booster,Irregular Payer
C03393,Enterprise,LTE,Web Booster,Predictable Late Payer
C03394,Enterprise,ADSL,Web Booster,Regular Payer
C03395,SME,LTE,Biz Speed,High-Risk Non-Payer
C03396,Residential,Fiber,Web Family,Regular Payer
C03397,Enterprise,LTE,Web Family,High-Risk Non-Payer
C03398,Enterprise,LTE,Web Booster,Predictable Late Payer
C03399,Residential,ADSL,Web Booster,Regular Payer
C03400,Enterprise,LTE,Biz Speed,Irregular Payer
C03401,Enterprise,Fiber,Web Family,Regular Payer
C03402,Enterprise,LTE,Web Booster,Irregular Payer
C03403,SME,LTE,Web Family,Predictable Late Payer
C03404,SME,Fiber,Web Booster,Predictable Late Payer
C03405,Enterprise,Fiber,Web Booster,Regular Payer
C03406,Residential,LTE,Biz Speed,Predictable Late Payer
C03407,Residential,LTE,Web Family,Regular Payer
C03408,SME,LTE,Web Booster,Regular Payer
C03409,Enterprise,Fiber,Web Family,Irregular Payer
C03410,Enterprise,Fiber,Web Family,Regular Payer
C03411,Residential,Fiber,Biz Speed,Predictable Late Payer
C03412,SME,ADSL,Web Booster,Regular Payer
C03413,Enterprise,Fiber,Web Family,High-Risk Non-Payer
C03414,SME,LTE,Web Family,Predictable Late Payer
C03415,SME,ADSL,Biz Speed,Regular Payer
C03416,Residential,LTE,Web Family,Regular Payer
C03417,SME,Fiber,Biz Speed,Regular Payer
C03418,Residential,LTE,Biz Speed,Regular Payer
C03419,Enterprise,LTE,Web Family,Predictable Late Payer
C03420,SME,Fiber,Web Family,Regular Payer
C03421,SME,LTE,Web Booster,Irregular Payer
C03422,SME,LTE,Web Booster,Predictable Late Payer
C03423,Residential,LTE,Web Family,Regular Payer
C03424,Residential,ADSL,Web Family,Regular Payer
C03425,Residential,LTE,Biz Speed,Irregular Payer
C03426,Enterprise,ADSL,Biz Speed,Irregular Payer
C03427,Residential,LTE,Biz Speed,Regular Payer
C03428,Enterprise,Fiber,Web Booster,Irregular Payer
C03429,Enterprise,Fiber,Web Family,High-Risk Non-Payer
C03430,Residential,ADSL,Biz Speed,High-Risk Non-Payer
C03431,Enterprise,ADSL,Biz Speed,Predictable Late Payer
C03432,Enterprise,Fiber,Biz Speed,Irregular Payer
C03433,Enterprise,LTE,Biz Speed,Predictable Late Payer
C03434,SME,LTE,Web Booster,Regular Payer
C03435,Enterprise,LTE,Web Family,Regular Payer
C03436,SME,Fiber,Web Booster,Regular Payer
C03437,Residential,ADSL,Web Family,Predictable Late Payer
C03438,SME,LTE,Web Family,Regular Payer
C03439,Enterprise,Fiber,Web Booster,Predictable Late Payer
C03440,Enterprise,Fiber,Web Booster,Irregular Payer
C03441,Residential,ADSL,Web Family,High-Risk Non-Payer
C03442,Residential,LTE,Biz Speed,Predictable Late Payer
C03443,Residential,ADSL,Web Booster,Irregular Payer
C03444,SME,LTE,Web Family,Regular Payer
C03445,SME,ADSL,Web Family,Predictable Late Payer
C03446,Enterprise,Fiber,Web Family,Irregular Payer
C03447,Residential,Fiber,Web Family,Predictable Late Payer
C03448,Enterprise,ADSL,Web Booster,Irregular Payer
C03449,Residential,Fiber,Web Booster,Regular Payer
C03450,Residential,Fiber,Web Family,Predictable Late Payer
C03451,Enterprise,LTE,Web Booster,Regular Payer
C03452,SME,ADSL,Biz Speed,Regular Payer
C03453,SME,Fiber,Web Booster,Irregular Payer
C03454,SME,ADSL,Biz Speed,Predictable Late Payer
C03455,Enterprise,Fiber,Web Family,Irregular Payer
C03456,SME,LTE,Web Booster,Predictable Late Payer
C03457,Enterprise,LTE,Web Booster,Irregular Payer
C03458,Enterprise,Fiber,Biz Speed,Regular Payer
C03459,Enterprise,ADSL,Web Family,Regular Payer
C03460,Residential,ADSL,Biz Speed,Regular Payer
C03461,Enterprise,LTE,Web Booster,Regular Payer
C03462,Residential,ADSL,Biz Speed,Predictable Late Payer
C03463,Residential,Fiber,Web Booster,Predictable Late Payer
C03464,Residential,ADSL,Biz Speed,Irregular Payer
C03465,Enterprise,ADSL,Web Booster,Regular Payer
C03466,SME,LTE,Web Family,High-Risk Non-Payer
C03467,Residential,ADSL,Biz Speed,Regular Payer
C03468,Enterprise,LTE,Biz Speed,Irregular Payer
C03469,SME,Fiber,Web Booster,Regular Payer
C03470,Residential,LTE,Web Booster,Predictable Late Payer
C03471,Residential,Fiber,Web Booster,High-Risk Non-Payer
C03472,SME,ADSL,Web Family,High-Risk Non-Payer
C03473,Enterprise,LTE,Web Family,Regular Payer
C03474,Enterprise,ADSL,Web Family,Regular Payer
C03475,Residential,ADSL,Biz Speed,Irregular Payer
C03476,Residential,LTE,Web Family,Regular Payer
C03477,SME,ADSL,Web Booster,Irregular Payer
C03478,Enterprise,Fiber,Web Booster,Regular Payer
C03479,Residential,ADSL,Biz Speed,High-Risk Non-Payer
C03480,Residential,LTE,Web Booster,Predictable Late Payer
C03481,Residential,Fiber,Web Booster,Irregular Payer
C03482,Residential,LTE,Web Family,Irregular Payer
C03483,Residential,ADSL,Web Family,Regular Payer
C03484,Enterprise,LTE,Web Booster,Predictable Late Payer
C03485,Enterprise,ADSL,Biz Speed,Irregular Payer
C03486,Enterprise,ADSL,Web Booster,Irregular Payer
C03487,Residential,LTE,Web Family,High-Risk Non-Payer
C03488,Enterprise,LTE,Web Family,Irregular Payer
C03489,Enterprise,ADSL,Web Family,High-Risk Non-Payer
C03490,Enterprise,Fiber,Web Family,Regular Payer
C03491,SME,Fiber,Biz Speed,Regular Payer
C03492,SME,Fiber,Web Booster,Irregular Payer
C03493,Enterprise,LTE,Web Booster,Regular Payer
C03494,Enterprise,Fiber,Biz Speed,Irregular Payer
C03495,Enterprise,Fiber,Web Family,Predictable Late Payer
C03496,SME,ADSL,Biz Speed,Regular Payer
C03497,Residential,Fiber,Web Booster,Predictable Late Payer
C03498,Enterprise,LTE,Biz Speed,Predictable Late Payer
C03499,Enterprise,LTE,Web Booster,Predictable Late Payer
C03500,Residential,LTE,Web Family,Irregular Payer
C03501,Enterprise,LTE,Web Booster,Irregular Payer
C03502,SME,ADSL,Web Booster,Predictable Late Payer
C03503,SME,Fiber,Web Family,Regular Payer
C03504,SME,LTE,Web Booster,Regular Payer
C03505,Enterprise,LTE,Web Family,Regular Payer
C03506,SME,ADSL,Web Family,Regular Payer
C03507,SME,ADSL,Web Family,Irregular Payer
C03508,SME,LTE,Biz Speed,Predictable Late Payer
C03509,Residential,Fiber,Web Booster,Regular Payer
C03510,Residential,LTE,Web Family,Predictable Late Payer
C03511,SME,LTE,Biz Speed,Regular Payer
C03512,SME,LTE,Web Booster,Regular Payer
C03513,Residential,LTE,Web Booster,Irregular Payer
C03514,SME,ADSL,Web Family,Regular Payer
C03515,SME,Fiber,Biz Speed,Irregular Payer
C03516,Enterprise,Fiber,Biz Speed,Regular Payer
C03517,Enterprise,ADSL,Web Booster,Regular Payer
C03518,Enterprise,Fiber,Biz Speed,Regular Payer
C03519,SME,Fiber,Biz Speed,Regular Payer
C03520,SME,ADSL,Web Family,Predictable Late Payer
C03521,Enterprise,Fiber,Web Booster,Predictable Late Payer
C03522,Residential,ADSL,Web Booster,Irregular Payer
C03523,Residential,LTE,Web Family,High-Risk Non-Payer
C03524,SME,LTE,Web Family,Predictable Late Payer
C03525,Residential,Fiber,Web Family,Irregular Payer
C03526,Enterprise,Fiber,Biz Speed,Regular Payer
C03527,SME,Fiber,Web Family,Regular Payer
C03528,Residential,Fiber,Biz Speed,Irregular Payer
C03529,Residential,Fiber,Web Booster,Irregular Payer
C03530,SME,ADSL,Web Booster,Regular Payer
C03531,Enterprise,LTE,Web Family,Regular Payer
C03532,Enterprise,ADSL,Biz Speed,Irregular Payer
C03533,SME,Fiber,Web Family,Irregular Payer
C03534,Enterprise,ADSL,Web Family,Regular Payer
C03535,Enterprise,LTE,Web Family,Irregular Payer
C03536,SME,LTE,Web Booster,Predictable Late Payer
C03537,Residential,LTE,Web Booster,Predictable Late Payer
C03538,Residential,LTE,Biz Speed,Predictable Late Payer
C03539,SME,LTE,Web Booster,Regular Payer
C03540,SME,ADSL,Web Booster,Predictable Late Payer
C03541,Enterprise,ADSL,Biz Speed,Regular Payer
C03542,Residential,LTE,Biz Speed,Regular Payer
C03543,SME,ADSL,Biz Speed,Regular Payer
C03544,Residential,ADSL,Web Family,Regular Payer
C03545,Residential,LTE,Web Booster,Predictable Late Payer
C03546,Residential,ADSL,Web Booster,Regular Payer
C03547,Enterprise,Fiber,Web Family,Predictable Late Payer
C03548,Residential,LTE,Biz Speed,Regular Payer
C03549,Residential,LTE,Biz Speed,Irregular Payer
C03550,Enterprise,ADSL,Biz Speed,Irregular Payer
C03551,Residential,LTE,Web Booster,Predictable Late Payer
C03552,Enterprise,LTE,Web Family,Regular Payer
C03553,Enterprise,ADSL,Biz Speed,Predictable Late Payer
C03554,Residential,LTE,Biz Speed,Regular Payer
C03555,Enterprise,LTE,Biz Speed,Predictable Late Payer
C03556,Enterprise,Fiber,Web Booster,Predictable Late Payer
C03557,SME,ADSL,Biz Speed,Irregular Payer
C03558,Enterprise,Fiber,Web Family,Predictable Late Payer
C03559,Residential,LTE,Web Family,Irregular Payer
C03560,Residential,ADSL,Biz Speed,Regular Payer
C03561,Residential,LTE,Web Family,Regular Payer
C03562,SME,LTE,Web Family,Predictable Late Payer
C03563,Enterprise,LTE,Web Family,Irregular Payer
C03564,Enterprise,LTE,Web Booster,Regular Payer
C03565,Residential,LTE,Web Booster,Irregular Payer
C03566,Enterprise,LTE,Biz Speed,Regular Payer
C03567,SME,ADSL,Biz Speed,Regular Payer
C03568,SME,ADSL,Biz Speed,Regular Payer
C03569,Enterprise,ADSL,Web Booster,Predictable Late Payer
C03570,SME,LTE,Web Booster,Regular Payer
C03571,SME,ADSL,Biz Speed,High-Risk Non-Payer
C03572,Residential,Fiber,Biz Speed,Irregular Payer
C03573,SME,Fiber,Web Booster,Predictable Late Payer
C03574,Residential,LTE,Web Family,High-Risk Non-Payer
C03575,Residential,LTE,Biz Speed,Regular Payer
C03576,Enterprise,Fiber,Biz Speed,Predictable Late Payer
C03577,Residential,Fiber,Biz Speed,Predictable Late Payer
C03578,Residential,Fiber,Web Booster,Predictable Late Payer
C03579,Residential,LTE,Biz Speed,Regular Payer
C03580,Residential,LTE,Web Booster,Irregular Payer
C03581,SME,ADSL,Biz Speed,Regular Payer
C03582,Enterprise,LTE,Web Booster,Predictable Late Payer
C03583,Enterprise,ADSL,Web Family,Regular Payer
C03584,Residential,Fiber,Biz Speed,Regular Payer
C03585,Residential,LTE,Biz Speed,Regular Payer
C03586,Enterprise,ADSL,Biz Speed,Irregular Payer
C03587,SME,ADSL,Biz Speed,Predictable Late Payer
C03588,Enterprise,ADSL,Biz Speed,High-Risk Non-Payer
C03589,Residential,Fiber,Web Family,Irregular Payer
C03590,Residential,Fiber,Biz Speed,Regular Payer
C03591,Residential,LTE,Web Family,Regular Payer
C03592,Residential,Fiber,Biz Speed,Irregular Payer
C03593,SME,ADSL,Web Booster,Regular Payer
C03594,Enterprise,Fiber,Web Family,Predictable Late Payer
C03595,SME,LTE,Biz Speed,Predictable Late Payer
C03596,SME,ADSL,Web Booster,Predictable Late Payer
C03597,Enterprise,Fiber,Web Family,High-Risk Non-Payer
C03598,SME,ADSL,Web Family,Irregular Payer
C03599,Enterprise,LTE,Web Booster,Predictable Late Payer
C03600,SME,ADSL,Web Family,Predictable Late Payer
C03601,SME,ADSL,Web Booster,Regular Payer
C03602,SME,LTE,Biz Speed,Regular Payer
C03603,SME,Fiber,Biz Speed,Predictable Late Payer
C03604,Residential,LTE,Web Booster,Regular Payer
C03605,Enterprise,Fiber,Web Family,Predictable Late Payer
C03606,Enterprise,Fiber,Web Family,Predictable Late Payer
C03607,SME,Fiber,Web Booster,High-Risk Non-Payer
C03608,Enterprise,Fiber,Biz Speed,Regular Payer
C03609,Enterprise,LTE,Biz Speed,Predictable Late Payer
C03610,Residential,ADSL,Biz Speed,Regular Payer
C03611,Enterprise,Fiber,Biz Speed,Irregular Payer
C03612,Enterprise,LTE,Biz Speed,Predictable Late Payer
C03613,SME,Fiber,Web Booster,Irregular Payer
C03614,Enterprise,ADSL,Web Family,Regular Payer
C03615,Residential,ADSL,Biz Speed,Regular Payer
C03616,Enterprise,Fiber,Web Family,Regular Payer
C03617,Residential,Fiber,Web Booster,Predictable Late Payer
C03618,Residential,LTE,Web Family,Irregular Payer
C03619,SME,Fiber,Biz Speed,Predictable Late Payer
C03620,Residential,LTE,Biz Speed,Irregular Payer
C03621,SME,ADSL,Web Family,High-Risk Non-Payer
C03622,Enterprise,ADSL,Web Booster,Predictable Late Payer
C03623,Enterprise,LTE,Web Booster,Irregular Payer
C03624,Enterprise,Fiber,Web Family,Regular Payer
C03625,Enterprise,Fiber,Biz Speed,Regular Payer
C03626,Residential,LTE,Web Family,Regular Payer
C03627,Residential,ADSL,Biz Speed,Predictable Late Payer
C03628,Enterprise,ADSL,Web Family,Regular Payer
C03629,Enterprise,LTE,Web Family,Regular Payer
C03630,Enterprise,ADSL,Web Family,Predictable Late Payer
C03631,SME,Fiber,Web Family,High-Risk Non-Payer
C03632,Residential,ADSL,Web Family,Regular Payer
C03633,Enterprise,ADSL,Web Family,Irregular Payer
C03634,Residential,Fiber,Biz Speed,Regular Payer
C03635,Residential,ADSL,Web Family,Regular Payer
C03636,Enterprise,ADSL,Web Family,Irregular Payer
C03637,Enterprise,Fiber,Web Booster,Regular Payer
C03638,Enterprise,LTE,Web Family,Regular Payer
C03639,Enterprise,LTE,Web Booster,Regular Payer
C03640,Residential,LTE,Web Family,Regular Payer
C03641,SME,LTE,Biz Speed,Predictable Late Payer
C03642,Residential,LTE,Web Booster,Predictable Late Payer
C03643,SME,ADSL,Biz Speed,Predictable Late Payer
C03644,Enterprise,ADSL,Web Family,Regular Payer
C03645,Enterprise,LTE,Web Family,Predictable Late Payer
C03646,Residential,ADSL,Web Booster,Regular Payer
C03647,Enterprise,LTE,Web Family,Regular Payer
C03648,Enterprise,ADSL,Biz Speed,Irregular Payer
C03649,Residential,ADSL,Web Family,Regular Payer
C03650,SME,LTE,Web Family,High-Risk Non-Payer
C03651,Enterprise,ADSL,Biz Speed,Regular Payer
C03652,Residential,LTE,Biz Speed,Regular Payer
C03653,Enterprise,LTE,Biz Speed,Predictable Late Payer
C03654,Residential,LTE,Biz Speed,Regular Payer
C03655,SME,Fiber,Web Family,Predictable Late Payer
C03656,SME,LTE,Biz Speed,High-Risk Non-Payer
C03657,Residential,LTE,Web Booster,Regular Payer
C03658,Enterprise,Fiber,Web Family,Predictable Late Payer
C03659,Enterprise,LTE,Biz Speed,Predictable Late Payer
C03660,SME,ADSL,Web Booster,Predictable Late Payer
C03661,Residential,LTE,Biz Speed,Regular Payer
C03662,SME,LTE,Biz Speed,Predictable Late Payer
C03663,Residential,Fiber,Biz Speed,Regular Payer
C03664,SME,LTE,Biz Speed,Predictable Late Payer
C03665,Residential,Fiber,Biz Speed,Regular Payer
C03666,SME,ADSL,Biz Speed,High-Risk Non-Payer
C03667,Residential,ADSL,Web Family,Regular Payer
C03668,SME,Fiber,Web Family,Regular Payer
C03669,Residential,LTE,Web Booster,Regular Payer
C03670,SME,Fiber,Biz Speed,Regular Payer
C03671,Residential,LTE,Web Booster,Regular Payer
C03672,Residential,Fiber,Web Booster,Regular Payer
C03673,Residential,Fiber,Biz Speed,Predictable Late Payer
C03674,SME,Fiber,Web Booster,Regular Payer
C03675,Residential,LTE,Biz Speed,Predictable Late Payer
C03676,Enterprise,Fiber,Web Booster,Predictable Late Payer
C03677,SME,ADSL,Web Family,Irregular Payer
C03678,Residential,LTE,Web Family,Regular Payer
C03679,Residential,LTE,Web Booster,Irregular Payer
C03680,Enterprise,ADSL,Web Booster,Predictable Late Payer
C03681,Enterprise,Fiber,Web Booster,Predictable Late Payer
C03682,Enterprise,ADSL,Web Family,Regular Payer
C03683,Enterprise,Fiber,Web Family,Regular Payer
C03684,SME,ADSL,Web Family,Predictable Late Payer
C03685,SME,Fiber,Biz Speed,Regular Payer
C03686,SME,Fiber,Web Family,Regular Payer
C03687,SME,Fiber,Web Booster,Regular Payer
C03688,Residential,LTE,Web Family,Regular Payer
C03689,SME,ADSL,Web Booster,Regular Payer
C03690,SME,Fiber,Web Family,Regular Payer
C03691,Enterprise,Fiber,Web Booster,Irregular Payer
C03692,SME,ADSL,Biz Speed,Regular Payer
C03693,SME,Fiber,Web Family,Regular Payer
C03694,Enterprise,ADSL,Web Booster,Predictable Late Payer
C03695,Residential,LTE,Biz Speed,High-Risk Non-Payer
C03696,SME,LTE,Web Family,Regular Payer
C03697,SME,ADSL,Biz Speed,Regular Payer
C03698,SME,ADSL,Web Booster,Irregular Payer
C03699,Enterprise,LTE,Biz Speed,High-Risk Non-Payer
C03700,Residential,Fiber,Web Booster,Predictable Late Payer
C03701,SME,ADSL,Web Family,Regular Payer
C03702,SME,ADSL,Biz Speed,Regular Payer
C03703,Enterprise,ADSL,Biz Speed,Irregular Payer
C03704,SME,Fiber,Web Booster,Regular Payer
C03705,Residential,LTE,Web Booster,Regular Payer
C03706,Enterprise,ADSL,Web Booster,Regular Payer
C03707,SME,ADSL,Web Booster,Irregular Payer
C03708,Residential,ADSL,Web Booster,Regular Payer
C03709,SME,LTE,Web Family,Predictable Late Payer
C03710,SME,ADSL,Web Family,Predictable Late Payer
C03711,SME,ADSL,Web Family,Predictable Late Payer
C03712,SME,Fiber,Web Family,Regular Payer
C03713,Residential,Fiber,Biz Speed,Regular Payer
C03714,SME,LTE,Web Booster,Regular Payer
C03715,SME,ADSL,Biz Speed,Regular Payer
C03716,Enterprise,ADSL,Biz Speed,Predictable Late Payer
C03717,Residential,LTE,Web Booster,Regular Payer
C03718,Enterprise,ADSL,Biz Speed,Irregular Payer
C03719,Residential,LTE,Biz Speed,High-Risk Non-Payer
C03720,Residential,LTE,Biz Speed,Irregular Payer
C03721,SME,LTE,Web Family,Regular Payer
C03722,Enterprise,LTE,Biz Speed,Predictable Late Payer
C03723,Residential,LTE,Web Family,Irregular Payer
C03724,Enterprise,LTE,Web Booster,Predictable Late Payer
C03725,Enterprise,Fiber,Biz Speed,Irregular Payer
C03726,SME,ADSL,Web Booster,Regular Payer
C03727,SME,LTE,Biz Speed,Predictable Late Payer
C03728,Residential,LTE,Biz Speed,Predictable Late Payer
C03729,Enterprise,LTE,Web Family,Predictable Late Payer
C03730,SME,Fiber,Web Booster,Regular Payer
C03731,SME,ADSL,Web Family,Regular Payer
C03732,SME,ADSL,Biz Speed,Regular Payer
C03733,Residential,Fiber,Web Family,Irregular Payer
C03734,Residential,Fiber,Biz Speed,Regular Payer
C03735,Enterprise,ADSL,Web Booster,Predictable Late Payer
C03736,Enterprise,ADSL,Web Booster,Predictable Late Payer
C03737,SME,ADSL,Web Family,Regular Payer
C03738,SME,LTE,Web Booster,Regular Payer
C03739,Enterprise,LTE,Web Family,Predictable Late Payer
C03740,Residential,ADSL,Web Booster,Regular Payer
C03741,Residential,ADSL,Biz Speed,High-Risk Non-Payer
C03742,Enterprise,LTE,Biz Speed,High-Risk Non-Payer
C03743,Residential,Fiber,Biz Speed,High-Risk Non-Payer
C03744,SME,LTE,Web Booster,Irregular Payer
C03745,SME,ADSL,Web Booster,Regular Payer
C03746,Enterprise,ADSL,Web Family,Predictable Late Payer
C03747,Enterprise,LTE,Web Booster,High-Risk Non-Payer
C03748,Residential,LTE,Biz Speed,Irregular Payer
C03749,Residential,LTE,Biz Speed,Regular Payer
C03750,Enterprise,Fiber,Web Family,Regular Payer
C03751,Residential,Fiber,Biz Speed,Regular Payer
C03752,Residential,ADSL,Web Booster,Predictable Late Payer
C03753,SME,Fiber,Web Booster,High-Risk Non-Payer
C03754,SME,LTE,Web Booster,Predictable Late Payer
C03755,Enterprise,ADSL,Biz Speed,Irregular Payer
C03756,SME,ADSL,Biz Speed,Predictable Late Payer
C03757,Residential,LTE,Web Booster,Irregular Payer
C03758,SME,LTE,Web Family,High-Risk Non-Payer
C03759,Residential,LTE,Web Booster,Regular Payer
C03760,SME,LTE,Biz Speed,Regular Payer
C03761,Residential,LTE,Biz Speed,Predictable Late Payer
C03762,SME,LTE,Web Family,Predictable Late Payer
C03763,Enterprise,Fiber,Web Family,Predictable Late Payer
C03764,Enterprise,Fiber,Biz Speed,Predictable Late Payer
C03765,SME,Fiber,Web Booster,Predictable Late Payer
C03766,Residential,ADSL,Biz Speed,Predictable Late Payer
C03767,Residential,LTE,Web Family,Irregular Payer
C03768,Enterprise,LTE,Biz Speed,Predictable Late Payer
C03769,Residential,Fiber,Web Booster,Regular Payer
C03770,Residential,Fiber,Web Booster,High-Risk Non-Payer
C03771,Residential,LTE,Web Family,Regular Payer
C03772,Residential,Fiber,Biz Speed,Predictable Late Payer
C03773,Residential,ADSL,Biz Speed,Predictable Late Payer
C03774,Residential,Fiber,Web Booster,Predictable Late Payer
C03775,Residential,ADSL,Web Booster,Irregular Payer
C03776,Residential,Fiber,Web Booster,Irregular Payer
C03777,Residential,Fiber,Biz Speed,Regular Payer
C03778,Enterprise,LTE,Biz Speed,High-Risk Non-Payer
C03779,SME,Fiber,Web Booster,High-Risk Non-Payer
C03780,Enterprise,ADSL,Web Family,Irregular Payer
C03781,Enterprise,ADSL,Biz Speed,Irregular Payer
C03782,SME,LTE,Biz Speed,Regular Payer
C03783,SME,ADSL,Web Family,Regular Payer
C03784,Enterprise,ADSL,Biz Speed,Predictable Late Payer
C03785,SME,Fiber,Web Family,Regular Payer
C03786,SME,ADSL,Web Family,Irregular Payer
C03787,SME,LTE,Biz Speed,Regular Payer
C03788,Residential,LTE,Web Family,Regular Payer
C03789,SME,ADSL,Biz Speed,Regular Payer
C03790,Enterprise,LTE,Web Family,Irregular Payer
C03791,SME,LTE,Biz Speed,Predictable Late Payer
C03792,SME,ADSL,Web Booster,Predictable Late Payer
C03793,Enterprise,Fiber,Web Family,Regular Payer
C03794,SME,Fiber,Web Family,Irregular Payer
C03795,Enterprise,LTE,Biz Speed,Regular Payer
C03796,Enterprise,Fiber,Biz Speed,Predictable Late Payer
C03797,SME,ADSL,Web Booster,Predictable Late Payer
C03798,Residential,ADSL,Biz Speed,Regular Payer
C03799,Enterprise,LTE,Web Booster,Regular Payer
C03800,Residential,Fiber,Web Family,Predictable Late Payer
C03801,Residential,ADSL,Web Family,Regular Payer
C03802,Enterprise,ADSL,Biz Speed,Irregular Payer
C03803,Enterprise,LTE,Web Booster,Predictable Late Payer
C03804,Residential,LTE,Biz Speed,Regular Payer
C03805,Enterprise,LTE,Biz Speed,Regular Payer
C03806,SME,ADSL,Web Family,Irregular Payer
C03807,SME,Fiber,Web Booster,Irregular Payer
C03808,Residential,ADSL,Web Family,Regular Payer
C03809,SME,Fiber,Web Family,Regular Payer
C03810,Enterprise,ADSL,Web Family,Predictable Late Payer
C03811,SME,LTE,Web Booster,Predictable Late Payer
C03812,Enterprise,Fiber,Biz Speed,Irregular Payer
C03813,Enterprise,Fiber,Biz Speed,Regular Payer
C03814,Enterprise,Fiber,Web Booster,Predictable Late Payer
C03815,SME,ADSL,Web Family,Regular Payer
C03816,Enterprise,ADSL,Biz Speed,Irregular Payer
C03817,Residential,LTE,Biz Speed,Predictable Late Payer
C03818,Residential,LTE,Biz Speed,Regular Payer
C03819,Enterprise,Fiber,Web Family,Predictable Late Payer
C03820,SME,Fiber,Web Family,High-Risk Non-Payer
C03821,SME,ADSL,Web Booster,Regular Payer
C03822,Residential,ADSL,Web Family,High-Risk Non-Payer
C03823,Residential,ADSL,Web Booster,Regular Payer
C03824,Residential,Fiber,Biz Speed,Irregular Payer
C03825,SME,LTE,Web Family,Predictable Late Payer
C03826,Residential,LTE,Biz Speed,Regular Payer
C03827,SME,Fiber,Web Booster,Regular Payer
C03828,Residential,Fiber,Biz Speed,Predictable Late Payer
C03829,Enterprise,LTE,Web Booster,Predictable Late Payer
C03830,Enterprise,LTE,Web Family,Irregular Payer
C03831,SME,ADSL,Web Family,Predictable Late Payer
C03832,Enterprise,ADSL,Web Booster,High-Risk Non-Payer
C03833,SME,LTE,Biz Speed,Regular Payer
C03834,Enterprise,Fiber,Web Booster,Predictable Late Payer
C03835,Enterprise,LTE,Biz Speed,Regular Payer
C03836,Enterprise,Fiber,Web Booster,Regular Payer
C03837,Enterprise,ADSL,Web Booster,Predictable Late Payer
C03838,Residential,Fiber,Web Booster,Regular Payer
C03839,Enterprise,LTE,Web Booster,Regular Payer
C03840,Residential,LTE,Biz Speed,Regular Payer
C03841,SME,LTE,Biz Speed,Predictable Late Payer
C03842,Residential,Fiber,Web Family,Irregular Payer
C03843,Residential,LTE,Biz Speed,Regular Payer
C03844,Enterprise,LTE,Web Family,Predictable Late Payer
C03845,Enterprise,Fiber,Biz Speed,Predictable Late Payer
C03846,SME,Fiber,Web Family,Irregular Payer
C03847,Residential,Fiber,Biz Speed,Predictable Late Payer
C03848,SME,ADSL,Web Booster,Predictable Late Payer
C03849,SME,ADSL,Web Booster,Regular Payer
C03850,SME,LTE,Web Booster,Regular Payer
C03851,SME,LTE,Biz Speed,Regular Payer
C03852,Enterprise,LTE,Web Booster,Regular Payer
C03853,Enterprise,LTE,Web Booster,Regular Payer
C03854,SME,Fiber,Web Booster,Regular Payer
C03855,Residential,LTE,Web Booster,Regular Payer
C03856,Enterprise,Fiber,Web Family,Predictable Late Payer
C03857,SME,LTE,Web Booster,Regular Payer
C03858,SME,LTE,Web Booster,Predictable Late Payer
C03859,Enterprise,Fiber,Web Family,Predictable Late Payer
C03860,SME,LTE,Web Family,Regular Payer
C03861,Residential,LTE,Biz Speed,Predictable Late Payer
C03862,Enterprise,ADSL,Web Booster,High-Risk Non-Payer
C03863,Residential,ADSL,Web Booster,Predictable Late Payer
C03864,Enterprise,LTE,Web Family,Regular Payer
C03865,Enterprise,ADSL,Web Booster,Regular Payer
C03866,Residential,ADSL,Web Booster,Regular Payer
C03867,SME,LTE,Web Booster,Regular Payer
C03868,Residential,ADSL,Web Family,Regular Payer
C03869,Enterprise,LTE,Web Family,Irregular Payer
C03870,Enterprise,LTE,Biz Speed,Regular Payer
C03871,Residential,LTE,Web Family,Regular Payer
C03872,Enterprise,ADSL,Web Booster,Predictable Late Payer
C03873,SME,ADSL,Web Family,Regular Payer
C03874,Residential,ADSL,Biz Speed,Irregular Payer
C03875,SME,LTE,Biz Speed,Irregular Payer
C03876,Residential,LTE,Web Booster,Regular Payer
C03877,SME,LTE,Web Family,Predictable Late Payer
C03878,Enterprise,LTE,Web Booster,Predictable Late Payer
C03879,Residential,Fiber,Web Family,Predictable Late Payer
C03880,SME,LTE,Web Booster,Irregular Payer
C03881,Enterprise,Fiber,Biz Speed,Regular Payer
C03882,Enterprise,LTE,Web Family,High-Risk Non-Payer
C03883,SME,ADSL,Web Booster,Regular Payer
C03884,SME,ADSL,Web Family,Irregular Payer
C03885,Enterprise,Fiber,Biz Speed,Irregular Payer
C03886,Enterprise,Fiber,Biz Speed,Irregular Payer
C03887,Residential,ADSL,Web Booster,Predictable Late Payer
C03888,Residential,Fiber,Biz Speed,Predictable Late Payer
C03889,SME,LTE,Web Booster,Irregular Payer
C03890,Enterprise,Fiber,Biz Speed,Regular Payer
C03891,Residential,ADSL,Biz Speed,Regular Payer
C03892,Enterprise,ADSL,Biz Speed,Irregular Payer
C03893,SME,Fiber,Web Booster,Predictable Late Payer
C03894,Residential,ADSL,Web Booster,Regular Payer
C03895,Residential,LTE,Web Booster,Regular Payer
C03896,Residential,ADSL,Biz Speed,Irregular Payer
C03897,Enterprise,LTE,Biz Speed,Predictable Late Payer
C03898,Enterprise,LTE,Biz Speed,Irregular Payer
C03899,Residential,Fiber,Web Family,Regular Payer
C03900,Residential,Fiber,Web Family,Predictable Late Payer
C03901,Residential,Fiber,Biz Speed,Regular Payer
C03902,Residential,LTE,Web Booster,High-Risk Non-Payer
C03903,Enterprise,Fiber,Web Family,Regular Payer
C03904,SME,LTE,Web Family,High-Risk Non-Payer
C03905,Residential,LTE,Web Family,Regular Payer
C03906,SME,Fiber,Web Booster,Regular Payer
C03907,Enterprise,ADSL,Web Family,Regular Payer
C03908,SME,LTE,Web Booster,Regular Payer
C03909,SME,ADSL,Web Family,Regular Payer
C03910,Residential,ADSL,Biz Speed,Irregular Payer
C03911,Residential,Fiber,Web Family,Regular Payer
C03912,SME,ADSL,Biz Speed,Regular Payer
C03913,SME,LTE,Web Family,Regular Payer
C03914,Residential,ADSL,Web Booster,Predictable Late Payer
C03915,Enterprise,Fiber,Web Booster,Regular Payer
C03916,SME,LTE,Web Booster,High-Risk Non-Payer
C03917,Residential,LTE,Web Booster,High-Risk Non-Payer
C03918,Residential,LTE,Biz Speed,Regular Payer
C03919,Enterprise,Fiber,Biz Speed,Predictable Late Payer
C03920,SME,LTE,Web Family,High-Risk Non-Payer
C03921,SME,ADSL,Biz Speed,Irregular Payer
C03922,Residential,Fiber,Web Family,Regular Payer
C03923,Residential,Fiber,Biz Speed,Regular Payer
C03924,Enterprise,LTE,Web Family,Regular Payer
C03925,Residential,ADSL,Biz Speed,Regular Payer
C03926,Enterprise,LTE,Web Family,Predictable Late Payer
C03927,Residential,ADSL,Web Family,Irregular Payer
C03928,Enterprise,Fiber,Web Booster,Irregular Payer
C03929,Residential,Fiber,Web Family,Predictable Late Payer
C03930,SME,LTE,Biz Speed,Regular Payer
C03931,SME,ADSL,Web Booster,Regular Payer
C03932,Residential,LTE,Web Family,Irregular Payer
C03933,Residential,ADSL,Web Family,High-Risk Non-Payer
C03934,Residential,ADSL,Web Booster,Irregular Payer
C03935,Enterprise,ADSL,Web Family,Regular Payer
C03936,Residential,LTE,Web Family,Regular Payer
C03937,Residential,Fiber,Web Booster,Predictable Late Payer
C03938,SME,ADSL,Web Booster,Regular Payer
C03939,Enterprise,ADSL,Web Family,Regular Payer
C03940,SME,LTE,Web Family,Regular Payer
C03941,Enterprise,LTE,Biz Speed,Predictable Late Payer
C03942,Residential,LTE,Web Booster,Irregular Payer
C03943,Enterprise,Fiber,Web Family,Regular Payer
C03944,Residential,Fiber,Web Family,Predictable Late Payer
C03945,Enterprise,Fiber,Biz Speed,Predictable Late Payer
C03946,Enterprise,Fiber,Web Family,Regular Payer
C03947,Residential,ADSL,Biz Speed,Regular Payer
C03948,Enterprise,LTE,Biz Speed,Predictable Late Payer
C03949,Enterprise,ADSL,Web Booster,Irregular Payer
C03950,Residential,LTE,Web Booster,Regular Payer
C03951,Residential,ADSL,Biz Speed,High-Risk Non-Payer
C03952,Residential,ADSL,Web Booster,Predictable Late Payer
C03953,Residential,Fiber,Web Family,Regular Payer
C03954,Residential,Fiber,Web Family,Regular Payer
C03955,Residential,ADSL,Web Booster,Predictable Late Payer
C03956,SME,Fiber,Biz Speed,Irregular Payer
C03957,Enterprise,LTE,Web Booster,High-Risk Non-Payer
C03958,SME,ADSL,Web Booster,Predictable Late Payer
C03959,Residential,ADSL,Web Booster,Predictable Late Payer
C03960,Enterprise,LTE,Web Booster,High-Risk Non-Payer
C03961,Residential,LTE,Web Booster,Irregular Payer
C03962,SME,ADSL,Web Booster,Predictable Late Payer
C03963,Enterprise,LTE,Biz Speed,Regular Payer
C03964,SME,LTE,Biz Speed,Regular Payer
C03965,Enterprise,Fiber,Web Family,Regular Payer
C03966,SME,Fiber,Web Family,Predictable Late Payer
C03967,SME,Fiber,Web Booster,Regular Payer
C03968,SME,ADSL,Web Family,High-Risk Non-Payer
C03969,Enterprise,Fiber,Web Booster,Irregular Payer
C03970,Enterprise,Fiber,Web Family,Irregular Payer
C03971,Residential,Fiber,Web Family,Irregular Payer
C03972,SME,ADSL,Biz Speed,Irregular Payer
C03973,Enterprise,ADSL,Biz Speed,Regular Payer
C03974,Enterprise,LTE,Biz Speed,Regular Payer
C03975,Enterprise,Fiber,Web Booster,Regular Payer
C03976,Enterprise,Fiber,Biz Speed,Predictable Late Payer
C03977,Enterprise,Fiber,Biz Speed,Regular Payer
C03978,Enterprise,LTE,Web Family,Regular Payer
C03979,SME,LTE,Web Booster,High-Risk Non-Payer
C03980,SME,LTE,Web Booster,Regular Payer
C03981,Enterprise,LTE,Web Family,Regular Payer
C03982,Enterprise,ADSL,Biz Speed,Regular Payer
C03983,Enterprise,ADSL,Biz Speed,High-Risk Non-Payer
C03984,Residential,LTE,Web Family,Regular Payer
C03985,Residential,Fiber,Web Booster,Irregular Payer
C03986,Enterprise,LTE,Web Booster,Predictable Late Payer
C03987,Residential,LTE,Web Family,Regular Payer
C03988,SME,Fiber,Web Booster,Regular Payer
C03989,Enterprise,ADSL,Biz Speed,Regular Payer
C03990,SME,Fiber,Biz Speed,Regular Payer
C03991,SME,Fiber,Biz Speed,Regular Payer
C03992,SME,ADSL,Web Family,Irregular Payer
C03993,Enterprise,LTE,Web Family,Predictable Late Payer
C03994,SME,Fiber,Biz Speed,Irregular Payer
C03995,SME,Fiber,Web Family,Irregular Payer
C03996,Enterprise,LTE,Web Booster,High-Risk Non-Payer
C03997,Residential,LTE,Web Booster,Regular Payer
C03998,SME,LTE,Biz Speed,Regular Payer
C03999,Enterprise,ADSL,Web Booster,Irregular Payer
C04000,Residential,ADSL,Web Family,Regular Payer
C04001,Enterprise,ADSL,Biz Speed,Irregular Payer
C04002,Residential,ADSL,Web Booster,Irregular Payer
C04003,SME,LTE,Web Family,Predictable Late Payer
C04004,SME,ADSL,Biz Speed,Regular Payer
C04005,SME,ADSL,Biz Speed,Regular Payer
C04006,Enterprise,LTE,Web Booster,Regular Payer
C04007,Residential,ADSL,Web Booster,Regular Payer
C04008,SME,Fiber,Biz Speed,Predictable Late Payer
C04009,SME,Fiber,Biz Speed,Predictable Late Payer
C04010,Enterprise,ADSL,Web Booster,Predictable Late Payer
C04011,Enterprise,LTE,Web Family,Predictable Late Payer
C04012,Enterprise,ADSL,Web Family,Predictable Late Payer
C04013,Residential,Fiber,Web Booster,Predictable Late Payer
C04014,Enterprise,ADSL,Web Booster,Irregular Payer
C04015,Enterprise,ADSL,Web Family,Regular Payer
C04016,SME,LTE,Biz Speed,Irregular Payer
C04017,Residential,LTE,Biz Speed,Irregular Payer
C04018,SME,ADSL,Web Family,Regular Payer
C04019,Residential,Fiber,Biz Speed,High-Risk Non-Payer
C04020,Residential,LTE,Web Booster,Irregular Payer
C04021,Enterprise,LTE,Web Booster,Regular Payer
C04022,Enterprise,LTE,Web Booster,High-Risk Non-Payer
C04023,Residential,LTE,Web Booster,Irregular Payer
C04024,SME,LTE,Biz Speed,High-Risk Non-Payer
C04025,SME,Fiber,Web Family,Predictable Late Payer
C04026,Enterprise,ADSL,Web Booster,Irregular Payer
C04027,SME,Fiber,Web Booster,Irregular Payer
C04028,SME,LTE,Biz Speed,Predictable Late Payer
C04029,Residential,LTE,Web Booster,Regular Payer
C04030,Enterprise,Fiber,Biz Speed,Predictable Late Payer
C04031,Enterprise,LTE,Biz Speed,Regular Payer
C04032,SME,Fiber,Web Booster,Irregular Payer
C04033,SME,LTE,Web Booster,Irregular Payer
C04034,SME,Fiber,Web Family,Regular Payer
C04035,Residential,Fiber,Biz Speed,Regular Payer
C04036,Enterprise,ADSL,Biz Speed,Predictable Late Payer
C04037,Enterprise,ADSL,Web Family,Regular Payer
C04038,Enterprise,Fiber,Web Family,Regular Payer
C04039,Enterprise,ADSL,Biz Speed,Predictable Late Payer
C04040,SME,Fiber,Biz Speed,Regular Payer
C04041,SME,LTE,Web Family,High-Risk Non-Payer
C04042,Residential,ADSL,Web Booster,Predictable Late Payer
C04043,Residential,LTE,Web Family,Predictable Late Payer
C04044,Residential,Fiber,Biz Speed,Regular Payer
C04045,SME,Fiber,Web Booster,Regular Payer
C04046,Enterprise,Fiber,Web Family,Irregular Payer
C04047,SME,ADSL,Web Family,Regular Payer
C04048,SME,Fiber,Web Family,Irregular Payer
C04049,SME,LTE,Web Booster,Predictable Late Payer
C04050,Enterprise,Fiber,Web Booster,Regular Payer
C04051,Enterprise,ADSL,Web Booster,Predictable Late Payer
C04052,SME,ADSL,Web Booster,Irregular Payer
C04053,SME,LTE,Web Booster,Regular Payer
C04054,Residential,LTE,Biz Speed,Regular Payer
C04055,Enterprise,Fiber,Web Booster,Irregular Payer
C04056,Enterprise,Fiber,Biz Speed,Predictable Late Payer
C04057,Residential,ADSL,Biz Speed,Predictable Late Payer
C04058,SME,Fiber,Biz Speed,Regular Payer
C04059,SME,ADSL,Biz Speed,Predictable Late Payer
C04060,Enterprise,Fiber,Web Booster,Regular Payer
C04061,Residential,LTE,Biz Speed,Predictable Late Payer
C04062,Enterprise,LTE,Web Family,High-Risk Non-Payer
C04063,Residential,Fiber,Biz Speed,Predictable Late Payer
C04064,Enterprise,Fiber,Web Booster,Predictable Late Payer
C04065,Enterprise,Fiber,Web Family,Predictable Late Payer
C04066,Residential,ADSL,Web Booster,Predictable Late Payer
C04067,Enterprise,Fiber,Biz Speed,Predictable Late Payer
C04068,SME,ADSL,Web Family,High-Risk Non-Payer
C04069,Residential,ADSL,Web Booster,Regular Payer
C04070,Enterprise,ADSL,Web Booster,Regular Payer
C04071,Enterprise,ADSL,Web Booster,Regular Payer
C04072,Enterprise,ADSL,Biz Speed,Regular Payer
C04073,Residential,ADSL,Web Family,Irregular Payer
C04074,SME,ADSL,Web Family,Irregular Payer
C04075,Residential,ADSL,Web Family,Predictable Late Payer
C04076,Enterprise,Fiber,Biz Speed,Regular Payer
C04077,Enterprise,Fiber,Web Family,Regular Payer
C04078,SME,ADSL,Web Family,Regular Payer
C04079,Residential,LTE,Biz Speed,Irregular Payer
C04080,Enterprise,LTE,Web Booster,Regular Payer
C04081,SME,Fiber,Web Booster,Regular Payer
C04082,SME,LTE,Web Family,Irregular Payer
C04083,SME,LTE,Web Family,Regular Payer
C04084,SME,Fiber,Web Family,Regular Payer
C04085,Enterprise,ADSL,Web Family,Regular Payer
C04086,Residential,ADSL,Web Booster,Regular Payer
C04087,Enterprise,Fiber,Biz Speed,Regular Payer
C04088,SME,Fiber,Web Family,Regular Payer
C04089,Enterprise,Fiber,Web Family,Regular Payer
C04090,SME,Fiber,Biz Speed,Predictable Late Payer
C04091,Residential,Fiber,Web Family,Predictable Late Payer
C04092,SME,Fiber,Biz Speed,Regular Payer
C04093,SME,Fiber,Biz Speed,High-Risk Non-Payer
C04094,Enterprise,LTE,Biz Speed,Regular Payer
C04095,SME,ADSL,Web Family,Predictable Late Payer
C04096,SME,Fiber,Biz Speed,Regular Payer
C04097,Enterprise,Fiber,Web Booster,High-Risk Non-Payer
C04098,Residential,LTE,Biz Speed,Regular Payer
C04099,Enterprise,Fiber,Web Family,Predictable Late Payer
C04100,Enterprise,Fiber,Biz Speed,High-Risk Non-Payer
C04101,SME,ADSL,Biz Speed,Irregular Payer
C04102,SME,Fiber,Biz Speed,Predictable Late Payer
C04103,SME,Fiber,Web Booster,Regular Payer
C04104,SME,Fiber,Web Booster,Regular Payer
C04105,Residential,LTE,Biz Speed,Irregular Payer
C04106,Enterprise,Fiber,Biz Speed,Regular Payer
C04107,Enterprise,LTE,Biz Speed,Predictable Late Payer
C04108,Enterprise,ADSL,Biz Speed,Regular Payer
C04109,Enterprise,ADSL,Web Family,Regular Payer
C04110,Residential,LTE,Web Family,Regular Payer
C04111,Enterprise,LTE,Web Booster,Predictable Late Payer
C04112,Residential,LTE,Web Family,Predictable Late Payer
C04113,SME,ADSL,Web Booster,Predictable Late Payer
C04114,SME,LTE,Web Booster,Irregular Payer
C04115,Enterprise,Fiber,Biz Speed,Irregular Payer
C04116,Residential,Fiber,Web Booster,Irregular Payer
C04117,Enterprise,ADSL,Biz Speed,Regular Payer
C04118,SME,ADSL,Web Family,Predictable Late Payer
C04119,Residential,LTE,Web Booster,Regular Payer
C04120,Enterprise,Fiber,Biz Speed,Irregular Payer
C04121,Enterprise,ADSL,Biz Speed,Irregular Payer
C04122,Enterprise,LTE,Biz Speed,Predictable Late Payer
C04123,Residential,Fiber,Web Booster,High-Risk Non-Payer
C04124,Residential,ADSL,Web Booster,Regular Payer
C04125,Residential,LTE,Web Family,Predictable Late Payer
C04126,Enterprise,Fiber,Web Family,High-Risk Non-Payer
C04127,Residential,ADSL,Web Family,High-Risk Non-Payer
C04128,Residential,Fiber,Biz Speed,Irregular Payer
C04129,SME,Fiber,Web Booster,Irregular Payer
C04130,SME,LTE,Web Family,Regular Payer
C04131,Enterprise,Fiber,Biz Speed,Predictable Late Payer
C04132,SME,ADSL,Biz Speed,Irregular Payer
C04133,Enterprise,LTE,Web Family,High-Risk Non-Payer
C04134,Enterprise,ADSL,Web Booster,Predictable Late Payer
C04135,Residential,LTE,Web Booster,Regular Payer
C04136,Residential,LTE,Web Booster,Predictable Late Payer
C04137,Enterprise,ADSL,Web Booster,Regular Payer
C04138,SME,Fiber,Biz Speed,Predictable Late Payer
C04139,Residential,ADSL,Web Family,Regular Payer
C04140,SME,Fiber,Web Family,Predictable Late Payer
C04141,Residential,ADSL,Web Booster,High-Risk Non-Payer
C04142,Enterprise,ADSL,Web Booster,Regular Payer
C04143,SME,LTE,Biz Speed,Regular Payer
C04144,Residential,LTE,Web Family,High-Risk Non-Payer
C04145,Enterprise,LTE,Web Family,Regular Payer
C04146,Residential,LTE,Web Booster,Regular Payer
C04147,Residential,Fiber,Web Booster,Regular Payer
C04148,Enterprise,Fiber,Web Family,Predictable Late Payer
C04149,SME,LTE,Biz Speed,Regular Payer
C04150,Enterprise,Fiber,Biz Speed,High-Risk Non-Payer
C04151,Residential,Fiber,Biz Speed,Regular Payer
C04152,Enterprise,Fiber,Web Family,Regular Payer
C04153,SME,Fiber,Web Booster,Predictable Late Payer
C04154,Enterprise,Fiber,Web Booster,Regular Payer
C04155,SME,ADSL,Web Family,Regular Payer
C04156,Enterprise,Fiber,Web Booster,Predictable Late Payer
C04157,SME,Fiber,Web Booster,Regular Payer
C04158,Residential,ADSL,Biz Speed,Regular Payer
C04159,Residential,Fiber,Biz Speed,High-Risk Non-Payer
C04160,Residential,Fiber,Biz Speed,Regular Payer
C04161,Enterprise,ADSL,Web Family,Predictable Late Payer
C04162,Residential,ADSL,Web Booster,Regular Payer
C04163,Residential,Fiber,Biz Speed,Regular Payer
C04164,SME,Fiber,Biz Speed,Regular Payer
C04165,SME,ADSL,Web Family,Irregular Payer
C04166,Enterprise,Fiber,Biz Speed,Predictable Late Payer
C04167,Residential,ADSL,Web Booster,High-Risk Non-Payer
C04168,Enterprise,LTE,Web Booster,Predictable Late Payer
C04169,SME,LTE,Biz Speed,Regular Payer
C04170,SME,ADSL,Web Booster,Regular Payer
C04171,Enterprise,LTE,Web Booster,High-Risk Non-Payer
C04172,Residential,LTE,Biz Speed,Irregular Payer
C04173,Residential,Fiber,Web Booster,Predictable Late Payer
C04174,Residential,LTE,Web Booster,Irregular Payer
C04175,SME,ADSL,Web Family,Predictable Late Payer
C04176,SME,Fiber,Web Family,Predictable Late Payer
C04177,Enterprise,ADSL,Web Family,High-Risk Non-Payer
C04178,Residential,ADSL,Web Booster,Regular Payer
C04179,SME,LTE,Web Booster,Predictable Late Payer
C04180,SME,LTE,Web Booster,Predictable Late Payer
C04181,SME,LTE,Biz Speed,Regular Payer
C04182,Enterprise,ADSL,Web Family,Regular Payer
C04183,Enterprise,Fiber,Biz Speed,Regular Payer
C04184,Enterprise,ADSL,Biz Speed,Regular Payer
C04185,SME,ADSL,Web Booster,Regular Payer
C04186,SME,Fiber,Web Booster,Regular Payer
C04187,Residential,ADSL,Biz Speed,Predictable Late Payer
C04188,Enterprise,LTE,Web Family,Regular Payer
C04189,SME,ADSL,Web Family,Predictable Late Payer
C04190,Enterprise,LTE,Web Family,High-Risk Non-Payer
C04191,Residential,ADSL,Web Family,Regular Payer
C04192,Enterprise,Fiber,Web Booster,High-Risk Non-Payer
C04193,Enterprise,ADSL,Web Family,Predictable Late Payer
C04194,Enterprise,Fiber,Web Family,Predictable Late Payer
C04195,SME,Fiber,Biz Speed,Regular Payer
C04196,SME,LTE,Biz Speed,High-Risk Non-Payer
C04197,Enterprise,ADSL,Biz Speed,Predictable Late Payer
C04198,Residential,ADSL,Web Family,Irregular Payer
C04199,Residential,Fiber,Web Family,High-Risk Non-Payer
C04200,Residential,LTE,Web Family,Regular Payer
C04201,SME,Fiber,Biz Speed,Regular Payer
C04202,Residential,LTE,Web Family,Regular Payer
C04203,SME,ADSL,Web Booster,Predictable Late Payer
C04204,Enterprise,Fiber,Web Booster,Regular Payer
C04205,Enterprise,Fiber,Web Family,Regular Payer
C04206,Residential,ADSL,Biz Speed,Predictable Late Payer
C04207,Enterprise,ADSL,Biz Speed,Predictable Late Payer
C04208,SME,ADSL,Web Family,High-Risk Non-Payer
C04209,Enterprise,Fiber,Web Booster,Regular Payer
C04210,Residential,Fiber,Web Booster,Predictable Late Payer
C04211,SME,Fiber,Web Family,Predictable Late Payer
C04212,SME,LTE,Biz Speed,Predictable Late Payer
C04213,SME,Fiber,Web Booster,High-Risk Non-Payer
C04214,Enterprise,LTE,Web Booster,High-Risk Non-Payer
C04215,SME,Fiber,Web Family,Regular Payer
C04216,SME,ADSL,Web Booster,High-Risk Non-Payer
C04217,Residential,ADSL,Web Family,High-Risk Non-Payer
C04218,SME,LTE,Biz Speed,Irregular Payer
C04219,Residential,LTE,Biz Speed,High-Risk Non-Payer
C04220,SME,Fiber,Biz Speed,Irregular Payer
C04221,SME,Fiber,Web Booster,Irregular Payer
C04222,Residential,ADSL,Web Booster,High-Risk Non-Payer
C04223,Residential,LTE,Web Booster,High-Risk Non-Payer
C04224,Residential,ADSL,Web Family,Irregular Payer
C04225,SME,LTE,Web Booster,Regular Payer
C04226,SME,ADSL,Biz Speed,Predictable Late Payer
C04227,Residential,LTE,Biz Speed,Regular Payer
C04228,Enterprise,Fiber,Biz Speed,Predictable Late Payer
C04229,SME,LTE,Web Family,High-Risk Non-Payer
C04230,SME,LTE,Web Family,Predictable Late Payer
C04231,SME,ADSL,Web Booster,Regular Payer
C04232,Enterprise,LTE,Web Booster,Irregular Payer
C04233,Residential,LTE,Biz Speed,Regular Payer
C04234,Residential,LTE,Web Booster,Regular Payer
C04235,SME,ADSL,Web Family,Irregular Payer
C04236,SME,ADSL,Web Family,Regular Payer
C04237,Residential,Fiber,Web Family,Regular Payer
C04238,SME,Fiber,Web Family,Predictable Late Payer
C04239,Residential,Fiber,Web Family,Regular Payer
C04240,Residential,ADSL,Web Booster,Irregular Payer
C04241,Enterprise,Fiber,Web Family,Predictable Late Payer
C04242,SME,ADSL,Web Booster,Irregular Payer
C04243,Residential,ADSL,Web Family,Regular Payer
C04244,Residential,Fiber,Biz Speed,High-Risk Non-Payer
C04245,Residential,Fiber,Biz Speed,High-Risk Non-Payer
C04246,Residential,LTE,Biz Speed,Regular Payer
C04247,Residential,ADSL,Web Family,Regular Payer
C04248,Enterprise,ADSL,Web Family,Predictable Late Payer
C04249,Residential,ADSL,Web Booster,Predictable Late Payer
C04250,Residential,LTE,Web Booster,Irregular Payer
C04251,Enterprise,Fiber,Web Booster,Regular Payer
C04252,Residential,Fiber,Web Family,High-Risk Non-Payer
C04253,SME,Fiber,Biz Speed,Predictable Late Payer
C04254,Residential,ADSL,Web Family,Irregular Payer
C04255,Residential,Fiber,Web Family,Irregular Payer
C04256,Residential,Fiber,Web Booster,Predictable Late Payer
C04257,Enterprise,LTE,Biz Speed,Predictable Late Payer
C04258,Enterprise,LTE,Web Family,Predictable Late Payer
C04259,SME,ADSL,Web Family,Predictable Late Payer
C04260,Enterprise,ADSL,Web Booster,Regular Payer
C04261,Residential,Fiber,Web Family,Regular Payer
C04262,SME,ADSL,Web Family,Predictable Late Payer
C04263,SME,Fiber,Biz Speed,Irregular Payer
C04264,Enterprise,LTE,Web Family,High-Risk Non-Payer
C04265,Enterprise,Fiber,Web Booster,Predictable Late Payer
C04266,SME,ADSL,Biz Speed,Predictable Late Payer
C04267,Residential,ADSL,Web Booster,Irregular Payer
C04268,SME,LTE,Web Booster,Irregular Payer
C04269,SME,LTE,Web Booster,Regular Payer
C04270,SME,LTE,Biz Speed,High-Risk Non-Payer
C04271,Residential,Fiber,Biz Speed,Regular Payer
C04272,Enterprise,LTE,Web Booster,Predictable Late Payer
C04273,SME,LTE,Web Booster,Predictable Late Payer
C04274,SME,LTE,Web Family,Regular Payer
C04275,SME,LTE,Web Family,Irregular Payer
C04276,SME,LTE,Biz Speed,Regular Payer
C04277,SME,Fiber,Web Booster,Irregular Payer
C04278,Enterprise,Fiber,Web Family,Predictable Late Payer
C04279,Residential,Fiber,Web Family,Regular Payer
C04280,SME,Fiber,Web Booster,Regular Payer
C04281,Residential,LTE,Web Booster,Regular Payer
C04282,Enterprise,LTE,Web Family,Regular Payer
C04283,Enterprise,ADSL,Web Booster,Predictable Late Payer
C04284,Residential,LTE,Biz Speed,Regular Payer
C04285,Residential,Fiber,Web Booster,Irregular Payer
C04286,Enterprise,LTE,Web Family,Regular Payer
C04287,SME,Fiber,Web Booster,Predictable Late Payer
C04288,SME,ADSL,Web Family,Regular Payer
C04289,SME,ADSL,Biz Speed,Predictable Late Payer
C04290,Residential,ADSL,Web Family,Predictable Late Payer
C04291,SME,ADSL,Web Booster,Irregular Payer
C04292,Residential,LTE,Biz Speed,High-Risk Non-Payer
C04293,Residential,Fiber,Web Booster,Regular Payer
C04294,Residential,Fiber,Web Booster,Predictable Late Payer
C04295,SME,ADSL,Web Booster,Irregular Payer
C04296,Enterprise,LTE,Biz Speed,Irregular Payer
C04297,Enterprise,Fiber,Web Family,High-Risk Non-Payer
C04298,Enterprise,ADSL,Web Family,Irregular Payer
C04299,Enterprise,Fiber,Web Family,Predictable Late Payer
C04300,SME,Fiber,Web Booster,Predictable Late Payer
C04301,Residential,LTE,Web Family,Predictable Late Payer
C04302,Residential,ADSL,Web Booster,Predictable Late Payer
C04303,Enterprise,LTE,Web Family,Predictable Late Payer
C04304,Residential,LTE,Biz Speed,Regular Payer
C04305,Residential,LTE,Web Family,Regular Payer
C04306,Residential,LTE,Web Booster,Irregular Payer
C04307,SME,ADSL,Web Family,Irregular Payer
C04308,SME,LTE,Web Booster,Predictable Late Payer
C04309,Enterprise,Fiber,Biz Speed,Regular Payer
C04310,Enterprise,ADSL,Web Family,Regular Payer
C04311,Residential,ADSL,Web Family,Predictable Late Payer
C04312,Enterprise,LTE,Web Family,Irregular Payer
C04313,SME,ADSL,Web Family,Regular Payer
C04314,Residential,Fiber,Web Booster,Regular Payer
C04315,Enterprise,ADSL,Web Booster,Regular Payer
C04316,SME,Fiber,Web Booster,Predictable Late Payer
C04317,Enterprise,Fiber,Biz Speed,Predictable Late Payer
C04318,SME,Fiber,Web Booster,Predictable Late Payer
C04319,Residential,ADSL,Biz Speed,Predictable Late Payer
C04320,Residential,ADSL,Web Family,Regular Payer
C04321,Residential,Fiber,Web Family,Irregular Payer
C04322,Enterprise,LTE,Web Booster,Regular Payer
C04323,Enterprise,LTE,Biz Speed,Regular Payer
C04324,SME,ADSL,Web Booster,Regular Payer
C04325,SME,ADSL,Web Family,Predictable Late Payer
C04326,SME,ADSL,Biz Speed,Regular Payer
C04327,Enterprise,Fiber,Biz Speed,Irregular Payer
C04328,Residential,LTE,Web Family,High-Risk Non-Payer
C04329,Residential,Fiber,Web Family,Predictable Late Payer
C04330,Enterprise,Fiber,Web Family,Irregular Payer
C04331,SME,LTE,Web Family,Predictable Late Payer
C04332,Residential,LTE,Web Booster,Predictable Late Payer
C04333,Enterprise,LTE,Biz Speed,Irregular Payer
C04334,Enterprise,Fiber,Biz Speed,Irregular Payer
C04335,Residential,LTE,Web Family,Regular Payer
C04336,SME,Fiber,Web Family,Regular Payer
C04337,Enterprise,ADSL,Web Family,Regular Payer
C04338,Enterprise,Fiber,Web Booster,Regular Payer
C04339,Residential,Fiber,Web Family,High-Risk Non-Payer
C04340,Residential,ADSL,Web Booster,Regular Payer
C04341,Enterprise,ADSL,Web Booster,Regular Payer
C04342,SME,LTE,Web Family,Predictable Late Payer
C04343,Enterprise,LTE,Biz Speed,Regular Payer
C04344,Residential,ADSL,Web Family,Regular Payer
C04345,Enterprise,LTE,Web Family,Regular Payer
C04346,Residential,ADSL,Web Booster,Predictable Late Payer
C04347,Residential,LTE,Web Family,Regular Payer
C04348,Residential,ADSL,Biz Speed,Predictable Late Payer
C04349,SME,ADSL,Web Booster,Predictable Late Payer
C04350,Residential,Fiber,Biz Speed,Regular Payer
C04351,Residential,LTE,Web Booster,Regular Payer
C04352,Enterprise,LTE,Web Booster,Regular Payer
C04353,Enterprise,ADSL,Biz Speed,Predictable Late Payer
C04354,SME,Fiber,Web Family,Regular Payer
C04355,SME,Fiber,Biz Speed,High-Risk Non-Payer
C04356,Residential,Fiber,Biz Speed,Irregular Payer
C04357,SME,ADSL,Biz Speed,Regular Payer
C04358,Enterprise,LTE,Web Booster,Predictable Late Payer
C04359,Enterprise,ADSL,Web Family,Predictable Late Payer
C04360,SME,Fiber,Biz Speed,Regular Payer
C04361,Residential,Fiber,Web Family,Irregular Payer
C04362,Residential,LTE,Biz Speed,Regular Payer
C04363,SME,LTE,Web Booster,Predictable Late Payer
C04364,Residential,LTE,Web Booster,Predictable Late Payer
C04365,SME,ADSL,Web Family,Regular Payer
C04366,Residential,Fiber,Web Family,Predictable Late Payer
C04367,Residential,LTE,Web Family,Regular Payer
C04368,SME,ADSL,Biz Speed,High-Risk Non-Payer
C04369,Residential,Fiber,Web Booster,Regular Payer
C04370,Residential,LTE,Biz Speed,Irregular Payer
C04371,Residential,LTE,Web Booster,Predictable Late Payer
C04372,SME,Fiber,Web Family,Regular Payer
C04373,SME,LTE,Web Family,Regular Payer
C04374,Enterprise,ADSL,Biz Speed,Irregular Payer
C04375,SME,Fiber,Web Family,Regular Payer
C04376,Enterprise,Fiber,Web Booster,Irregular Payer
C04377,Enterprise,ADSL,Biz Speed,Regular Payer
C04378,Residential,ADSL,Biz Speed,Predictable Late Payer
C04379,Enterprise,ADSL,Web Family,Regular Payer
C04380,SME,ADSL,Web Booster,Regular Payer
C04381,SME,LTE,Web Booster,Predictable Late Payer
C04382,Residential,ADSL,Web Family,Predictable Late Payer
C04383,SME,ADSL,Web Booster,Irregular Payer
C04384,Residential,LTE,Web Family,Predictable Late Payer
C04385,Residential,Fiber,Biz Speed,Predictable Late Payer
C04386,Residential,ADSL,Web Family,Irregular Payer
C04387,SME,ADSL,Biz Speed,Predictable Late Payer
C04388,Residential,ADSL,Biz Speed,Regular Payer
C04389,SME,Fiber,Biz Speed,Regular Payer
C04390,SME,ADSL,Web Family,Regular Payer
C04391,SME,ADSL,Biz Speed,Predictable Late Payer
C04392,SME,ADSL,Biz Speed,Regular Payer
C04393,Residential,ADSL,Web Booster,Regular Payer
C04394,SME,LTE,Web Family,Irregular Payer
C04395,SME,ADSL,Biz Speed,Predictable Late Payer
C04396,SME,Fiber,Biz Speed,Regular Payer
C04397,Residential,LTE,Web Booster,Predictable Late Payer
C04398,SME,ADSL,Biz Speed,Regular Payer
C04399,Residential,LTE,Biz Speed,High-Risk Non-Payer
C04400,Enterprise,Fiber,Biz Speed,Regular Payer
C04401,Enterprise,ADSL,Web Family,Irregular Payer
C04402,Enterprise,Fiber,Web Family,Irregular Payer
C04403,SME,Fiber,Web Booster,Irregular Payer
C04404,Enterprise,ADSL,Web Family,Predictable Late Payer
C04405,Enterprise,Fiber,Web Booster,High-Risk Non-Payer
C04406,Enterprise,Fiber,Biz Speed,Regular Payer
C04407,Enterprise,LTE,Web Booster,Regular Payer
C04408,Enterprise,LTE,Biz Speed,High-Risk Non-Payer
C04409,Enterprise,ADSL,Web Booster,Regular Payer
C04410,SME,ADSL,Web Booster,Predictable Late Payer
C04411,Residential,Fiber,Biz Speed,Predictable Late Payer
C04412,Residential,ADSL,Web Family,Irregular Payer
C04413,Enterprise,Fiber,Web Booster,Regular Payer
C04414,Residential,ADSL,Web Booster,Regular Payer
C04415,SME,LTE,Web Family,Predictable Late Payer
C04416,Residential,Fiber,Web Family,Regular Payer
C04417,SME,Fiber,Web Family,Regular Payer
C04418,Enterprise,Fiber,Web Family,Regular Payer
C04419,Residential,LTE,Web Booster,Predictable Late Payer
C04420,Residential,ADSL,Biz Speed,Regular Payer
C04421,SME,LTE,Web Family,Regular Payer
C04422,Enterprise,ADSL,Web Booster,Predictable Late Payer
C04423,Enterprise,Fiber,Biz Speed,Predictable Late Payer
C04424,Residential,LTE,Web Booster,Regular Payer
C04425,SME,ADSL,Web Booster,Irregular Payer
C04426,SME,ADSL,Web Family,Predictable Late Payer
C04427,Enterprise,ADSL,Web Booster,High-Risk Non-Payer
C04428,Enterprise,LTE,Web Family,Regular Payer
C04429,SME,Fiber,Web Booster,Regular Payer
C04430,Residential,Fiber,Web Family,Irregular Payer
C04431,Enterprise,ADSL,Web Family,Predictable Late Payer
C04432,Enterprise,LTE,Web Family,Predictable Late Payer
C04433,SME,Fiber,Web Booster,Regular Payer
C04434,Enterprise,LTE,Web Family,Predictable Late Payer
C04435,Residential,Fiber,Biz Speed,Regular Payer
C04436,Enterprise,Fiber,Biz Speed,Predictable Late Payer
C04437,Enterprise,Fiber,Web Booster,Regular Payer
C04438,Enterprise,LTE,Biz Speed,Predictable Late Payer
C04439,Residential,LTE,Biz Speed,Regular Payer
C04440,Enterprise,LTE,Web Family,High-Risk Non-Payer
C04441,SME,Fiber,Web Family,Regular Payer
C04442,SME,LTE,Web Family,Predictable Late Payer
C04443,Residential,Fiber,Web Booster,Predictable Late Payer
C04444,Residential,LTE,Biz Speed,Irregular Payer
C04445,Residential,LTE,Web Family,Regular Payer
C04446,Residential,LTE,Biz Speed,Predictable Late Payer
C04447,SME,Fiber,Biz Speed,Predictable Late Payer
C04448,Enterprise,Fiber,Web Family,Regular Payer
C04449,Residential,ADSL,Biz Speed,Predictable Late Payer
C04450,SME,LTE,Web Booster,Irregular Payer
C04451,SME,Fiber,Biz Speed,Predictable Late Payer
C04452,Enterprise,LTE,Biz Speed,Predictable Late Payer
C04453,SME,LTE,Web Family,Regular Payer
C04454,Enterprise,ADSL,Web Booster,Regular Payer
C04455,Residential,LTE,Biz Speed,Regular Payer
C04456,SME,ADSL,Web Family,High-Risk Non-Payer
C04457,Residential,Fiber,Web Family,Regular Payer
C04458,Enterprise,Fiber,Biz Speed,Regular Payer
C04459,Enterprise,ADSL,Web Booster,Predictable Late Payer
C04460,SME,Fiber,Biz Speed,Regular Payer
C04461,SME,Fiber,Biz Speed,Regular Payer
C04462,Residential,Fiber,Web Booster,Regular Payer
C04463,Enterprise,LTE,Web Family,Regular Payer
C04464,Enterprise,Fiber,Web Family,Predictable Late Payer
C04465,SME,ADSL,Biz Speed,Regular Payer
C04466,Residential,LTE,Web Family,Irregular Payer
C04467,Residential,Fiber,Biz Speed,Predictable Late Payer
C04468,SME,Fiber,Web Family,Regular Payer
C04469,Enterprise,ADSL,Biz Speed,Predictable Late Payer
C04470,Residential,Fiber,Biz Speed,Regular Payer
C04471,Enterprise,Fiber,Web Family,Predictable Late Payer
C04472,Residential,ADSL,Web Family,Regular Payer
C04473,SME,ADSL,Web Booster,High-Risk Non-Payer
C04474,SME,LTE,Web Family,Irregular Payer
C04475,Residential,LTE,Web Booster,Regular Payer
C04476,Enterprise,ADSL,Web Booster,Regular Payer
C04477,Enterprise,Fiber,Biz Speed,High-Risk Non-Payer
C04478,SME,ADSL,Biz Speed,Irregular Payer
C04479,Enterprise,ADSL,Web Family,Regular Payer
C04480,Enterprise,LTE,Web Booster,Irregular Payer
C04481,SME,ADSL,Web Family,Predictable Late Payer
C04482,Enterprise,Fiber,Biz Speed,Irregular Payer
C04483,Residential,ADSL,Web Family,Regular Payer
C04484,SME,LTE,Web Booster,Predictable Late Payer
C04485,SME,LTE,Biz Speed,Predictable Late Payer
C04486,SME,LTE,Biz Speed,Predictable Late Payer
C04487,Enterprise,ADSL,Biz Speed,Predictable Late Payer
C04488,Enterprise,ADSL,Biz Speed,Predictable Late Payer
C04489,Enterprise,Fiber,Web Booster,Regular Payer
C04490,Enterprise,LTE,Web Booster,Predictable Late Payer
C04491,Enterprise,ADSL,Web Family,Regular Payer
C04492,SME,LTE,Web Booster,Predictable Late Payer
C04493,Residential,LTE,Web Booster,High-Risk Non-Payer
C04494,Enterprise,Fiber,Web Booster,High-Risk Non-Payer
C04495,Residential,LTE,Biz Speed,Predictable Late Payer
C04496,SME,LTE,Biz Speed,Predictable Late Payer
C04497,Enterprise,Fiber,Biz Speed,Irregular Payer
C04498,Residential,ADSL,Web Booster,Regular Payer
C04499,Enterprise,LTE,Biz Speed,Predictable Late Payer
C04500,SME,Fiber,Web Booster,Predictable Late Payer
C04501,Residential,Fiber,Biz Speed,Irregular Payer
C04502,SME,ADSL,Web Family,Regular Payer
C04503,Enterprise,LTE,Web Family,Irregular Payer
C04504,SME,LTE,Web Family,Regular Payer
C04505,Enterprise,LTE,Biz Speed,Predictable Late Payer
C04506,SME,Fiber,Web Booster,Predictable Late Payer
C04507,SME,Fiber,Web Booster,Irregular Payer
C04508,SME,Fiber,Web Family,Regular Payer
C04509,SME,LTE,Web Booster,High-Risk Non-Payer
C04510,Enterprise,ADSL,Web Booster,Predictable Late Payer
C04511,SME,Fiber,Web Booster,Regular Payer
C04512,SME,ADSL,Web Booster,Predictable Late Payer
C04513,SME,LTE,Web Booster,Regular Payer
C04514,Residential,Fiber,Web Family,Regular Payer
C04515,Residential,Fiber,Web Family,Regular Payer
C04516,Enterprise,ADSL,Web Booster,Regular Payer
C04517,Residential,ADSL,Biz Speed,Predictable Late Payer
C04518,Residential,ADSL,Biz Speed,Regular Payer
C04519,Residential,LTE,Biz Speed,Irregular Payer
C04520,SME,LTE,Web Family,Regular Payer
C04521,Enterprise,ADSL,Biz Speed,Irregular Payer
C04522,Enterprise,LTE,Web Family,Regular Payer
C04523,Enterprise,ADSL,Web Booster,Irregular Payer
C04524,Residential,LTE,Web Family,Predictable Late Payer
C04525,Residential,Fiber,Web Family,Predictable Late Payer
C04526,Enterprise,LTE,Web Booster,Regular Payer
C04527,Residential,LTE,Web Family,Regular Payer
C04528,Enterprise,Fiber,Web Family,High-Risk Non-Payer
C04529,SME,Fiber,Web Family,Regular Payer
C04530,SME,LTE,Biz Speed,Irregular Payer
C04531,SME,LTE,Web Family,Regular Payer
C04532,Residential,LTE,Biz Speed,Predictable Late Payer
C04533,Residential,ADSL,Web Booster,Irregular Payer
C04534,SME,Fiber,Biz Speed,Irregular Payer
C04535,Residential,ADSL,Web Booster,Predictable Late Payer
C04536,Enterprise,LTE,Web Booster,Regular Payer
C04537,Enterprise,ADSL,Web Booster,Irregular Payer
C04538,Enterprise,Fiber,Web Booster,Regular Payer
C04539,Residential,ADSL,Biz Speed,Predictable Late Payer
C04540,Residential,LTE,Web Family,Regular Payer
C04541,SME,LTE,Web Booster,Regular Payer
C04542,SME,Fiber,Web Booster,Predictable Late Payer
C04543,SME,Fiber,Biz Speed,High-Risk Non-Payer
C04544,Residential,ADSL,Biz Speed,Regular Payer
C04545,Enterprise,Fiber,Web Booster,Predictable Late Payer
C04546,SME,LTE,Web Family,Predictable Late Payer
C04547,Enterprise,LTE,Web Booster,Regular Payer
C04548,SME,LTE,Web Family,Regular Payer
C04549,SME,LTE,Web Family,Regular Payer
C04550,Enterprise,ADSL,Biz Speed,Predictable Late Payer
C04551,Residential,Fiber,Web Booster,Regular Payer
C04552,Residential,Fiber,Biz Speed,High-Risk Non-Payer
C04553,Residential,ADSL,Biz Speed,Predictable Late Payer
C04554,SME,Fiber,Biz Speed,High-Risk Non-Payer
C04555,SME,Fiber,Web Booster,Regular Payer
C04556,SME,LTE,Web Family,Regular Payer
C04557,SME,Fiber,Biz Speed,Regular Payer
C04558,Residential,ADSL,Web Family,Predictable Late Payer
C04559,Enterprise,Fiber,Web Booster,Predictable Late Payer
C04560,SME,Fiber,Web Family,Regular Payer
C04561,Residential,ADSL,Biz Speed,Regular Payer
C04562,Residential,LTE,Web Family,Predictable Late Payer
C04563,SME,ADSL,Web Booster,Irregular Payer
C04564,Residential,ADSL,Web Family,Regular Payer
C04565,Residential,LTE,Web Family,Irregular Payer
C04566,Enterprise,Fiber,Biz Speed,Predictable Late Payer
C04567,Residential,LTE,Web Family,Regular Payer
C04568,SME,Fiber,Web Family,Regular Payer
C04569,Enterprise,LTE,Biz Speed,Irregular Payer
C04570,SME,Fiber,Web Booster,Regular Payer
C04571,Residential,ADSL,Web Family,Regular Payer
C04572,Enterprise,Fiber,Web Family,High-Risk Non-Payer
C04573,Residential,Fiber,Web Booster,Predictable Late Payer
C04574,SME,ADSL,Web Booster,Predictable Late Payer
C04575,Enterprise,LTE,Biz Speed,Predictable Late Payer
C04576,Enterprise,ADSL,Web Booster,Irregular Payer
C04577,Enterprise,ADSL,Biz Speed,Predictable Late Payer
C04578,SME,ADSL,Web Booster,Regular Payer
C04579,SME,Fiber,Web Family,Regular Payer
C04580,Enterprise,LTE,Web Booster,Regular Payer
C04581,SME,LTE,Web Booster,Regular Payer
C04582,Residential,LTE,Web Booster,Regular Payer
C04583,Residential,Fiber,Web Booster,Irregular Payer
C04584,Residential,LTE,Biz Speed,Irregular Payer
C04585,Enterprise,Fiber,Biz Speed,Irregular Payer
C04586,SME,Fiber,Web Family,Regular Payer
C04587,Residential,LTE,Web Booster,Predictable Late Payer
C04588,SME,ADSL,Web Booster,Regular Payer
C04589,Residential,LTE,Web Family,Predictable Late Payer
C04590,Residential,Fiber,Web Family,Irregular Payer
C04591,Residential,LTE,Web Booster,Regular Payer
C04592,SME,LTE,Biz Speed,Irregular Payer
C04593,Residential,ADSL,Web Booster,Regular Payer
C04594,Enterprise,ADSL,Web Booster,Regular Payer
C04595,SME,Fiber,Web Booster,Regular Payer
C04596,SME,ADSL,Web Family,Regular Payer
C04597,Residential,Fiber,Biz Speed,Irregular Payer
C04598,SME,Fiber,Web Family,Predictable Late Payer
C04599,Enterprise,ADSL,Web Booster,Regular Payer
C04600,SME,LTE,Biz Speed,Predictable Late Payer
C04601,Enterprise,LTE,Web Booster,Regular Payer
C04602,Enterprise,ADSL,Web Family,Irregular Payer
C04603,SME,LTE,Biz Speed,Regular Payer
C04604,Enterprise,ADSL,Biz Speed,Predictable Late Payer
C04605,Residential,Fiber,Web Booster,Regular Payer
C04606,Enterprise,LTE,Biz Speed,Irregular Payer
C04607,SME,Fiber,Web Family,Irregular Payer
C04608,Residential,Fiber,Biz Speed,Regular Payer
C04609,SME,Fiber,Web Family,Regular Payer
C04610,Residential,Fiber,Web Family,Predictable Late Payer
C04611,Residential,LTE,Web Family,Predictable Late Payer
C04612,Enterprise,LTE,Web Family,Regular Payer
C04613,Residential,Fiber,Web Family,Regular Payer
C04614,SME,Fiber,Web Family,Predictable Late Payer
C04615,Residential,ADSL,Web Booster,Regular Payer
C04616,Enterprise,LTE,Web Booster,Predictable Late Payer
C04617,SME,LTE,Web Booster,Predictable Late Payer
C04618,Enterprise,ADSL,Web Booster,Predictable Late Payer
C04619,SME,ADSL,Web Family,Predictable Late Payer
C04620,Enterprise,ADSL,Biz Speed,Predictable Late Payer
C04621,Enterprise,Fiber,Web Family,Irregular Payer
C04622,SME,LTE,Web Booster,Regular Payer
C04623,Enterprise,LTE,Web Booster,High-Risk Non-Payer
C04624,SME,Fiber,Biz Speed,Regular Payer
C04625,SME,Fiber,Web Family,Predictable Late Payer
C04626,Residential,Fiber,Web Booster,High-Risk Non-Payer
C04627,Residential,ADSL,Biz Speed,Predictable Late Payer
C04628,SME,ADSL,Web Booster,Predictable Late Payer
C04629,SME,LTE,Web Family,Regular Payer
C04630,Enterprise,LTE,Biz Speed,Regular Payer
C04631,SME,Fiber,Web Booster,Predictable Late Payer
C04632,SME,Fiber,Web Booster,Predictable Late Payer
C04633,Residential,LTE,Web Booster,Regular Payer
C04634,Residential,LTE,Web Booster,High-Risk Non-Payer
C04635,SME,ADSL,Web Family,Predictable Late Payer
C04636,Residential,LTE,Web Family,Predictable Late Payer
C04637,Residential,LTE,Web Family,Predictable Late Payer
C04638,Enterprise,LTE,Web Family,Regular Payer
C04639,Residential,ADSL,Web Family,Regular Payer
C04640,SME,LTE,Web Family,High-Risk Non-Payer
C04641,Enterprise,ADSL,Web Family,High-Risk Non-Payer
C04642,Residential,LTE,Web Family,Regular Payer
C04643,SME,LTE,Biz Speed,Predictable Late Payer
C04644,Enterprise,LTE,Biz Speed,Predictable Late Payer
C04645,Residential,Fiber,Web Booster,Regular Payer
C04646,Residential,ADSL,Web Family,High-Risk Non-Payer
C04647,Enterprise,Fiber,Web Family,Irregular Payer
C04648,SME,LTE,Web Family,Regular Payer
C04649,SME,ADSL,Biz Speed,Regular Payer
C04650,Enterprise,LTE,Web Family,Regular Payer
C04651,Enterprise,LTE,Web Family,Predictable Late Payer
C04652,Enterprise,ADSL,Web Family,Predictable Late Payer
C04653,Residential,ADSL,Web Booster,Regular Payer
C04654,SME,ADSL,Web Family,Predictable Late Payer
C04655,SME,LTE,Biz Speed,Regular Payer
C04656,Enterprise,ADSL,Web Booster,Predictable Late Payer
C04657,Residential,LTE,Biz Speed,Regular Payer
C04658,Residential,LTE,Web Family,Irregular Payer
C04659,Residential,Fiber,Web Family,Predictable Late Payer
C04660,Residential,Fiber,Web Family,High-Risk Non-Payer
C04661,Residential,Fiber,Biz Speed,Regular Payer
C04662,SME,ADSL,Web Booster,Predictable Late Payer
C04663,Enterprise,LTE,Web Booster,Predictable Late Payer
C04664,Enterprise,ADSL,Biz Speed,Predictable Late Payer
C04665,Enterprise,LTE,Biz Speed,Regular Payer
C04666,SME,ADSL,Web Family,Regular Payer
C04667,SME,Fiber,Web Booster,Regular Payer
C04668,Residential,LTE,Web Booster,Regular Payer
C04669,SME,LTE,Biz Speed,High-Risk Non-Payer
C04670,Enterprise,LTE,Web Booster,Regular Payer
C04671,SME,ADSL,Biz Speed,Predictable Late Payer
C04672,SME,ADSL,Biz Speed,Regular Payer
C04673,Residential,LTE,Web Booster,Regular Payer
C04674,SME,Fiber,Web Family,Irregular Payer
C04675,Residential,ADSL,Biz Speed,Predictable Late Payer
C04676,SME,Fiber,Biz Speed,Regular Payer
C04677,Residential,Fiber,Biz Speed,Regular Payer
C04678,SME,ADSL,Web Booster,Regular Payer
C04679,Residential,LTE,Biz Speed,Regular Payer
C04680,Residential,LTE,Biz Speed,Predictable Late Payer
C04681,Enterprise,ADSL,Biz Speed,Regular Payer
C04682,SME,ADSL,Biz Speed,Predictable Late Payer
C04683,Enterprise,Fiber,Web Booster,Irregular Payer
C04684,Enterprise,Fiber,Web Booster,High-Risk Non-Payer
C04685,Enterprise,ADSL,Web Booster,Predictable Late Payer
C04686,SME,Fiber,Web Booster,Regular Payer
C04687,SME,ADSL,Biz Speed,High-Risk Non-Payer
C04688,Residential,LTE,Web Booster,High-Risk Non-Payer
C04689,Enterprise,ADSL,Web Family,High-Risk Non-Payer
C04690,Enterprise,Fiber,Web Booster,Regular Payer
C04691,Enterprise,Fiber,Web Family,Predictable Late Payer
C04692,Enterprise,LTE,Web Booster,Regular Payer
C04693,Enterprise,Fiber,Web Family,Regular Payer
C04694,SME,Fiber,Web Booster,Regular Payer
C04695,Residential,Fiber,Web Booster,Predictable Late Payer
C04696,Enterprise,LTE,Web Family,Predictable Late Payer
C04697,Enterprise,ADSL,Web Booster,Irregular Payer
C04698,Enterprise,Fiber,Web Booster,High-Risk Non-Payer
C04699,Residential,ADSL,Biz Speed,Predictable Late Payer
C04700,Residential,Fiber,Web Booster,Predictable Late Payer
C04701,SME,Fiber,Biz Speed,Predictable Late Payer
C04702,Residential,ADSL,Web Booster,Regular Payer
C04703,Enterprise,Fiber,Web Booster,Regular Payer
C04704,Residential,ADSL,Biz Speed,Regular Payer
C04705,Enterprise,LTE,Biz Speed,Regular Payer
C04706,Residential,LTE,Web Family,Irregular Payer
C04707,SME,Fiber,Web Booster,Regular Payer
C04708,Enterprise,ADSL,Biz Speed,Predictable Late Payer
C04709,Residential,Fiber,Web Family,Irregular Payer
C04710,Residential,Fiber,Web Family,Irregular Payer
C04711,SME,Fiber,Web Family,Irregular Payer
C04712,SME,Fiber,Biz Speed,Irregular Payer
C04713,Enterprise,LTE,Biz Speed,Regular Payer
C04714,Enterprise,ADSL,Web Booster,Irregular Payer
C04715,SME,Fiber,Web Booster,Regular Payer
C04716,Residential,ADSL,Web Booster,Irregular Payer
C04717,Enterprise,Fiber,Web Family,Regular Payer
C04718,SME,Fiber,Biz Speed,Irregular Payer
C04719,Enterprise,Fiber,Web Booster,High-Risk Non-Payer
C04720,Enterprise,LTE,Web Family,Regular Payer
C04721,SME,LTE,Web Family,Irregular Payer
C04722,SME,Fiber,Web Family,Regular Payer
C04723,Enterprise,LTE,Biz Speed,Irregular Payer
C04724,Residential,ADSL,Web Family,Irregular Payer
C04725,SME,ADSL,Web Booster,Regular Payer
C04726,Enterprise,LTE,Web Family,Irregular Payer
C04727,Residential,LTE,Web Family,Regular Payer
C04728,SME,Fiber,Biz Speed,High-Risk Non-Payer
C04729,Enterprise,LTE,Web Booster,Irregular Payer
C04730,Residential,LTE,Web Booster,Regular Payer
C04731,Residential,ADSL,Biz Speed,Predictable Late Payer
C04732,Residential,ADSL,Web Family,Predictable Late Payer
C04733,Enterprise,ADSL,Biz Speed,Irregular Payer
C04734,Residential,ADSL,Web Family,Irregular Payer
C04735,Enterprise,LTE,Web Family,Regular Payer
C04736,SME,LTE,Web Family,Irregular Payer
C04737,Residential,LTE,Biz Speed,High-Risk Non-Payer
C04738,Residential,ADSL,Web Booster,Irregular Payer
C04739,Residential,LTE,Web Booster,Irregular Payer
C04740,Residential,ADSL,Web Booster,Regular Payer
C04741,SME,ADSL,Web Booster,Predictable Late Payer
C04742,Residential,LTE,Web Booster,Regular Payer
C04743,Residential,Fiber,Biz Speed,Predictable Late Payer
C04744,Residential,LTE,Web Family,Regular Payer
C04745,SME,LTE,Web Booster,Irregular Payer
C04746,Residential,ADSL,Web Family,Predictable Late Payer
C04747,Residential,Fiber,Web Family,Regular Payer
C04748,Enterprise,ADSL,Web Family,Irregular Payer
C04749,Enterprise,ADSL,Biz Speed,Predictable Late Payer
C04750,Enterprise,ADSL,Web Booster,Regular Payer
C04751,SME,Fiber,Web Booster,High-Risk Non-Payer
C04752,SME,Fiber,Biz Speed,Regular Payer
C04753,Enterprise,Fiber,Web Family,Regular Payer
C04754,Enterprise,Fiber,Web Family,Irregular Payer
C04755,Residential,LTE,Web Booster,Predictable Late Payer
C04756,Residential,LTE,Web Family,Predictable Late Payer
C04757,Enterprise,Fiber,Web Family,Regular Payer
C04758,Residential,ADSL,Biz Speed,Irregular Payer
C04759,Residential,ADSL,Web Family,Predictable Late Payer
C04760,Enterprise,ADSL,Web Family,Regular Payer
C04761,Enterprise,ADSL,Web Family,High-Risk Non-Payer
C04762,Residential,ADSL,Biz Speed,Irregular Payer
C04763,Enterprise,ADSL,Web Family,Predictable Late Payer
C04764,Residential,Fiber,Web Booster,Regular Payer
C04765,Enterprise,LTE,Web Family,Irregular Payer
C04766,SME,LTE,Web Family,Predictable Late Payer
C04767,Enterprise,LTE,Biz Speed,Regular Payer
C04768,Residential,ADSL,Web Family,Irregular Payer
C04769,SME,ADSL,Biz Speed,Predictable Late Payer
C04770,Residential,LTE,Biz Speed,Regular Payer
C04771,SME,ADSL,Web Family,Predictable Late Payer
C04772,Enterprise,ADSL,Web Family,High-Risk Non-Payer
C04773,Residential,Fiber,Biz Speed,Regular Payer
C04774,Residential,ADSL,Web Family,Irregular Payer
C04775,Enterprise,LTE,Web Family,High-Risk Non-Payer
C04776,SME,Fiber,Biz Speed,Regular Payer
C04777,Residential,ADSL,Web Family,Irregular Payer
C04778,Residential,LTE,Web Family,Regular Payer
C04779,SME,Fiber,Web Family,Irregular Payer
C04780,Residential,LTE,Web Booster,High-Risk Non-Payer
C04781,SME,ADSL,Biz Speed,Predictable Late Payer
C04782,SME,ADSL,Web Family,Irregular Payer
C04783,Residential,Fiber,Web Booster,Regular Payer
C04784,Enterprise,ADSL,Web Family,Predictable Late Payer
C04785,SME,LTE,Web Family,Regular Payer
C04786,SME,LTE,Web Family,Regular Payer
C04787,Residential,ADSL,Web Booster,Predictable Late Payer
C04788,Residential,LTE,Web Family,Irregular Payer
C04789,Residential,LTE,Web Booster,Regular Payer
C04790,Residential,LTE,Biz Speed,Regular Payer
C04791,SME,LTE,Web Booster,Predictable Late Payer
C04792,SME,Fiber,Biz Speed,Irregular Payer
C04793,SME,LTE,Web Booster,Regular Payer
C04794,Residential,LTE,Web Family,Regular Payer
C04795,Residential,ADSL,Web Booster,Regular Payer
C04796,Enterprise,ADSL,Biz Speed,High-Risk Non-Payer
C04797,Residential,LTE,Biz Speed,Regular Payer
C04798,SME,ADSL,Web Family,Regular Payer
C04799,Enterprise,ADSL,Web Booster,Irregular Payer
C04800,Residential,Fiber,Biz Speed,High-Risk Non-Payer
C04801,Residential,Fiber,Web Booster,Regular Payer
C04802,Residential,ADSL,Biz Speed,Irregular Payer
C04803,Enterprise,ADSL,Web Family,Predictable Late Payer
C04804,Enterprise,Fiber,Web Family,High-Risk Non-Payer
C04805,SME,ADSL,Biz Speed,Predictable Late Payer
C04806,SME,Fiber,Web Booster,Regular Payer
C04807,Residential,ADSL,Web Booster,Irregular Payer
C04808,SME,LTE,Biz Speed,Irregular Payer
C04809,Enterprise,Fiber,Biz Speed,Predictable Late Payer
C04810,Enterprise,ADSL,Biz Speed,Regular Payer
C04811,SME,LTE,Biz Speed,Regular Payer
C04812,Residential,LTE,Web Family,Irregular Payer
C04813,SME,LTE,Web Family,Predictable Late Payer
C04814,SME,Fiber,Web Booster,High-Risk Non-Payer
C04815,Residential,ADSL,Web Family,Regular Payer
C04816,Residential,Fiber,Web Booster,Irregular Payer
C04817,Residential,LTE,Web Booster,Predictable Late Payer
C04818,Enterprise,Fiber,Web Family,Predictable Late Payer
C04819,Enterprise,LTE,Biz Speed,Regular Payer
C04820,Enterprise,Fiber,Web Family,Regular Payer
C04821,Residential,LTE,Web Family,High-Risk Non-Payer
C04822,SME,Fiber,Web Booster,Predictable Late Payer
C04823,SME,Fiber,Web Family,Regular Payer
C04824,Residential,ADSL,Web Family,Regular Payer
C04825,SME,ADSL,Biz Speed,Irregular Payer
C04826,Residential,Fiber,Web Booster,Predictable Late Payer
C04827,Enterprise,Fiber,Biz Speed,Irregular Payer
C04828,Enterprise,Fiber,Web Booster,Irregular Payer
C04829,Residential,LTE,Web Booster,Regular Payer
C04830,Enterprise,ADSL,Web Family,High-Risk Non-Payer
C04831,SME,Fiber,Web Booster,Predictable Late Payer
C04832,SME,LTE,Biz Speed,Predictable Late Payer
C04833,Residential,ADSL,Web Family,High-Risk Non-Payer
C04834,Enterprise,Fiber,Biz Speed,Regular Payer
C04835,Residential,Fiber,Web Family,Irregular Payer
C04836,Enterprise,Fiber,Web Family,Irregular Payer
C04837,Residential,Fiber,Web Booster,Predictable Late Payer
C04838,Enterprise,LTE,Web Family,Predictable Late Payer
C04839,Residential,Fiber,Biz Speed,High-Risk Non-Payer
C04840,Residential,LTE,Biz Speed,Irregular Payer
C04841,SME,ADSL,Web Booster,Regular Payer
C04842,Residential,Fiber,Web Booster,Regular Payer
C04843,Residential,LTE,Web Family,Predictable Late Payer
C04844,Enterprise,LTE,Web Family,Regular Payer
C04845,Residential,Fiber,Web Family,Regular Payer
C04846,Residential,LTE,Web Family,Predictable Late Payer
C04847,Residential,LTE,Biz Speed,Predictable Late Payer
C04848,Enterprise,ADSL,Biz Speed,High-Risk Non-Payer
C04849,Enterprise,ADSL,Web Booster,Irregular Payer
C04850,Residential,ADSL,Biz Speed,Predictable Late Payer
C04851,Residential,LTE,Web Booster,Regular Payer
C04852,SME,LTE,Web Booster,Regular Payer
C04853,Residential,ADSL,Web Family,Regular Payer
C04854,SME,LTE,Biz Speed,Predictable Late Payer
C04855,Residential,ADSL,Web Family,Irregular Payer
C04856,Residential,Fiber,Web Family,Irregular Payer
C04857,Enterprise,Fiber,Biz Speed,Predictable Late Payer
C04858,Enterprise,ADSL,Biz Speed,Irregular Payer
C04859,Residential,Fiber,Biz Speed,Regular Payer
C04860,Residential,Fiber,Web Family,High-Risk Non-Payer
C04861,Enterprise,ADSL,Biz Speed,Irregular Payer
C04862,Residential,ADSL,Biz Speed,Regular Payer
C04863,Enterprise,ADSL,Web Family,Regular Payer
C04864,SME,ADSL,Web Family,Irregular Payer
C04865,Residential,LTE,Web Booster,Irregular Payer
C04866,Residential,Fiber,Web Family,Predictable Late Payer
C04867,Residential,ADSL,Web Family,Predictable Late Payer
C04868,Residential,LTE,Biz Speed,Predictable Late Payer
C04869,Residential,ADSL,Web Booster,Predictable Late Payer
C04870,Enterprise,LTE,Web Booster,Regular Payer
C04871,Residential,Fiber,Biz Speed,Predictable Late Payer
C04872,Enterprise,Fiber,Web Family,Regular Payer
C04873,Enterprise,ADSL,Biz Speed,Regular Payer
C04874,Enterprise,Fiber,Web Booster,High-Risk Non-Payer
C04875,Residential,LTE,Biz Speed,Predictable Late Payer
C04876,Residential,ADSL,Biz Speed,High-Risk Non-Payer
C04877,Residential,ADSL,Web Family,High-Risk Non-Payer
C04878,SME,LTE,Biz Speed,Regular Payer
C04879,Enterprise,ADSL,Web Booster,Irregular Payer
C04880,SME,Fiber,Web Family,Predictable Late Payer
C04881,Residential,ADSL,Biz Speed,Predictable Late Payer
C04882,SME,LTE,Web Booster,Predictable Late Payer
C04883,Residential,Fiber,Web Family,Irregular Payer
C04884,SME,ADSL,Biz Speed,Irregular Payer
C04885,SME,LTE,Web Booster,Regular Payer
C04886,SME,LTE,Web Family,Regular Payer
C04887,Residential,Fiber,Biz Speed,Regular Payer
C04888,Residential,LTE,Web Booster,Predictable Late Payer
C04889,Residential,LTE,Biz Speed,Predictable Late Payer
C04890,Enterprise,Fiber,Web Booster,Regular Payer
C04891,Residential,Fiber,Web Booster,Regular Payer
C04892,SME,ADSL,Web Family,High-Risk Non-Payer
C04893,SME,ADSL,Web Family,Regular Payer
C04894,Residential,ADSL,Web Booster,Irregular Payer
C04895,Enterprise,ADSL,Web Family,Predictable Late Payer
C04896,Residential,LTE,Web Family,Regular Payer
C04897,Enterprise,ADSL,Biz Speed,Predictable Late Payer
C04898,SME,Fiber,Biz Speed,Irregular Payer
C04899,Enterprise,Fiber,Web Family,Regular Payer
C04900,SME,Fiber,Web Family,Irregular Payer
C04901,SME,ADSL,Web Family,Irregular Payer
C04902,Enterprise,ADSL,Web Family,Regular Payer
C04903,Enterprise,LTE,Biz Speed,Regular Payer
C04904,SME,LTE,Web Family,Predictable Late Payer
C04905,SME,ADSL,Web Family,Predictable Late Payer
C04906,Residential,LTE,Web Booster,Regular Payer
C04907,Enterprise,Fiber,Web Family,Predictable Late Payer
C04908,Enterprise,ADSL,Web Booster,Irregular Payer
C04909,Enterprise,ADSL,Biz Speed,Predictable Late Payer
C04910,Enterprise,LTE,Web Booster,Regular Payer
C04911,Residential,Fiber,Web Booster,Irregular Payer
C04912,Residential,LTE,Biz Speed,Irregular Payer
C04913,Enterprise,LTE,Web Family,Regular Payer
C04914,SME,Fiber,Web Booster,Irregular Payer
C04915,SME,LTE,Biz Speed,Regular Payer
C04916,SME,LTE,Web Booster,Irregular Payer
C04917,Residential,Fiber,Web Booster,Irregular Payer
C04918,Enterprise,ADSL,Web Booster,Regular Payer
C04919,Enterprise,Fiber,Web Booster,Regular Payer
C04920,Enterprise,Fiber,Biz Speed,Regular Payer
C04921,SME,LTE,Web Booster,Irregular Payer
C04922,SME,ADSL,Biz Speed,High-Risk Non-Payer
C04923,Enterprise,ADSL,Web Family,Irregular Payer
C04924,Enterprise,Fiber,Web Booster,Regular Payer
C04925,Enterprise,ADSL,Biz Speed,Regular Payer
C04926,SME,LTE,Biz Speed,High-Risk Non-Payer
C04927,SME,ADSL,Biz Speed,Regular Payer
C04928,Enterprise,LTE,Web Family,Regular Payer
C04929,Enterprise,Fiber,Web Booster,Regular Payer
C04930,Residential,Fiber,Web Booster,Regular Payer
C04931,Enterprise,LTE,Biz Speed,Regular Payer
C04932,Enterprise,Fiber,Web Booster,Irregular Payer
C04933,Residential,Fiber,Web Family,Regular Payer
C04934,Enterprise,LTE,Biz Speed,Predictable Late Payer
C04935,Residential,ADSL,Web Family,Predictable Late Payer
C04936,Residential,Fiber,Biz Speed,Regular Payer
C04937,Enterprise,Fiber,Web Booster,Regular Payer
C04938,SME,ADSL,Web Booster,High-Risk Non-Payer
C04939,Residential,LTE,Web Family,Irregular Payer
C04940,Residential,ADSL,Biz Speed,Predictable Late Payer
C04941,SME,LTE,Web Family,Predictable Late Payer
C04942,Enterprise,LTE,Biz Speed,Irregular Payer
C04943,Enterprise,Fiber,Web Family,High-Risk Non-Payer
C04944,Residential,Fiber,Web Family,Predictable Late Payer
C04945,SME,LTE,Web Family,Predictable Late Payer
C04946,Enterprise,ADSL,Web Family,Regular Payer
C04947,SME,LTE,Web Booster,Predictable Late Payer
C04948,SME,LTE,Biz Speed,Regular Payer
C04949,Enterprise,Fiber,Biz Speed,High-Risk Non-Payer
C04950,Residential,ADSL,Biz Speed,Regular Payer
C04951,SME,ADSL,Web Booster,Regular Payer
C04952,Residential,Fiber,Web Booster,Predictable Late Payer
C04953,Residential,ADSL,Biz Speed,Irregular Payer
C04954,SME,Fiber,Biz Speed,Regular Payer
C04955,Residential,LTE,Biz Speed,Predictable Late Payer
C04956,Residential,ADSL,Web Family,Irregular Payer
C04957,SME,Fiber,Web Family,Irregular Payer
C04958,Residential,Fiber,Biz Speed,Predictable Late Payer
C04959,Residential,Fiber,Web Family,Predictable Late Payer
C04960,SME,LTE,Web Booster,Regular Payer
C04961,SME,Fiber,Biz Speed,Irregular Payer
C04962,Enterprise,LTE,Web Family,Predictable Late Payer
C04963,SME,ADSL,Web Family,Irregular Payer
C04964,Enterprise,Fiber,Web Booster,Regular Payer
C04965,SME,LTE,Web Booster,High-Risk Non-Payer
C04966,Enterprise,Fiber,Biz Speed,Predictable Late Payer
C04967,Residential,ADSL,Web Family,Predictable Late Payer
C04968,Residential,Fiber,Web Family,Irregular Payer
C04969,Residential,ADSL,Web Family,Regular Payer
C04970,SME,ADSL,Web Family,Irregular Payer
C04971,Residential,LTE,Web Family,Predictable Late Payer
C04972,Residential,LTE,Biz Speed,Regular Payer
C04973,Residential,Fiber,Web Booster,Irregular Payer
C04974,SME,Fiber,Web Booster,Predictable Late Payer
C04975,Residential,LTE,Biz Speed,Regular Payer
C04976,Enterprise,LTE,Web Booster,Irregular Payer
C04977,Enterprise,Fiber,Biz Speed,Regular Payer
C04978,Enterprise,LTE,Web Booster,Irregular Payer
C04979,Residential,Fiber,Web Family,Regular Payer
C04980,Enterprise,Fiber,Biz Speed,High-Risk Non-Payer
C04981,Residential,LTE,Web Booster,Regular Payer
C04982,Enterprise,ADSL,Biz Speed,Irregular Payer
C04983,Residential,LTE,Web Family,Regular Payer
C04984,Enterprise,LTE,Biz Speed,Irregular Payer
C04985,Residential,Fiber,Biz Speed,Regular Payer
C04986,Enterprise,ADSL,Web Family,Predictable Late Payer
C04987,Residential,ADSL,Web Booster,High-Risk Non-Payer
C04988,Enterprise,ADSL,Web Family,Irregular Payer
C04989,SME,ADSL,Web Family,High-Risk Non-Payer
C04990,Enterprise,LTE,Web Booster,Predictable Late Payer
C04991,Residential,LTE,Biz Speed,Irregular Payer
C04992,Enterprise,ADSL,Web Booster,Irregular Payer
C04993,Enterprise,LTE,Biz Speed,Regular Payer
C04994,Enterprise,ADSL,Biz Speed,Irregular Payer
C04995,Enterprise,ADSL,Biz Speed,Predictable Late Payer
C04996,SME,Fiber,Biz Speed,Regular Payer
C04997,Enterprise,LTE,Biz Speed,Regular Payer
C04998,Enterprise,Fiber,Web Family,Regular Payer
C04999,Residential,LTE,Web Family,Irregular Payer
C05000,SME,ADSL,Biz Speed,Irregular Payer
C05001,Residential,Fiber,Web Family,Regular Payer
C05002,Residential,LTE,Web Family,Irregular Payer
C05003,SME,LTE,Biz Speed,Predictable Late Payer
C05004,Residential,LTE,Biz Speed,Predictable Late Payer
C05005,Enterprise,LTE,Web Family,Regular Payer
C05006,Residential,LTE,Web Booster,High-Risk Non-Payer
C05007,Residential,ADSL,Web Booster,Regular Payer
C05008,Residential,LTE,Biz Speed,High-Risk Non-Payer
C05009,Enterprise,Fiber,Biz Speed,Predictable Late Payer
C05010,SME,ADSL,Biz Speed,Predictable Late Payer
C05011,SME,ADSL,Web Family,Irregular Payer
C05012,Enterprise,Fiber,Biz Speed,Irregular Payer
C05013,Residential,LTE,Web Family,Irregular Payer
C05014,SME,ADSL,Web Family,High-Risk Non-Payer
C05015,Enterprise,ADSL,Biz Speed,Predictable Late Payer
C05016,Residential,ADSL,Web Family,Predictable Late Payer
C05017,SME,ADSL,Biz Speed,Regular Payer
C05018,Enterprise,LTE,Web Family,Irregular Payer
C05019,SME,ADSL,Web Booster,Regular Payer
C05020,Enterprise,Fiber,Web Family,Regular Payer
C05021,SME,LTE,Web Family,Predictable Late Payer
C05022,Enterprise,Fiber,Web Family,Irregular Payer
C05023,SME,ADSL,Web Booster,High-Risk Non-Payer
C05024,Residential,LTE,Web Family,Irregular Payer
C05025,SME,ADSL,Web Family,Regular Payer
C05026,SME,ADSL,Web Booster,Predictable Late Payer
C05027,Residential,Fiber,Web Family,Predictable Late Payer
C05028,Residential,Fiber,Web Family,Predictable Late Payer
C05029,Enterprise,LTE,Biz Speed,Regular Payer
C05030,SME,Fiber,Web Family,Regular Payer
C05031,SME,ADSL,Web Family,Regular Payer
C05032,Enterprise,Fiber,Biz Speed,Regular Payer
C05033,Residential,Fiber,Web Family,Regular Payer
C05034,Residential,ADSL,Biz Speed,Regular Payer
C05035,SME,ADSL,Biz Speed,Regular Payer
C05036,Enterprise,LTE,Web Family,Predictable Late Payer
C05037,Residential,ADSL,Biz Speed,Regular Payer
C05038,Enterprise,LTE,Biz Speed,Predictable Late Payer
C05039,Residential,Fiber,Biz Speed,Regular Payer
C05040,Enterprise,LTE,Web Booster,Regular Payer
C05041,SME,LTE,Web Booster,Predictable Late Payer
C05042,SME,Fiber,Web Family,Irregular Payer
C05043,SME,Fiber,Biz Speed,Predictable Late Payer
C05044,SME,ADSL,Web Family,Predictable Late Payer
C05045,SME,Fiber,Biz Speed,Irregular Payer
C05046,Enterprise,LTE,Biz Speed,Predictable Late Payer
C05047,SME,LTE,Web Family,High-Risk Non-Payer
C05048,Enterprise,ADSL,Biz Speed,Regular Payer
C05049,SME,Fiber,Web Booster,High-Risk Non-Payer
C05050,Enterprise,ADSL,Web Booster,Regular Payer
C05051,Residential,Fiber,Web Family,Predictable Late Payer
C05052,Residential,Fiber,Web Booster,Regular Payer
C05053,Residential,Fiber,Web Booster,High-Risk Non-Payer
C05054,SME,Fiber,Web Booster,Predictable Late Payer
C05055,Residential,LTE,Web Family,Regular Payer
C05056,Residential,ADSL,Web Family,Regular Payer
C05057,Residential,Fiber,Web Booster,Regular Payer
C05058,SME,Fiber,Biz Speed,High-Risk Non-Payer
C05059,SME,Fiber,Web Booster,Predictable Late Payer
C05060,Enterprise,LTE,Web Booster,Regular Payer
C05061,Residential,LTE,Web Family,Irregular Payer
C05062,Enterprise,LTE,Web Booster,Regular Payer
C05063,Residential,ADSL,Web Family,Irregular Payer
C05064,SME,Fiber,Web Family,Irregular Payer
C05065,SME,ADSL,Web Family,High-Risk Non-Payer
C05066,Residential,LTE,Web Booster,Regular Payer
C05067,Residential,Fiber,Web Booster,Regular Payer
C05068,SME,Fiber,Web Booster,Predictable Late Payer
C05069,Residential,Fiber,Web Booster,Irregular Payer
C05070,SME,ADSL,Biz Speed,Regular Payer
C05071,Residential,Fiber,Web Family,Irregular Payer
C05072,Enterprise,Fiber,Web Booster,Irregular Payer
C05073,Enterprise,ADSL,Web Family,Regular Payer
C05074,Residential,LTE,Biz Speed,High-Risk Non-Payer
C05075,SME,Fiber,Biz Speed,Predictable Late Payer
C05076,Enterprise,LTE,Biz Speed,Predictable Late Payer
C05077,SME,Fiber,Web Booster,Irregular Payer
C05078,Residential,ADSL,Web Family,Irregular Payer
C05079,Enterprise,Fiber,Biz Speed,Predictable Late Payer
C05080,SME,LTE,Web Family,Regular Payer
C05081,Enterprise,LTE,Biz Speed,Regular Payer
C05082,Enterprise,ADSL,Biz Speed,Irregular Payer
C05083,SME,LTE,Biz Speed,High-Risk Non-Payer
C05084,Residential,LTE,Web Booster,Irregular Payer
C05085,SME,LTE,Web Family,High-Risk Non-Payer
C05086,Enterprise,Fiber,Web Family,Regular Payer
C05087,Residential,LTE,Biz Speed,Regular Payer
C05088,Enterprise,Fiber,Web Family,Regular Payer
C05089,SME,LTE,Biz Speed,Regular Payer
C05090,SME,ADSL,Biz Speed,Regular Payer
C05091,SME,ADSL,Web Booster,High-Risk Non-Payer
C05092,Enterprise,LTE,Web Booster,Predictable Late Payer
C05093,Enterprise,Fiber,Biz Speed,Predictable Late Payer
C05094,Residential,Fiber,Biz Speed,Regular Payer
C05095,Enterprise,LTE,Web Booster,Irregular Payer
C05096,Residential,ADSL,Biz Speed,Predictable Late Payer
C05097,Enterprise,LTE,Web Family,Predictable Late Payer
C05098,Enterprise,ADSL,Web Booster,Irregular Payer
C05099,Residential,Fiber,Web Family,Irregular Payer
C05100,Residential,LTE,Web Family,High-Risk Non-Payer
C05101,Enterprise,ADSL,Web Family,Predictable Late Payer
C05102,Enterprise,LTE,Biz Speed,Predictable Late Payer
C05103,Enterprise,LTE,Biz Speed,High-Risk Non-Payer
C05104,Enterprise,Fiber,Web Booster,Irregular Payer
C05105,SME,ADSL,Biz Speed,Predictable Late Payer
C05106,Enterprise,Fiber,Biz Speed,Regular Payer
C05107,SME,LTE,Biz Speed,Predictable Late Payer
C05108,SME,Fiber,Biz Speed,Predictable Late Payer
C05109,Residential,LTE,Web Family,Regular Payer
C05110,Enterprise,LTE,Web Booster,Regular Payer
C05111,Residential,ADSL,Biz Speed,Regular Payer
C05112,Enterprise,LTE,Web Booster,Regular Payer
C05113,Residential,ADSL,Web Family,Irregular Payer
C05114,Enterprise,LTE,Web Booster,Predictable Late Payer
C05115,SME,LTE,Biz Speed,Regular Payer
C05116,Enterprise,ADSL,Web Booster,Predictable Late Payer
C05117,Enterprise,Fiber,Web Family,Regular Payer
C05118,Enterprise,Fiber,Web Booster,High-Risk Non-Payer
C05119,Residential,ADSL,Biz Speed,Regular Payer
C05120,Enterprise,Fiber,Web Booster,Predictable Late Payer
C05121,Enterprise,ADSL,Web Family,Regular Payer
C05122,Enterprise,LTE,Web Family,Predictable Late Payer
C05123,SME,LTE,Web Booster,Irregular Payer
C05124,SME,ADSL,Web Booster,Predictable Late Payer
C05125,Residential,ADSL,Web Family,Regular Payer
C05126,Enterprise,Fiber,Biz Speed,Regular Payer
C05127,SME,LTE,Web Booster,Regular Payer
C05128,Enterprise,LTE,Web Booster,Predictable Late Payer
C05129,Residential,Fiber,Web Booster,Irregular Payer
C05130,Enterprise,LTE,Web Family,Predictable Late Payer
C05131,Enterprise,Fiber,Biz Speed,Predictable Late Payer
C05132,Enterprise,LTE,Web Booster,Irregular Payer
C05133,Residential,Fiber,Biz Speed,High-Risk Non-Payer
C05134,Enterprise,Fiber,Web Booster,Predictable Late Payer
C05135,SME,Fiber,Biz Speed,Predictable Late Payer
C05136,SME,Fiber,Biz Speed,Irregular Payer
C05137,Enterprise,LTE,Web Family,High-Risk Non-Payer
C05138,SME,LTE,Web Family,High-Risk Non-Payer
C05139,Residential,LTE,Biz Speed,Regular Payer
C05140,Enterprise,Fiber,Web Booster,Predictable Late Payer
C05141,Enterprise,LTE,Web Family,Regular Payer
C05142,Enterprise,Fiber,Biz Speed,Irregular Payer
C05143,SME,LTE,Web Family,High-Risk Non-Payer
C05144,SME,ADSL,Web Booster,High-Risk Non-Payer
C05145,Enterprise,LTE,Web Family,Predictable Late Payer
C05146,SME,ADSL,Web Booster,Irregular Payer
C05147,Residential,Fiber,Web Family,Regular Payer
C05148,Enterprise,Fiber,Biz Speed,Irregular Payer
C05149,Enterprise,Fiber,Web Family,High-Risk Non-Payer
C05150,Enterprise,LTE,Web Family,Regular Payer
C05151,Enterprise,ADSL,Web Booster,Predictable Late Payer
C05152,SME,Fiber,Web Family,Irregular Payer
C05153,Residential,LTE,Web Booster,Regular Payer
C05154,SME,LTE,Web Family,Regular Payer
C05155,SME,Fiber,Web Family,Regular Payer
C05156,Residential,LTE,Biz Speed,Irregular Payer
C05157,SME,LTE,Biz Speed,Irregular Payer
C05158,Enterprise,Fiber,Web Family,Irregular Payer
C05159,SME,LTE,Web Family,Regular Payer
C05160,Enterprise,LTE,Web Family,Predictable Late Payer
C05161,Enterprise,Fiber,Web Booster,High-Risk Non-Payer
C05162,Residential,Fiber,Web Booster,Regular Payer
C05163,SME,ADSL,Biz Speed,High-Risk Non-Payer
C05164,Residential,ADSL,Biz Speed,Predictable Late Payer
C05165,Enterprise,Fiber,Biz Speed,Irregular Payer
C05166,Residential,LTE,Web Family,Regular Payer
C05167,Residential,Fiber,Biz Speed,Predictable Late Payer
C05168,SME,LTE,Web Family,Irregular Payer
C05169,SME,ADSL,Web Booster,Predictable Late Payer
C05170,SME,ADSL,Biz Speed,Predictable Late Payer
C05171,SME,ADSL,Web Booster,Regular Payer
C05172,Residential,Fiber,Web Booster,Irregular Payer
C05173,Enterprise,LTE,Biz Speed,Irregular Payer
C05174,SME,ADSL,Biz Speed,Regular Payer
C05175,Enterprise,LTE,Web Booster,Irregular Payer
C05176,SME,ADSL,Biz Speed,Regular Payer
C05177,Enterprise,Fiber,Web Booster,High-Risk Non-Payer
C05178,Residential,Fiber,Biz Speed,Predictable Late Payer
C05179,SME,Fiber,Web Family,High-Risk Non-Payer
C05180,Residential,Fiber,Web Family,Regular Payer
C05181,SME,LTE,Biz Speed,Regular Payer
C05182,Enterprise,Fiber,Web Family,High-Risk Non-Payer
C05183,Residential,ADSL,Web Family,Irregular Payer
C05184,SME,Fiber,Web Family,Regular Payer
C05185,SME,LTE,Web Family,Predictable Late Payer
C05186,Enterprise,ADSL,Web Booster,Predictable Late Payer
C05187,Residential,ADSL,Web Family,Regular Payer
C05188,SME,ADSL,Biz Speed,Predictable Late Payer
C05189,SME,ADSL,Biz Speed,High-Risk Non-Payer
C05190,SME,Fiber,Web Booster,High-Risk Non-Payer
C05191,Enterprise,Fiber,Web Booster,Predictable Late Payer
C05192,Enterprise,LTE,Biz Speed,High-Risk Non-Payer
C05193,Enterprise,LTE,Web Family,Irregular Payer
C05194,Residential,LTE,Biz Speed,High-Risk Non-Payer
C05195,Enterprise,Fiber,Web Booster,Regular Payer
C05196,Residential,ADSL,Web Family,Irregular Payer
C05197,Residential,ADSL,Biz Speed,Irregular Payer
C05198,Residential,ADSL,Web Family,Regular Payer
C05199,Residential,Fiber,Web Family,Predictable Late Payer
C05200,Enterprise,Fiber,Biz Speed,Regular Payer
C05201,Residential,Fiber,Web Booster,Irregular Payer
C05202,Residential,ADSL,Web Family,Predictable Late Payer
C05203,SME,Fiber,Web Family,Irregular Payer
C05204,SME,LTE,Web Family,Predictable Late Payer
C05205,SME,LTE,Biz Speed,Irregular Payer
C05206,Enterprise,LTE,Web Family,Irregular Payer
C05207,SME,LTE,Web Booster,Regular Payer
C05208,Enterprise,LTE,Biz Speed,Predictable Late Payer
C05209,SME,Fiber,Web Booster,Regular Payer
C05210,Enterprise,Fiber,Web Booster,Regular Payer
C05211,Residential,ADSL,Biz Speed,Irregular Payer
C05212,SME,ADSL,Biz Speed,Regular Payer
C05213,Residential,LTE,Web Family,Predictable Late Payer
C05214,Residential,ADSL,Web Booster,High-Risk Non-Payer
C05215,Enterprise,LTE,Web Family,Regular Payer
C05216,Enterprise,Fiber,Web Family,Predictable Late Payer
C05217,Enterprise,ADSL,Web Family,High-Risk Non-Payer
C05218,Enterprise,ADSL,Web Family,High-Risk Non-Payer
C05219,Residential,LTE,Web Family,Regular Payer
C05220,Enterprise,ADSL,Biz Speed,Regular Payer
C05221,SME,Fiber,Web Family,Irregular Payer
C05222,SME,ADSL,Biz Speed,Regular Payer
C05223,SME,Fiber,Biz Speed,Predictable Late Payer
C05224,Residential,Fiber,Web Booster,Predictable Late Payer
C05225,Enterprise,Fiber,Biz Speed,Irregular Payer
C05226,Enterprise,Fiber,Web Booster,Predictable Late Payer
C05227,SME,LTE,Web Booster,Regular Payer
C05228,Enterprise,ADSL,Web Booster,Irregular Payer
C05229,SME,Fiber,Web Family,Irregular Payer
C05230,SME,Fiber,Web Family,Predictable Late Payer
C05231,SME,LTE,Biz Speed,Irregular Payer
C05232,SME,ADSL,Biz Speed,Irregular Payer
C05233,Residential,LTE,Biz Speed,Irregular Payer
C05234,Enterprise,LTE,Web Family,Regular Payer
C05235,Residential,LTE,Web Family,Regular Payer
C05236,SME,Fiber,Biz Speed,High-Risk Non-Payer
C05237,SME,ADSL,Web Booster,Irregular Payer
C05238,Residential,LTE,Biz Speed,Irregular Payer
C05239,SME,Fiber,Biz Speed,High-Risk Non-Payer
C05240,Enterprise,Fiber,Web Family,Regular Payer
C05241,Enterprise,Fiber,Web Family,Irregular Payer
C05242,SME,ADSL,Biz Speed,Irregular Payer
C05243,Enterprise,Fiber,Web Family,Regular Payer
C05244,Residential,LTE,Biz Speed,Predictable Late Payer
C05245,Enterprise,LTE,Biz Speed,Predictable Late Payer
C05246,Enterprise,LTE,Web Booster,Predictable Late Payer
C05247,Enterprise,ADSL,Biz Speed,Irregular Payer
C05248,SME,ADSL,Biz Speed,Regular Payer
C05249,Residential,ADSL,Biz Speed,Regular Payer
C05250,Residential,Fiber,Web Family,Regular Payer
C05251,SME,Fiber,Web Booster,Predictable Late Payer
C05252,Enterprise,ADSL,Web Booster,Regular Payer
C05253,Residential,LTE,Web Family,High-Risk Non-Payer
C05254,Enterprise,ADSL,Web Family,Regular Payer
C05255,Residential,ADSL,Biz Speed,Regular Payer
C05256,Enterprise,ADSL,Biz Speed,Regular Payer
C05257,Residential,Fiber,Web Booster,Regular Payer
C05258,SME,ADSL,Biz Speed,Predictable Late Payer
C05259,Residential,ADSL,Web Family,High-Risk Non-Payer
C05260,Enterprise,LTE,Web Booster,Regular Payer
C05261,Enterprise,ADSL,Web Booster,Regular Payer
C05262,Residential,Fiber,Web Booster,Regular Payer
C05263,Residential,ADSL,Web Family,Regular Payer
C05264,Residential,Fiber,Biz Speed,High-Risk Non-Payer
C05265,SME,LTE,Web Booster,Irregular Payer
C05266,Residential,Fiber,Web Family,Predictable Late Payer
C05267,Enterprise,ADSL,Web Family,Regular Payer
C05268,SME,LTE,Web Family,Regular Payer
C05269,Residential,Fiber,Web Family,Predictable Late Payer
C05270,Residential,LTE,Web Family,Irregular Payer
C05271,Enterprise,ADSL,Biz Speed,Irregular Payer
C05272,Residential,Fiber,Biz Speed,Irregular Payer
C05273,Residential,Fiber,Web Booster,Predictable Late Payer
C05274,SME,LTE,Web Booster,Regular Payer
C05275,Residential,ADSL,Web Family,Predictable Late Payer
C05276,Enterprise,LTE,Biz Speed,Regular Payer
C05277,SME,Fiber,Web Family,Regular Payer
C05278,Residential,ADSL,Biz Speed,Regular Payer
C05279,Enterprise,Fiber,Web Booster,Irregular Payer
C05280,Enterprise,ADSL,Web Booster,High-Risk Non-Payer
C05281,Residential,ADSL,Web Booster,Regular Payer
C05282,Residential,ADSL,Web Family,Irregular Payer
C05283,SME,LTE,Biz Speed,Regular Payer
C05284,Residential,ADSL,Biz Speed,Predictable Late Payer
C05285,Residential,ADSL,Biz Speed,Predictable Late Payer
C05286,SME,Fiber,Biz Speed,Predictable Late Payer
C05287,Residential,Fiber,Web Family,High-Risk Non-Payer
C05288,Residential,Fiber,Web Booster,Regular Payer
C05289,SME,ADSL,Web Booster,Predictable Late Payer
C05290,SME,LTE,Web Family,Regular Payer
C05291,Residential,LTE,Web Family,Irregular Payer
C05292,Residential,Fiber,Web Family,High-Risk Non-Payer
C05293,Residential,LTE,Web Family,Regular Payer
C05294,Residential,LTE,Web Family,Predictable Late Payer
C05295,SME,Fiber,Web Family,Predictable Late Payer
C05296,Residential,LTE,Biz Speed,Irregular Payer
C05297,Residential,LTE,Web Booster,Irregular Payer
C05298,Residential,LTE,Web Family,Regular Payer
C05299,SME,ADSL,Biz Speed,High-Risk Non-Payer
C05300,Residential,LTE,Web Booster,Regular Payer
C05301,Residential,ADSL,Biz Speed,Predictable Late Payer
C05302,Residential,ADSL,Biz Speed,Irregular Payer
C05303,Residential,Fiber,Web Family,Regular Payer
C05304,Enterprise,LTE,Web Booster,High-Risk Non-Payer
C05305,Enterprise,ADSL,Web Booster,Regular Payer
C05306,SME,ADSL,Web Family,Regular Payer
C05307,Enterprise,ADSL,Web Booster,Regular Payer
C05308,SME,Fiber,Web Family,Regular Payer
C05309,Residential,Fiber,Web Booster,Predictable Late Payer
C05310,Residential,Fiber,Web Family,Predictable Late Payer
C05311,Residential,ADSL,Web Family,Regular Payer
C05312,Residential,ADSL,Web Booster,Predictable Late Payer
C05313,Residential,LTE,Web Booster,Regular Payer
C05314,Residential,LTE,Web Family,Predictable Late Payer
C05315,Residential,ADSL,Web Family,Predictable Late Payer
C05316,Enterprise,ADSL,Web Booster,Predictable Late Payer
C05317,Residential,ADSL,Web Family,Irregular Payer
C05318,Residential,LTE,Biz Speed,Regular Payer
C05319,Residential,Fiber,Biz Speed,Regular Payer
C05320,SME,Fiber,Web Family,Regular Payer
C05321,Enterprise,Fiber,Web Booster,Regular Payer
C05322,Residential,LTE,Web Booster,High-Risk Non-Payer
C05323,SME,LTE,Web Booster,Regular Payer
C05324,SME,Fiber,Web Family,Irregular Payer
C05325,Residential,Fiber,Biz Speed,Predictable Late Payer
C05326,SME,ADSL,Biz Speed,Predictable Late Payer
C05327,SME,LTE,Biz Speed,Predictable Late Payer
C05328,SME,LTE,Web Family,Regular Payer
C05329,Enterprise,Fiber,Web Booster,Regular Payer
C05330,Enterprise,Fiber,Biz Speed,Predictable Late Payer
C05331,SME,LTE,Web Booster,Irregular Payer
C05332,SME,Fiber,Web Family,Regular Payer
C05333,Residential,ADSL,Web Family,Irregular Payer
C05334,Enterprise,LTE,Web Family,Regular Payer
C05335,SME,LTE,Web Booster,Predictable Late Payer
C05336,SME,LTE,Biz Speed,Predictable Late Payer
C05337,Residential,Fiber,Web Family,Predictable Late Payer
C05338,SME,ADSL,Web Booster,Regular Payer
C05339,SME,Fiber,Web Family,Irregular Payer
C05340,SME,ADSL,Web Family,Predictable Late Payer
C05341,Enterprise,Fiber,Biz Speed,Predictable Late Payer
C05342,Enterprise,ADSL,Biz Speed,Predictable Late Payer
C05343,Enterprise,Fiber,Web Booster,Regular Payer
C05344,Enterprise,Fiber,Web Booster,Irregular Payer
C05345,Residential,LTE,Biz Speed,Predictable Late Payer
C05346,Residential,ADSL,Web Booster,Predictable Late Payer
C05347,Enterprise,LTE,Web Booster,Irregular Payer
C05348,Enterprise,LTE,Biz Speed,Regular Payer
C05349,Residential,Fiber,Web Booster,Predictable Late Payer
C05350,Enterprise,Fiber,Web Booster,Regular Payer
C05351,Enterprise,ADSL,Web Booster,Regular Payer
C05352,SME,Fiber,Web Family,Regular Payer
C05353,SME,Fiber,Web Booster,Predictable Late Payer
C05354,SME,Fiber,Web Family,Irregular Payer
C05355,SME,LTE,Web Family,Regular Payer
C05356,Enterprise,ADSL,Biz Speed,Predictable Late Payer
C05357,SME,ADSL,Biz Speed,High-Risk Non-Payer
C05358,Enterprise,LTE,Web Family,Regular Payer
C05359,SME,Fiber,Web Booster,Irregular Payer
C05360,Enterprise,Fiber,Web Family,Regular Payer
C05361,Residential,ADSL,Web Booster,Irregular Payer
C05362,Enterprise,Fiber,Web Family,Regular Payer
C05363,Residential,Fiber,Biz Speed,Predictable Late Payer
C05364,Residential,ADSL,Biz Speed,Predictable Late Payer
C05365,Residential,ADSL,Web Family,Regular Payer
C05366,Enterprise,ADSL,Biz Speed,Predictable Late Payer
C05367,Enterprise,ADSL,Biz Speed,Predictable Late Payer
C05368,Residential,Fiber,Web Family,High-Risk Non-Payer
C05369,Residential,ADSL,Biz Speed,Predictable Late Payer
C05370,Enterprise,LTE,Biz Speed,Predictable Late Payer
C05371,Residential,ADSL,Web Booster,Irregular Payer
C05372,SME,ADSL,Web Family,Regular Payer
C05373,Residential,LTE,Web Booster,Predictable Late Payer
C05374,Enterprise,Fiber,Biz Speed,High-Risk Non-Payer
C05375,Enterprise,LTE,Web Booster,High-Risk Non-Payer
C05376,Enterprise,Fiber,Web Family,Irregular Payer
C05377,SME,ADSL,Web Family,Predictable Late Payer
C05378,SME,LTE,Biz Speed,Regular Payer
C05379,Residential,Fiber,Web Booster,Predictable Late Payer
C05380,SME,ADSL,Web Booster,Regular Payer
C05381,Enterprise,ADSL,Web Family,High-Risk Non-Payer
C05382,Enterprise,LTE,Biz Speed,Irregular Payer
C05383,SME,Fiber,Biz Speed,Predictable Late Payer
C05384,Enterprise,ADSL,Web Family,Predictable Late Payer
C05385,SME,ADSL,Biz Speed,High-Risk Non-Payer
C05386,SME,ADSL,Biz Speed,Regular Payer
C05387,Residential,ADSL,Web Booster,Regular Payer
C05388,Residential,LTE,Web Family,Irregular Payer
C05389,SME,Fiber,Web Booster,Predictable Late Payer
C05390,SME,ADSL,Biz Speed,Regular Payer
C05391,SME,LTE,Biz Speed,Irregular Payer
C05392,Enterprise,ADSL,Biz Speed,Regular Payer
C05393,Enterprise,LTE,Web Booster,Regular Payer
C05394,SME,ADSL,Biz Speed,Predictable Late Payer
C05395,SME,Fiber,Web Booster,Predictable Late Payer
C05396,Enterprise,LTE,Biz Speed,Predictable Late Payer
C05397,Enterprise,LTE,Web Booster,Predictable Late Payer
C05398,Enterprise,LTE,Biz Speed,Predictable Late Payer
C05399,SME,LTE,Biz Speed,Regular Payer
C05400,Residential,LTE,Web Family,Regular Payer
C05401,SME,Fiber,Web Booster,Regular Payer
C05402,SME,ADSL,Web Family,Irregular Payer
C05403,SME,LTE,Biz Speed,Predictable Late Payer
C05404,Residential,ADSL,Biz Speed,High-Risk Non-Payer
C05405,Residential,LTE,Biz Speed,Predictable Late Payer
C05406,Enterprise,ADSL,Web Family,Predictable Late Payer
C05407,SME,Fiber,Web Booster,Regular Payer
C05408,Residential,ADSL,Web Booster,Predictable Late Payer
C05409,Residential,LTE,Web Family,Predictable Late Payer
C05410,Residential,Fiber,Web Booster,Regular Payer
C05411,Residential,ADSL,Biz Speed,Regular Payer
C05412,Enterprise,ADSL,Biz Speed,Irregular Payer
C05413,Residential,ADSL,Web Booster,Regular Payer
C05414,Residential,LTE,Biz Speed,Predictable Late Payer
C05415,Residential,LTE,Web Family,High-Risk Non-Payer
C05416,Residential,LTE,Web Booster,Predictable Late Payer
C05417,Residential,LTE,Web Booster,Irregular Payer
C05418,Enterprise,Fiber,Web Family,Regular Payer
C05419,SME,LTE,Web Booster,Regular Payer
C05420,Residential,ADSL,Web Family,Predictable Late Payer
C05421,Enterprise,Fiber,Web Family,Predictable Late Payer
C05422,SME,Fiber,Biz Speed,Predictable Late Payer
C05423,Residential,LTE,Biz Speed,Predictable Late Payer
C05424,Enterprise,Fiber,Biz Speed,Regular Payer
C05425,SME,ADSL,Biz Speed,Predictable Late Payer
C05426,Enterprise,ADSL,Web Family,Predictable Late Payer
C05427,Enterprise,Fiber,Web Booster,Predictable Late Payer
C05428,Enterprise,Fiber,Web Family,Regular Payer
C05429,SME,LTE,Web Booster,Predictable Late Payer
C05430,Residential,Fiber,Web Booster,Predictable Late Payer
C05431,SME,ADSL,Web Booster,High-Risk Non-Payer
C05432,Enterprise,LTE,Biz Speed,Predictable Late Payer
C05433,Enterprise,Fiber,Biz Speed,High-Risk Non-Payer
C05434,SME,ADSL,Biz Speed,Predictable Late Payer
C05435,SME,ADSL,Web Booster,Predictable Late Payer
C05436,Enterprise,Fiber,Web Booster,Regular Payer
C05437,SME,LTE,Biz Speed,Regular Payer
C05438,Residential,ADSL,Web Family,Irregular Payer
C05439,Enterprise,Fiber,Web Family,Irregular Payer
C05440,SME,LTE,Web Family,Predictable Late Payer
C05441,SME,ADSL,Web Family,Regular Payer
C05442,Residential,LTE,Web Family,Predictable Late Payer
C05443,Enterprise,Fiber,Web Family,Irregular Payer
C05444,Enterprise,ADSL,Web Booster,Regular Payer
C05445,SME,Fiber,Web Booster,High-Risk Non-Payer
C05446,Enterprise,Fiber,Web Family,Predictable Late Payer
C05447,SME,LTE,Web Booster,Predictable Late Payer
C05448,SME,LTE,Web Family,Regular Payer
C05449,Enterprise,ADSL,Biz Speed,Predictable Late Payer
C05450,Residential,LTE,Biz Speed,High-Risk Non-Payer
C05451,SME,Fiber,Web Family,Regular Payer
C05452,SME,LTE,Biz Speed,Irregular Payer
C05453,Enterprise,ADSL,Biz Speed,Predictable Late Payer
C05454,SME,LTE,Web Family,Regular Payer
C05455,SME,LTE,Web Family,Regular Payer
C05456,SME,LTE,Web Booster,Irregular Payer
C05457,SME,LTE,Web Booster,Predictable Late Payer
C05458,Residential,ADSL,Web Booster,Irregular Payer
C05459,SME,LTE,Web Family,Regular Payer
C05460,Enterprise,ADSL,Web Family,Predictable Late Payer
C05461,Residential,LTE,Web Booster,Irregular Payer
C05462,SME,Fiber,Biz Speed,Regular Payer
C05463,SME,LTE,Biz Speed,Regular Payer
C05464,Residential,LTE,Biz Speed,Regular Payer
C05465,Enterprise,LTE,Web Family,High-Risk Non-Payer
C05466,Residential,ADSL,Biz Speed,Predictable Late Payer
C05467,Residential,Fiber,Web Family,Regular Payer
C05468,Residential,LTE,Web Booster,High-Risk Non-Payer
C05469,SME,ADSL,Biz Speed,Predictable Late Payer
C05470,SME,Fiber,Web Booster,Predictable Late Payer
C05471,SME,Fiber,Web Family,Regular Payer
C05472,SME,ADSL,Web Family,Regular Payer
C05473,Enterprise,LTE,Biz Speed,Irregular Payer
C05474,Enterprise,LTE,Web Family,Regular Payer
C05475,Enterprise,Fiber,Web Family,Predictable Late Payer
C05476,Enterprise,LTE,Web Booster,Irregular Payer
C05477,Enterprise,Fiber,Web Family,Irregular Payer
C05478,Residential,ADSL,Biz Speed,Irregular Payer
C05479,SME,LTE,Web Family,High-Risk Non-Payer
C05480,SME,LTE,Web Family,High-Risk Non-Payer
C05481,SME,LTE,Web Family,Predictable Late Payer
C05482,SME,Fiber,Web Family,Irregular Payer
C05483,Residential,Fiber,Web Family,Predictable Late Payer
C05484,Residential,ADSL,Web Booster,Regular Payer
C05485,SME,LTE,Biz Speed,Predictable Late Payer
C05486,SME,ADSL,Web Family,Predictable Late Payer
C05487,SME,ADSL,Web Family,Regular Payer
C05488,SME,ADSL,Web Family,Regular Payer
C05489,Residential,ADSL,Biz Speed,Predictable Late Payer
C05490,Residential,ADSL,Web Booster,Irregular Payer
C05491,SME,LTE,Web Family,Regular Payer
C05492,SME,LTE,Web Booster,Predictable Late Payer
C05493,SME,ADSL,Web Booster,Regular Payer
C05494,Residential,Fiber,Web Family,Regular Payer
C05495,Residential,Fiber,Biz Speed,High-Risk Non-Payer
C05496,SME,ADSL,Biz Speed,Irregular Payer
C05497,Enterprise,LTE,Biz Speed,High-Risk Non-Payer
C05498,Enterprise,Fiber,Web Booster,Predictable Late Payer
C05499,SME,Fiber,Web Family,Predictable Late Payer
C05500,Enterprise,ADSL,Biz Speed,Irregular Payer
C05501,SME,Fiber,Web Family,Regular Payer
C05502,Enterprise,ADSL,Web Booster,Predictable Late Payer
C05503,Residential,LTE,Web Booster,Irregular Payer
C05504,Enterprise,ADSL,Web Family,Irregular Payer
C05505,Residential,ADSL,Web Booster,High-Risk Non-Payer
C05506,Residential,LTE,Web Booster,Irregular Payer
C05507,Residential,Fiber,Web Booster,Predictable Late Payer
C05508,Residential,LTE,Biz Speed,Predictable Late Payer
C05509,Residential,LTE,Biz Speed,Irregular Payer
C05510,SME,Fiber,Web Booster,Regular Payer
C05511,Enterprise,ADSL,Biz Speed,Regular Payer
C05512,Residential,ADSL,Web Booster,Predictable Late Payer
C05513,Enterprise,LTE,Biz Speed,High-Risk Non-Payer
C05514,SME,LTE,Web Family,Regular Payer
C05515,SME,ADSL,Web Booster,Regular Payer
C05516,SME,Fiber,Biz Speed,Regular Payer
C05517,Enterprise,LTE,Biz Speed,Regular Payer
C05518,Enterprise,ADSL,Web Family,Predictable Late Payer
C05519,Enterprise,Fiber,Web Family,Predictable Late Payer
C05520,Enterprise,ADSL,Biz Speed,Regular Payer
C05521,Enterprise,ADSL,Web Family,Regular Payer
C05522,SME,ADSL,Biz Speed,Predictable Late Payer
C05523,Enterprise,ADSL,Web Booster,Irregular Payer
C05524,Enterprise,ADSL,Web Booster,High-Risk Non-Payer
C05525,Enterprise,ADSL,Web Family,Irregular Payer
C05526,Enterprise,ADSL,Web Family,Regular Payer
C05527,SME,LTE,Biz Speed,Irregular Payer
C05528,SME,Fiber,Web Booster,Irregular Payer
C05529,Enterprise,Fiber,Web Booster,Regular Payer
C05530,Residential,Fiber,Biz Speed,High-Risk Non-Payer
C05531,Enterprise,ADSL,Web Booster,Irregular Payer
C05532,Residential,LTE,Web Family,High-Risk Non-Payer
C05533,Enterprise,ADSL,Web Family,Predictable Late Payer
C05534,Residential,ADSL,Web Family,Regular Payer
C05535,Residential,Fiber,Web Family,High-Risk Non-Payer
C05536,Enterprise,ADSL,Web Booster,Regular Payer
C05537,Residential,ADSL,Web Family,High-Risk Non-Payer
C05538,Enterprise,ADSL,Web Family,Irregular Payer
C05539,Enterprise,Fiber,Web Family,Regular Payer
C05540,Residential,Fiber,Web Family,Regular Payer
C05541,Residential,Fiber,Web Family,Regular Payer
C05542,Enterprise,LTE,Web Booster,Predictable Late Payer
C05543,Residential,Fiber,Web Family,Predictable Late Payer
C05544,Enterprise,ADSL,Biz Speed,Irregular Payer
C05545,Enterprise,LTE,Biz Speed,Regular Payer
C05546,Residential,ADSL,Web Family,Irregular Payer
C05547,Residential,LTE,Web Booster,Irregular Payer
C05548,SME,Fiber,Biz Speed,Regular Payer
C05549,Enterprise,LTE,Web Booster,Predictable Late Payer
C05550,Enterprise,Fiber,Biz Speed,Predictable Late Payer
C05551,Residential,LTE,Web Booster,Predictable Late Payer
C05552,Enterprise,ADSL,Web Family,Regular Payer
C05553,SME,LTE,Biz Speed,Regular Payer
C05554,Enterprise,Fiber,Web Family,Regular Payer
C05555,Enterprise,Fiber,Web Booster,Irregular Payer
C05556,SME,Fiber,Web Family,Regular Payer
C05557,SME,LTE,Biz Speed,Predictable Late Payer
C05558,SME,Fiber,Web Booster,Regular Payer
C05559,Enterprise,Fiber,Web Booster,Predictable Late Payer
C05560,Enterprise,LTE,Web Booster,Regular Payer
C05561,Residential,Fiber,Biz Speed,Regular Payer
C05562,SME,LTE,Web Family,Irregular Payer
C05563,Enterprise,Fiber,Web Booster,Regular Payer
C05564,SME,ADSL,Web Booster,Regular Payer
C05565,Enterprise,ADSL,Web Booster,Irregular Payer
C05566,SME,Fiber,Biz Speed,Predictable Late Payer
C05567,SME,ADSL,Web Family,Predictable Late Payer
C05568,Enterprise,Fiber,Web Booster,Predictable Late Payer
C05569,SME,ADSL,Biz Speed,Predictable Late Payer
C05570,Enterprise,LTE,Web Family,Regular Payer
C05571,SME,Fiber,Biz Speed,Regular Payer
C05572,SME,ADSL,Biz Speed,Predictable Late Payer
C05573,Enterprise,ADSL,Web Family,Predictable Late Payer
C05574,Enterprise,ADSL,Biz Speed,Predictable Late Payer
C05575,Enterprise,Fiber,Web Booster,Regular Payer
C05576,Enterprise,LTE,Web Family,Regular Payer
C05577,Residential,ADSL,Web Booster,Irregular Payer
C05578,Residential,ADSL,Biz Speed,Regular Payer
C05579,Residential,Fiber,Web Family,Predictable Late Payer
C05580,Enterprise,LTE,Web Booster,Irregular Payer
C05581,Enterprise,ADSL,Biz Speed,Predictable Late Payer
C05582,Residential,LTE,Web Family,Regular Payer
C05583,Residential,ADSL,Web Family,Irregular Payer
C05584,Enterprise,LTE,Web Family,High-Risk Non-Payer
C05585,SME,LTE,Web Booster,Predictable Late Payer
C05586,Residential,LTE,Web Booster,Predictable Late Payer
C05587,Enterprise,Fiber,Biz Speed,Irregular Payer
C05588,SME,LTE,Web Booster,Predictable Late Payer
C05589,Residential,Fiber,Biz Speed,Predictable Late Payer
C05590,Enterprise,ADSL,Web Family,Regular Payer
C05591,Enterprise,ADSL,Biz Speed,Predictable Late Payer
C05592,Residential,LTE,Web Booster,Regular Payer
C05593,Residential,ADSL,Web Booster,Regular Payer
C05594,Enterprise,Fiber,Web Booster,Regular Payer
C05595,Enterprise,LTE,Biz Speed,Irregular Payer
C05596,SME,Fiber,Web Family,Irregular Payer
C05597,SME,ADSL,Web Booster,Regular Payer
C05598,Residential,LTE,Web Booster,Irregular Payer
C05599,Residential,Fiber,Biz Speed,Regular Payer
C05600,SME,LTE,Web Family,Irregular Payer
C05601,Residential,ADSL,Web Family,Regular Payer
C05602,SME,Fiber,Biz Speed,Irregular Payer
C05603,SME,LTE,Web Family,Predictable Late Payer
C05604,Residential,Fiber,Web Booster,Irregular Payer
C05605,SME,Fiber,Biz Speed,Regular Payer
C05606,Enterprise,ADSL,Web Booster,Irregular Payer
C05607,SME,Fiber,Web Family,Regular Payer
C05608,Enterprise,ADSL,Biz Speed,Regular Payer
C05609,Enterprise,LTE,Biz Speed,Predictable Late Payer
C05610,Residential,Fiber,Web Booster,Regular Payer
C05611,Enterprise,LTE,Web Family,Predictable Late Payer
C05612,Residential,LTE,Biz Speed,Predictable Late Payer
C05613,Residential,Fiber,Web Family,Predictable Late Payer
C05614,Residential,ADSL,Web Family,Irregular Payer
C05615,Residential,ADSL,Web Family,Regular Payer
C05616,SME,Fiber,Biz Speed,Irregular Payer
C05617,Enterprise,LTE,Web Family,High-Risk Non-Payer
C05618,SME,Fiber,Biz Speed,Regular Payer
C05619,Residential,Fiber,Web Booster,Regular Payer
C05620,SME,ADSL,Web Booster,Predictable Late Payer
C05621,Residential,LTE,Web Booster,High-Risk Non-Payer
C05622,Enterprise,Fiber,Biz Speed,Predictable Late Payer
C05623,SME,ADSL,Biz Speed,Regular Payer
C05624,SME,Fiber,Biz Speed,Regular Payer
C05625,Enterprise,ADSL,Web Booster,Predictable Late Payer
C05626,Enterprise,ADSL,Web Family,Irregular Payer
C05627,SME,LTE,Web Family,Predictable Late Payer
C05628,SME,LTE,Web Family,Predictable Late Payer
C05629,Enterprise,Fiber,Biz Speed,Irregular Payer
C05630,Enterprise,Fiber,Web Booster,Regular Payer
C05631,SME,ADSL,Web Family,Regular Payer
C05632,Enterprise,Fiber,Web Family,Regular Payer
C05633,Residential,Fiber,Web Booster,Irregular Payer
C05634,Enterprise,ADSL,Web Booster,Regular Payer
C05635,Residential,Fiber,Web Booster,Irregular Payer
C05636,Residential,ADSL,Web Booster,Predictable Late Payer
C05637,Enterprise,Fiber,Web Booster,Irregular Payer
C05638,Residential,LTE,Biz Speed,Regular Payer
C05639,SME,ADSL,Web Booster,Regular Payer
C05640,SME,LTE,Web Family,Predictable Late Payer
C05641,Residential,ADSL,Web Booster,Irregular Payer
C05642,Enterprise,ADSL,Web Family,Predictable Late Payer
C05643,Residential,LTE,Web Family,Regular Payer
C05644,Enterprise,LTE,Web Booster,High-Risk Non-Payer
C05645,Enterprise,Fiber,Web Booster,Regular Payer
C05646,SME,LTE,Web Booster,Irregular Payer
C05647,SME,LTE,Web Booster,Predictable Late Payer
C05648,SME,Fiber,Web Booster,High-Risk Non-Payer
C05649,Residential,Fiber,Biz Speed,Regular Payer
C05650,Residential,ADSL,Web Family,Predictable Late Payer
C05651,SME,LTE,Web Family,Regular Payer
C05652,Enterprise,ADSL,Web Booster,Irregular Payer
C05653,Enterprise,ADSL,Web Family,Irregular Payer
C05654,Residential,Fiber,Web Family,Predictable Late Payer
C05655,Enterprise,LTE,Web Family,Predictable Late Payer
C05656,Enterprise,Fiber,Web Family,Regular Payer
C05657,SME,ADSL,Web Booster,Predictable Late Payer
C05658,Residential,ADSL,Biz Speed,Regular Payer
C05659,Enterprise,Fiber,Web Booster,Irregular Payer
C05660,SME,Fiber,Web Booster,Irregular Payer
C05661,SME,ADSL,Web Family,Predictable Late Payer
C05662,Residential,Fiber,Biz Speed,Regular Payer
C05663,SME,LTE,Biz Speed,Regular Payer
C05664,Residential,Fiber,Web Family,Irregular Payer
C05665,Enterprise,Fiber,Web Family,Regular Payer
C05666,SME,Fiber,Biz Speed,High-Risk Non-Payer
C05667,SME,ADSL,Biz Speed,Predictable Late Payer
C05668,SME,LTE,Biz Speed,Irregular Payer
C05669,SME,Fiber,Web Booster,Regular Payer
C05670,SME,Fiber,Web Booster,Irregular Payer
C05671,Residential,LTE,Biz Speed,Predictable Late Payer
C05672,SME,ADSL,Biz Speed,Predictable Late Payer
C05673,SME,ADSL,Web Family,High-Risk Non-Payer
C05674,Enterprise,Fiber,Web Family,Regular Payer
C05675,SME,LTE,Biz Speed,Predictable Late Payer
C05676,SME,ADSL,Web Family,Regular Payer
C05677,Enterprise,Fiber,Web Family,Regular Payer
C05678,Residential,Fiber,Web Family,Predictable Late Payer
C05679,Enterprise,ADSL,Biz Speed,High-Risk Non-Payer
C05680,SME,Fiber,Web Family,Predictable Late Payer
C05681,Enterprise,ADSL,Web Family,High-Risk Non-Payer
C05682,Enterprise,LTE,Biz Speed,Predictable Late Payer
C05683,Residential,ADSL,Web Booster,Regular Payer
C05684,Residential,LTE,Biz Speed,Predictable Late Payer
C05685,Residential,Fiber,Web Booster,Regular Payer
C05686,Residential,Fiber,Web Booster,High-Risk Non-Payer
C05687,Enterprise,ADSL,Web Family,Predictable Late Payer
C05688,SME,ADSL,Web Booster,High-Risk Non-Payer
C05689,Enterprise,Fiber,Web Family,Predictable Late Payer
C05690,Enterprise,LTE,Web Booster,Regular Payer
C05691,Enterprise,Fiber,Web Booster,Predictable Late Payer
C05692,Enterprise,ADSL,Web Family,Irregular Payer
C05693,Residential,ADSL,Web Family,Predictable Late Payer
C05694,SME,LTE,Biz Speed,Predictable Late Payer
C05695,SME,Fiber,Web Family,Regular Payer
C05696,SME,LTE,Web Booster,Irregular Payer
C05697,Residential,LTE,Web Booster,Regular Payer
C05698,Residential,ADSL,Web Booster,Irregular Payer
C05699,Residential,LTE,Web Family,High-Risk Non-Payer
C05700,SME,LTE,Web Family,Irregular Payer
C05701,Residential,LTE,Web Family,Predictable Late Payer
C05702,SME,Fiber,Biz Speed,Regular Payer
C05703,Residential,ADSL,Biz Speed,Irregular Payer
C05704,Residential,Fiber,Web Family,Regular Payer
C05705,Residential,Fiber,Web Family,Irregular Payer
C05706,Residential,ADSL,Web Family,Predictable Late Payer
C05707,SME,ADSL,Web Family,Regular Payer
C05708,Residential,ADSL,Biz Speed,Predictable Late Payer
C05709,SME,ADSL,Web Booster,Regular Payer
C05710,Residential,Fiber,Web Family,Regular Payer
C05711,SME,Fiber,Web Family,Predictable Late Payer
C05712,Residential,LTE,Biz Speed,Regular Payer
C05713,SME,LTE,Biz Speed,Predictable Late Payer
C05714,Enterprise,LTE,Web Booster,Irregular Payer
C05715,Residential,Fiber,Web Family,Predictable Late Payer
C05716,Enterprise,LTE,Web Booster,Regular Payer
C05717,Residential,Fiber,Web Family,Predictable Late Payer
C05718,Residential,Fiber,Biz Speed,Regular Payer
C05719,SME,LTE,Biz Speed,Regular Payer
C05720,SME,LTE,Web Booster,Irregular Payer
C05721,Enterprise,ADSL,Web Family,Regular Payer
C05722,SME,Fiber,Web Family,Irregular Payer
C05723,Residential,Fiber,Biz Speed,Irregular Payer
C05724,Residential,Fiber,Web Family,Predictable Late Payer
C05725,Residential,Fiber,Biz Speed,Irregular Payer
C05726,Enterprise,ADSL,Web Family,Regular Payer
C05727,Enterprise,Fiber,Biz Speed,Predictable Late Payer
C05728,SME,ADSL,Web Family,Predictable Late Payer
C05729,Enterprise,Fiber,Web Booster,Regular Payer
C05730,Residential,ADSL,Web Booster,Regular Payer
C05731,SME,LTE,Biz Speed,Predictable Late Payer
C05732,Enterprise,ADSL,Web Booster,Predictable Late Payer
C05733,SME,ADSL,Web Booster,Regular Payer
C05734,Enterprise,Fiber,Web Booster,Predictable Late Payer
C05735,Residential,ADSL,Web Family,Irregular Payer
C05736,SME,Fiber,Web Booster,Predictable Late Payer
C05737,Enterprise,ADSL,Web Family,Regular Payer
C05738,SME,ADSL,Web Family,Predictable Late Payer
C05739,Enterprise,LTE,Web Family,Irregular Payer
C05740,SME,LTE,Web Booster,Irregular Payer
C05741,Enterprise,Fiber,Biz Speed,Regular Payer
C05742,Enterprise,LTE,Web Family,Regular Payer
C05743,Residential,ADSL,Web Family,Predictable Late Payer
C05744,Enterprise,Fiber,Biz Speed,High-Risk Non-Payer
C05745,Residential,Fiber,Biz Speed,High-Risk Non-Payer
C05746,Residential,LTE,Web Family,Regular Payer
C05747,SME,LTE,Biz Speed,Regular Payer
C05748,Residential,ADSL,Biz Speed,Irregular Payer
C05749,Residential,LTE,Web Booster,Predictable Late Payer
C05750,Enterprise,Fiber,Biz Speed,Regular Payer
C05751,Residential,ADSL,Biz Speed,Irregular Payer
C05752,Residential,Fiber,Biz Speed,Regular Payer
C05753,Residential,LTE,Biz Speed,Predictable Late Payer
C05754,Residential,Fiber,Web Family,Irregular Payer
C05755,SME,LTE,Web Family,Predictable Late Payer
C05756,Residential,Fiber,Web Booster,Irregular Payer
C05757,Residential,Fiber,Biz Speed,Regular Payer
C05758,SME,Fiber,Web Booster,Regular Payer
C05759,Residential,Fiber,Biz Speed,High-Risk Non-Payer
C05760,Residential,LTE,Biz Speed,Irregular Payer
C05761,Residential,LTE,Web Booster,Predictable Late Payer
C05762,SME,ADSL,Web Family,Predictable Late Payer
C05763,Residential,Fiber,Web Family,Predictable Late Payer
C05764,Enterprise,Fiber,Biz Speed,Regular Payer
C05765,Enterprise,ADSL,Biz Speed,Regular Payer
C05766,SME,LTE,Biz Speed,Regular Payer
C05767,Residential,ADSL,Biz Speed,High-Risk Non-Payer
C05768,Residential,Fiber,Web Family,Regular Payer
C05769,Enterprise,ADSL,Web Booster,Regular Payer
C05770,SME,LTE,Web Family,Regular Payer
C05771,Residential,Fiber,Web Family,Predictable Late Payer
C05772,Residential,ADSL,Web Family,Regular Payer
C05773,Enterprise,LTE,Web Booster,Irregular Payer
C05774,SME,LTE,Web Family,Regular Payer
C05775,Enterprise,LTE,Web Family,Regular Payer
C05776,Enterprise,LTE,Web Booster,Regular Payer
C05777,SME,ADSL,Web Booster,Irregular Payer
C05778,SME,LTE,Biz Speed,Regular Payer
C05779,SME,LTE,Web Family,Predictable Late Payer
C05780,Enterprise,Fiber,Biz Speed,Regular Payer
C05781,SME,LTE,Web Family,Regular Payer
C05782,Enterprise,LTE,Web Family,Predictable Late Payer
C05783,Residential,Fiber,Web Booster,Regular Payer
C05784,Residential,Fiber,Web Booster,High-Risk Non-Payer
C05785,SME,Fiber,Web Booster,Predictable Late Payer
C05786,Enterprise,LTE,Biz Speed,Predictable Late Payer
C05787,SME,LTE,Biz Speed,Regular Payer
C05788,Enterprise,ADSL,Biz Speed,Predictable Late Payer
C05789,Residential,ADSL,Biz Speed,Predictable Late Payer
C05790,Enterprise,ADSL,Biz Speed,Regular Payer
C05791,Enterprise,LTE,Web Family,Predictable Late Payer
C05792,Enterprise,LTE,Biz Speed,Regular Payer
C05793,Enterprise,ADSL,Biz Speed,Regular Payer
C05794,Residential,Fiber,Biz Speed,Regular Payer
C05795,Residential,Fiber,Biz Speed,High-Risk Non-Payer
C05796,SME,LTE,Web Family,Irregular Payer
C05797,Enterprise,Fiber,Web Booster,Predictable Late Payer
C05798,Residential,Fiber,Web Booster,High-Risk Non-Payer
C05799,Residential,ADSL,Web Family,Regular Payer
C05800,Enterprise,LTE,Biz Speed,Predictable Late Payer
C05801,SME,Fiber,Web Booster,High-Risk Non-Payer
C05802,SME,LTE,Web Booster,Irregular Payer
C05803,SME,ADSL,Biz Speed,Predictable Late Payer
C05804,SME,LTE,Web Booster,Predictable Late Payer
C05805,Enterprise,ADSL,Web Booster,Irregular Payer
C05806,Enterprise,LTE,Web Family,Regular Payer
C05807,Residential,LTE,Web Booster,Predictable Late Payer
C05808,SME,LTE,Web Booster,High-Risk Non-Payer
C05809,Enterprise,ADSL,Web Booster,High-Risk Non-Payer
C05810,Residential,LTE,Web Family,High-Risk Non-Payer
C05811,Residential,Fiber,Web Family,Regular Payer
C05812,SME,Fiber,Biz Speed,Predictable Late Payer
C05813,Residential,ADSL,Web Booster,High-Risk Non-Payer
C05814,Enterprise,LTE,Biz Speed,Regular Payer
C05815,SME,Fiber,Web Booster,Predictable Late Payer
C05816,SME,LTE,Biz Speed,Regular Payer
C05817,SME,LTE,Web Family,Regular Payer
C05818,Residential,Fiber,Web Booster,Irregular Payer
C05819,SME,Fiber,Web Family,Regular Payer
C05820,Enterprise,ADSL,Web Family,Regular Payer
C05821,SME,Fiber,Web Booster,Regular Payer
C05822,Enterprise,LTE,Biz Speed,Predictable Late Payer
C05823,Residential,Fiber,Web Family,High-Risk Non-Payer
C05824,Residential,LTE,Web Booster,Irregular Payer
C05825,Residential,ADSL,Web Family,Predictable Late Payer
C05826,SME,Fiber,Biz Speed,Irregular Payer
C05827,Residential,Fiber,Biz Speed,High-Risk Non-Payer
C05828,Residential,ADSL,Biz Speed,Predictable Late Payer
C05829,Residential,LTE,Biz Speed,Irregular Payer
C05830,Residential,Fiber,Web Family,Regular Payer
C05831,Enterprise,ADSL,Web Booster,Regular Payer
C05832,Enterprise,LTE,Web Booster,Regular Payer
C05833,SME,ADSL,Web Booster,Irregular Payer
C05834,Residential,LTE,Biz Speed,Irregular Payer
C05835,SME,LTE,Biz Speed,Predictable Late Payer
C05836,Enterprise,LTE,Web Family,Regular Payer
C05837,Residential,ADSL,Web Family,Irregular Payer
C05838,Enterprise,Fiber,Biz Speed,Predictable Late Payer
C05839,SME,ADSL,Web Family,Regular Payer
C05840,SME,LTE,Web Booster,Regular Payer
C05841,SME,LTE,Biz Speed,Regular Payer
C05842,Residential,Fiber,Web Booster,Regular Payer
C05843,SME,Fiber,Biz Speed,Irregular Payer
C05844,Enterprise,ADSL,Web Booster,Irregular Payer
C05845,SME,ADSL,Web Family,Regular Payer
C05846,SME,LTE,Biz Speed,Predictable Late Payer
C05847,Residential,Fiber,Web Family,High-Risk Non-Payer
C05848,SME,ADSL,Web Family,Irregular Payer
C05849,Residential,LTE,Web Family,Regular Payer
C05850,Enterprise,Fiber,Web Family,Predictable Late Payer
C05851,Enterprise,LTE,Web Family,High-Risk Non-Payer
C05852,Enterprise,Fiber,Web Family,Irregular Payer
C05853,Enterprise,ADSL,Biz Speed,Regular Payer
C05854,Residential,Fiber,Web Family,Regular Payer
C05855,SME,ADSL,Web Booster,Regular Payer
C05856,Residential,ADSL,Web Booster,Regular Payer
C05857,Enterprise,Fiber,Biz Speed,Predictable Late Payer
C05858,Enterprise,ADSL,Biz Speed,Irregular Payer
C05859,Residential,LTE,Web Family,Irregular Payer
C05860,Enterprise,LTE,Biz Speed,Predictable Late Payer
C05861,Residential,Fiber,Web Family,Regular Payer
C05862,Enterprise,LTE,Web Family,Predictable Late Payer
C05863,Residential,ADSL,Biz Speed,Predictable Late Payer
C05864,Residential,LTE,Web Booster,Irregular Payer
C05865,Enterprise,ADSL,Web Family,Irregular Payer
C05866,Residential,Fiber,Web Family,Predictable Late Payer
C05867,Residential,ADSL,Web Booster,High-Risk Non-Payer
C05868,SME,LTE,Web Family,High-Risk Non-Payer
C05869,Enterprise,LTE,Web Family,Predictable Late Payer
C05870,SME,ADSL,Web Booster,Irregular Payer
C05871,Residential,ADSL,Web Family,Irregular Payer
C05872,Residential,LTE,Web Family,Regular Payer
C05873,SME,Fiber,Web Family,Regular Payer
C05874,SME,ADSL,Biz Speed,Regular Payer
C05875,Enterprise,ADSL,Biz Speed,Predictable Late Payer
C05876,Residential,ADSL,Web Family,High-Risk Non-Payer
C05877,SME,ADSL,Biz Speed,Predictable Late Payer
C05878,Enterprise,LTE,Biz Speed,Irregular Payer
C05879,SME,LTE,Web Family,Regular Payer
C05880,SME,Fiber,Web Family,Regular Payer
C05881,Residential,ADSL,Web Family,Regular Payer
C05882,Residential,ADSL,Biz Speed,Regular Payer
C05883,Residential,ADSL,Web Booster,Regular Payer
C05884,Residential,LTE,Biz Speed,High-Risk Non-Payer
C05885,Enterprise,ADSL,Web Family,Irregular Payer
C05886,Enterprise,ADSL,Biz Speed,Irregular Payer
C05887,Residential,ADSL,Web Booster,Predictable Late Payer
C05888,SME,Fiber,Biz Speed,High-Risk Non-Payer
C05889,SME,Fiber,Web Booster,Predictable Late Payer
C05890,SME,Fiber,Biz Speed,Irregular Payer
C05891,SME,Fiber,Web Family,Irregular Payer
C05892,Residential,ADSL,Web Family,Regular Payer
C05893,Enterprise,LTE,Web Booster,Regular Payer
C05894,Residential,Fiber,Web Booster,Predictable Late Payer
C05895,Residential,ADSL,Web Booster,Irregular Payer
C05896,Enterprise,ADSL,Web Booster,Regular Payer
C05897,Enterprise,Fiber,Web Family,Irregular Payer
C05898,Residential,LTE,Biz Speed,Regular Payer
C05899,SME,ADSL,Web Booster,Regular Payer
C05900,Enterprise,LTE,Biz Speed,Regular Payer
C05901,Residential,LTE,Biz Speed,Regular Payer
C05902,SME,Fiber,Web Booster,Regular Payer
C05903,Enterprise,Fiber,Web Family,High-Risk Non-Payer
C05904,Enterprise,Fiber,Web Booster,Regular Payer
C05905,Enterprise,LTE,Web Family,Regular Payer
C05906,Enterprise,LTE,Web Booster,Predictable Late Payer
C05907,Residential,ADSL,Biz Speed,Regular Payer
C05908,Enterprise,LTE,Biz Speed,High-Risk Non-Payer
C05909,Enterprise,LTE,Web Booster,Predictable Late Payer
C05910,SME,Fiber,Web Family,Predictable Late Payer
C05911,Residential,Fiber,Web Family,Regular Payer
C05912,SME,Fiber,Biz Speed,Regular Payer
C05913,Enterprise,ADSL,Web Booster,Regular Payer
C05914,Enterprise,ADSL,Web Family,Regular Payer
C05915,Residential,Fiber,Biz Speed,Regular Payer
C05916,Enterprise,LTE,Biz Speed,Predictable Late Payer
C05917,Enterprise,ADSL,Biz Speed,Predictable Late Payer
C05918,Residential,ADSL,Biz Speed,Predictable Late Payer
C05919,Residential,Fiber,Web Booster,Predictable Late Payer
C05920,SME,Fiber,Web Family,Irregular Payer
C05921,Residential,Fiber,Web Booster,Predictable Late Payer
C05922,Enterprise,Fiber,Web Booster,High-Risk Non-Payer
C05923,Enterprise,ADSL,Biz Speed,Predictable Late Payer
C05924,SME,ADSL,Biz Speed,Predictable Late Payer
C05925,Residential,ADSL,Web Family,High-Risk Non-Payer
C05926,Enterprise,ADSL,Biz Speed,Predictable Late Payer
C05927,Residential,Fiber,Biz Speed,Regular Payer
C05928,SME,LTE,Web Booster,Regular Payer
C05929,Enterprise,ADSL,Biz Speed,Irregular Payer
C05930,Enterprise,LTE,Web Family,Regular Payer
C05931,Residential,Fiber,Web Family,Regular Payer
C05932,Residential,LTE,Web Family,Irregular Payer
C05933,SME,LTE,Web Booster,High-Risk Non-Payer
C05934,Enterprise,ADSL,Web Booster,Irregular Payer
C05935,SME,LTE,Web Family,Irregular Payer
C05936,Residential,Fiber,Web Booster,High-Risk Non-Payer
C05937,SME,LTE,Web Booster,Regular Payer
C05938,Enterprise,LTE,Web Booster,Predictable Late Payer
C05939,Enterprise,LTE,Biz Speed,Predictable Late Payer
C05940,SME,Fiber,Web Booster,Irregular Payer
C05941,SME,LTE,Web Booster,Predictable Late Payer
C05942,Residential,LTE,Web Booster,Regular Payer
C05943,SME,Fiber,Web Booster,Regular Payer
C05944,Residential,LTE,Web Family,Regular Payer
C05945,Enterprise,LTE,Web Booster,Predictable Late Payer
C05946,Enterprise,Fiber,Web Booster,Predictable Late Payer
C05947,Residential,ADSL,Biz Speed,Predictable Late Payer
C05948,Residential,ADSL,Biz Speed,Regular Payer
C05949,SME,Fiber,Web Family,Predictable Late Payer
C05950,Enterprise,LTE,Biz Speed,Regular Payer
C05951,SME,LTE,Web Family,Regular Payer
C05952,Residential,LTE,Web Booster,Predictable Late Payer
C05953,SME,LTE,Web Family,High-Risk Non-Payer
C05954,SME,ADSL,Web Booster,High-Risk Non-Payer
C05955,Enterprise,ADSL,Biz Speed,Irregular Payer
C05956,Enterprise,LTE,Web Booster,High-Risk Non-Payer
C05957,SME,ADSL,Web Booster,Regular Payer
C05958,SME,LTE,Web Booster,Irregular Payer
C05959,SME,ADSL,Web Booster,Irregular Payer
C05960,SME,ADSL,Web Family,Regular Payer
C05961,Enterprise,ADSL,Web Family,Irregular Payer
C05962,Residential,ADSL,Web Booster,Regular Payer
C05963,SME,LTE,Web Family,Predictable Late Payer
C05964,SME,LTE,Web Booster,Regular Payer
C05965,Enterprise,ADSL,Biz Speed,Predictable Late Payer
C05966,Residential,Fiber,Web Family,Predictable Late Payer
C05967,Enterprise,LTE,Web Family,Predictable Late Payer
C05968,SME,ADSL,Web Family,High-Risk Non-Payer
C05969,Enterprise,ADSL,Biz Speed,Irregular Payer
C05970,Enterprise,ADSL,Web Booster,Regular Payer
C05971,Residential,Fiber,Web Family,High-Risk Non-Payer
C05972,Enterprise,LTE,Web Family,Regular Payer
C05973,Residential,Fiber,Web Booster,Irregular Payer
C05974,SME,LTE,Web Booster,Irregular Payer
C05975,Enterprise,LTE,Web Family,Regular Payer
C05976,Enterprise,LTE,Web Booster,Regular Payer
C05977,Enterprise,Fiber,Web Family,Regular Payer
C05978,Residential,Fiber,Web Booster,Regular Payer
C05979,SME,LTE,Web Booster,High-Risk Non-Payer
C05980,Residential,ADSL,Biz Speed,Regular Payer
C05981,Residential,Fiber,Web Family,Irregular Payer
C05982,SME,Fiber,Web Family,Irregular Payer
C05983,Residential,ADSL,Web Booster,Regular Payer
C05984,SME,LTE,Biz Speed,Irregular Payer
C05985,SME,Fiber,Web Booster,Predictable Late Payer
C05986,Enterprise,ADSL,Web Booster,High-Risk Non-Payer
C05987,Enterprise,LTE,Web Family,High-Risk Non-Payer
C05988,Enterprise,Fiber,Web Family,Regular Payer
C05989,SME,ADSL,Web Booster,Regular Payer
C05990,Enterprise,LTE,Web Booster,Regular Payer
C05991,Residential,Fiber,Web Family,High-Risk Non-Payer
C05992,Enterprise,LTE,Web Family,Irregular Payer
C05993,SME,Fiber,Web Family,Irregular Payer
C05994,Residential,ADSL,Biz Speed,Regular Payer
C05995,Residential,Fiber,Web Booster,Predictable Late Payer
C05996,Residential,LTE,Web Booster,Regular Payer
C05997,Residential,Fiber,Web Booster,Regular Payer
C05998,SME,ADSL,Biz Speed,Predictable Late Payer
C05999,Enterprise,ADSL,Biz Speed,Irregular Payer
C06000,SME,ADSL,Web Family,Regular Payer
C06001,Enterprise,LTE,Biz Speed,Irregular Payer
C06002,Residential,ADSL,Web Booster,Regular Payer
C06003,Enterprise,Fiber,Web Family,Irregular Payer
C06004,Enterprise,Fiber,Biz Speed,Predictable Late Payer
C06005,SME,LTE,Web Booster,Regular Payer
C06006,SME,Fiber,Web Family,Regular Payer
C06007,SME,Fiber,Web Family,Regular Payer
C06008,SME,Fiber,Web Family,Regular Payer
C06009,Enterprise,ADSL,Web Booster,Predictable Late Payer
C06010,SME,Fiber,Web Booster,Irregular Payer
C06011,Enterprise,Fiber,Web Family,Regular Payer
C06012,Enterprise,Fiber,Biz Speed,Irregular Payer
C06013,Residential,Fiber,Web Family,Regular Payer
C06014,SME,ADSL,Web Family,Regular Payer
C06015,Residential,Fiber,Web Family,Regular Payer
C06016,SME,LTE,Web Booster,Predictable Late Payer
C06017,Enterprise,ADSL,Web Family,Predictable Late Payer
C06018,SME,LTE,Web Booster,High-Risk Non-Payer
C06019,Residential,LTE,Web Booster,Regular Payer
C06020,SME,ADSL,Biz Speed,Regular Payer
C06021,SME,Fiber,Biz Speed,Regular Payer
C06022,SME,ADSL,Web Booster,Regular Payer
C06023,Residential,Fiber,Web Family,Irregular Payer
C06024,Enterprise,LTE,Web Booster,Regular Payer
C06025,Residential,Fiber,Web Booster,Irregular Payer
C06026,Residential,Fiber,Web Family,Predictable Late Payer
C06027,SME,Fiber,Biz Speed,Irregular Payer
C06028,Residential,Fiber,Web Booster,Irregular Payer
C06029,Residential,ADSL,Web Family,Regular Payer
C06030,SME,Fiber,Web Booster,Irregular Payer
C06031,Enterprise,LTE,Web Booster,Predictable Late Payer
C06032,Enterprise,LTE,Biz Speed,Irregular Payer
C06033,Residential,LTE,Biz Speed,Predictable Late Payer
C06034,SME,LTE,Web Booster,Predictable Late Payer
C06035,Enterprise,ADSL,Web Family,High-Risk Non-Payer
C06036,Residential,LTE,Web Booster,Predictable Late Payer
C06037,Residential,ADSL,Web Booster,Regular Payer
C06038,Enterprise,LTE,Biz Speed,Regular Payer
C06039,Enterprise,Fiber,Web Family,Regular Payer
C06040,Enterprise,Fiber,Biz Speed,Irregular Payer
C06041,SME,LTE,Web Booster,Irregular Payer
C06042,SME,ADSL,Web Booster,High-Risk Non-Payer
C06043,Enterprise,ADSL,Web Family,High-Risk Non-Payer
C06044,SME,Fiber,Biz Speed,Regular Payer
C06045,Enterprise,Fiber,Web Family,Regular Payer
C06046,Residential,Fiber,Web Family,Regular Payer
C06047,SME,ADSL,Web Family,Regular Payer
C06048,SME,ADSL,Biz Speed,Predictable Late Payer
C06049,Enterprise,ADSL,Web Family,Predictable Late Payer
C06050,Residential,LTE,Web Family,Irregular Payer
C06051,SME,LTE,Biz Speed,Regular Payer
C06052,Enterprise,Fiber,Biz Speed,Regular Payer
C06053,Residential,ADSL,Biz Speed,Predictable Late Payer
C06054,Enterprise,LTE,Web Family,Predictable Late Payer
C06055,Enterprise,Fiber,Web Booster,Regular Payer
C06056,Residential,Fiber,Web Booster,High-Risk Non-Payer
C06057,Enterprise,LTE,Web Family,Regular Payer
C06058,SME,Fiber,Web Family,Regular Payer
C06059,SME,Fiber,Web Family,Regular Payer
C06060,Residential,LTE,Biz Speed,Regular Payer
C06061,SME,ADSL,Biz Speed,Regular Payer
C06062,Residential,Fiber,Biz Speed,Irregular Payer
C06063,Enterprise,ADSL,Web Family,Regular Payer
C06064,SME,LTE,Web Booster,Predictable Late Payer
C06065,Residential,LTE,Biz Speed,Irregular Payer
C06066,SME,ADSL,Biz Speed,Predictable Late Payer
C06067,SME,Fiber,Web Booster,Predictable Late Payer
C06068,Residential,Fiber,Web Booster,Predictable Late Payer
C06069,SME,ADSL,Biz Speed,Regular Payer
C06070,Enterprise,LTE,Web Family,Irregular Payer
C06071,SME,LTE,Web Booster,Predictable Late Payer
C06072,Residential,LTE,Web Booster,Predictable Late Payer
C06073,Residential,Fiber,Biz Speed,Irregular Payer
C06074,SME,Fiber,Web Booster,Regular Payer
C06075,SME,LTE,Web Booster,Irregular Payer
C06076,Residential,LTE,Biz Speed,Regular Payer
C06077,SME,Fiber,Web Booster,Regular Payer
C06078,Residential,Fiber,Biz Speed,Regular Payer
C06079,Enterprise,LTE,Biz Speed,Irregular Payer
C06080,Residential,Fiber,Biz Speed,Regular Payer
C06081,Residential,LTE,Web Booster,Regular Payer
C06082,Residential,ADSL,Web Booster,Regular Payer
C06083,Enterprise,ADSL,Biz Speed,Predictable Late Payer
C06084,SME,Fiber,Web Booster,Predictable Late Payer
C06085,Residential,ADSL,Web Booster,Regular Payer
C06086,Enterprise,ADSL,Web Booster,Predictable Late Payer
C06087,Residential,Fiber,Web Booster,Regular Payer
C06088,SME,ADSL,Web Booster,Predictable Late Payer
C06089,Residential,ADSL,Biz Speed,Predictable Late Payer
C06090,Residential,Fiber,Web Family,Irregular Payer
C06091,Residential,ADSL,Biz Speed,Irregular Payer
C06092,Residential,Fiber,Web Booster,Predictable Late Payer
C06093,Residential,ADSL,Web Family,Regular Payer
C06094,Enterprise,Fiber,Web Family,Irregular Payer
C06095,Residential,Fiber,Web Family,Regular Payer
C06096,SME,ADSL,Biz Speed,High-Risk Non-Payer
C06097,Residential,ADSL,Web Booster,Predictable Late Payer
C06098,SME,ADSL,Web Booster,Predictable Late Payer
C06099,SME,LTE,Web Family,Regular Payer
C06100,Enterprise,Fiber,Biz Speed,Regular Payer
C06101,Enterprise,ADSL,Web Family,Regular Payer
C06102,SME,Fiber,Biz Speed,Regular Payer
C06103,SME,Fiber,Biz Speed,High-Risk Non-Payer
C06104,SME,LTE,Biz Speed,Predictable Late Payer
C06105,Residential,LTE,Biz Speed,Regular Payer
C06106,Enterprise,LTE,Biz Speed,Predictable Late Payer
C06107,SME,ADSL,Web Booster,Irregular Payer
C06108,Residential,ADSL,Web Booster,Irregular Payer
C06109,Residential,LTE,Biz Speed,Regular Payer
C06110,Enterprise,Fiber,Biz Speed,High-Risk Non-Payer
C06111,Residential,Fiber,Web Family,Regular Payer
C06112,Residential,LTE,Biz Speed,Regular Payer
C06113,SME,Fiber,Biz Speed,Regular Payer
C06114,Residential,Fiber,Web Booster,Irregular Payer
C06115,Enterprise,ADSL,Biz Speed,Irregular Payer
C06116,Residential,LTE,Biz Speed,Predictable Late Payer
C06117,SME,ADSL,Biz Speed,Predictable Late Payer
C06118,Enterprise,LTE,Biz Speed,Predictable Late Payer
C06119,Residential,ADSL,Web Family,Predictable Late Payer
C06120,Residential,Fiber,Biz Speed,Predictable Late Payer
C06121,Residential,Fiber,Web Booster,Predictable Late Payer
C06122,Residential,ADSL,Biz Speed,Irregular Payer
C06123,Enterprise,Fiber,Web Family,Regular Payer
C06124,Residential,ADSL,Web Family,Predictable Late Payer
C06125,Residential,ADSL,Web Booster,Regular Payer
C06126,Residential,Fiber,Web Booster,Predictable Late Payer
C06127,SME,Fiber,Web Booster,Regular Payer
C06128,Enterprise,Fiber,Biz Speed,Irregular Payer
C06129,SME,ADSL,Biz Speed,Regular Payer
C06130,SME,ADSL,Web Family,Predictable Late Payer
C06131,Enterprise,ADSL,Web Family,Regular Payer
C06132,SME,ADSL,Biz Speed,Predictable Late Payer
C06133,SME,LTE,Web Family,Irregular Payer
C06134,Residential,ADSL,Web Family,Irregular Payer
C06135,Enterprise,ADSL,Web Booster,Predictable Late Payer
C06136,Residential,Fiber,Web Booster,Predictable Late Payer
C06137,Enterprise,Fiber,Biz Speed,Regular Payer
C06138,Residential,ADSL,Biz Speed,High-Risk Non-Payer
C06139,SME,Fiber,Web Booster,Predictable Late Payer
C06140,Residential,LTE,Biz Speed,Regular Payer
C06141,Residential,Fiber,Web Family,Regular Payer
C06142,Enterprise,ADSL,Web Family,Regular Payer
C06143,Residential,ADSL,Biz Speed,Regular Payer
C06144,Enterprise,ADSL,Biz Speed,Irregular Payer
C06145,Residential,LTE,Web Family,Predictable Late Payer
C06146,Enterprise,ADSL,Web Family,Predictable Late Payer
C06147,SME,ADSL,Biz Speed,High-Risk Non-Payer
C06148,Residential,LTE,Web Booster,Predictable Late Payer
C06149,Residential,ADSL,Web Family,Predictable Late Payer
C06150,Enterprise,ADSL,Web Booster,Irregular Payer
C06151,Residential,Fiber,Biz Speed,Irregular Payer
C06152,Enterprise,ADSL,Web Family,Irregular Payer
C06153,SME,Fiber,Web Family,Predictable Late Payer
C06154,SME,ADSL,Web Booster,High-Risk Non-Payer
C06155,Residential,LTE,Biz Speed,Predictable Late Payer
C06156,SME,ADSL,Web Booster,Predictable Late Payer
C06157,Enterprise,ADSL,Web Family,Predictable Late Payer
C06158,SME,LTE,Biz Speed,Predictable Late Payer
C06159,Enterprise,ADSL,Web Family,High-Risk Non-Payer
C06160,Enterprise,Fiber,Biz Speed,Regular Payer
C06161,SME,ADSL,Web Booster,Predictable Late Payer
C06162,Residential,ADSL,Web Booster,Predictable Late Payer
C06163,Residential,Fiber,Web Booster,Predictable Late Payer
C06164,SME,ADSL,Biz Speed,Predictable Late Payer
C06165,Residential,LTE,Web Booster,Regular Payer
C06166,SME,ADSL,Web Booster,Predictable Late Payer
C06167,Residential,LTE,Biz Speed,Regular Payer
C06168,Residential,ADSL,Biz Speed,Regular Payer
C06169,SME,ADSL,Web Booster,Regular Payer
C06170,Enterprise,LTE,Web Booster,Predictable Late Payer
C06171,SME,Fiber,Web Booster,Predictable Late Payer
C06172,SME,LTE,Web Family,Predictable Late Payer
C06173,Enterprise,ADSL,Web Booster,Regular Payer
C06174,Enterprise,LTE,Web Booster,Predictable Late Payer
C06175,Enterprise,ADSL,Biz Speed,Regular Payer
C06176,SME,Fiber,Biz Speed,Regular Payer
C06177,Enterprise,ADSL,Web Booster,Regular Payer
C06178,SME,Fiber,Web Booster,Irregular Payer
C06179,Enterprise,ADSL,Web Booster,Regular Payer
C06180,Enterprise,ADSL,Biz Speed,Irregular Payer
C06181,Residential,LTE,Web Booster,Irregular Payer
C06182,Enterprise,Fiber,Web Booster,Regular Payer
C06183,Residential,ADSL,Web Family,Predictable Late Payer
C06184,Enterprise,LTE,Web Family,Regular Payer
C06185,Residential,Fiber,Web Family,Regular Payer
C06186,Residential,LTE,Web Family,Regular Payer
C06187,SME,ADSL,Biz Speed,High-Risk Non-Payer
C06188,Residential,ADSL,Web Family,Regular Payer
C06189,SME,LTE,Biz Speed,Regular Payer
C06190,Residential,Fiber,Biz Speed,Irregular Payer
C06191,Enterprise,ADSL,Web Family,Irregular Payer
C06192,Residential,LTE,Web Booster,Regular Payer
C06193,Enterprise,ADSL,Web Family,Predictable Late Payer
C06194,Enterprise,LTE,Web Booster,Irregular Payer
C06195,Enterprise,Fiber,Biz Speed,Regular Payer
C06196,Residential,Fiber,Web Family,High-Risk Non-Payer
C06197,SME,LTE,Web Family,Regular Payer
C06198,Residential,Fiber,Biz Speed,Regular Payer
C06199,SME,ADSL,Web Booster,Regular Payer
C06200,Enterprise,LTE,Biz Speed,Regular Payer
C06201,SME,LTE,Web Booster,Regular Payer
C06202,SME,ADSL,Web Family,Irregular Payer
C06203,Enterprise,ADSL,Web Booster,Predictable Late Payer
C06204,Enterprise,Fiber,Biz Speed,Irregular Payer
C06205,Enterprise,Fiber,Biz Speed,Regular Payer
C06206,SME,Fiber,Web Booster,Irregular Payer
C06207,Residential,Fiber,Web Family,Predictable Late Payer
C06208,Residential,LTE,Web Booster,Irregular Payer
C06209,Residential,Fiber,Web Family,Regular Payer
C06210,SME,LTE,Web Booster,Regular Payer
C06211,Enterprise,Fiber,Web Booster,Predictable Late Payer
C06212,Enterprise,LTE,Web Booster,Predictable Late Payer
C06213,SME,LTE,Web Family,Regular Payer
C06214,Residential,LTE,Web Family,Irregular Payer
C06215,Residential,Fiber,Web Booster,High-Risk Non-Payer
C06216,Enterprise,ADSL,Web Booster,Irregular Payer
C06217,Residential,LTE,Web Booster,Irregular Payer
C06218,Residential,Fiber,Web Family,Predictable Late Payer
C06219,SME,Fiber,Web Family,High-Risk Non-Payer
C06220,Enterprise,ADSL,Web Booster,Predictable Late Payer
C06221,Residential,LTE,Web Booster,Regular Payer
C06222,SME,LTE,Biz Speed,Regular Payer
C06223,SME,LTE,Biz Speed,Regular Payer
C06224,SME,LTE,Web Family,Regular Payer
C06225,Residential,ADSL,Web Family,Regular Payer
C06226,SME,Fiber,Web Family,Regular Payer
C06227,Enterprise,LTE,Web Family,Regular Payer
C06228,Enterprise,ADSL,Web Family,Regular Payer
C06229,Residential,LTE,Web Family,Predictable Late Payer
C06230,Residential,Fiber,Biz Speed,Irregular Payer
C06231,Residential,ADSL,Web Family,Predictable Late Payer
C06232,SME,LTE,Web Family,Predictable Late Payer
C06233,SME,ADSL,Biz Speed,Predictable Late Payer
C06234,Residential,ADSL,Web Booster,Predictable Late Payer
C06235,Enterprise,ADSL,Web Booster,Predictable Late Payer
C06236,Residential,Fiber,Biz Speed,Predictable Late Payer
C06237,Residential,ADSL,Web Booster,Regular Payer
C06238,SME,Fiber,Web Booster,Regular Payer
C06239,Enterprise,LTE,Web Booster,Regular Payer
C06240,Residential,LTE,Web Family,Regular Payer
C06241,Residential,ADSL,Biz Speed,Regular Payer
C06242,SME,ADSL,Web Family,Regular Payer
C06243,SME,LTE,Web Booster,Predictable Late Payer
C06244,SME,ADSL,Web Family,Regular Payer
C06245,Residential,LTE,Web Booster,Irregular Payer
C06246,Enterprise,ADSL,Biz Speed,Regular Payer
C06247,SME,Fiber,Web Booster,Predictable Late Payer
C06248,Enterprise,ADSL,Web Booster,Regular Payer
C06249,SME,ADSL,Web Family,Regular Payer
C06250,Residential,LTE,Biz Speed,Predictable Late Payer
C06251,Residential,Fiber,Web Family,Predictable Late Payer
C06252,SME,Fiber,Web Family,Predictable Late Payer
C06253,Residential,ADSL,Biz Speed,High-Risk Non-Payer
C06254,Residential,LTE,Web Family,Predictable Late Payer
C06255,Enterprise,ADSL,Web Family,Irregular Payer
C06256,Enterprise,Fiber,Web Booster,Irregular Payer
C06257,SME,ADSL,Web Booster,Regular Payer
C06258,SME,ADSL,Web Booster,Regular Payer
C06259,Enterprise,Fiber,Web Booster,Regular Payer
C06260,SME,ADSL,Web Booster,Predictable Late Payer
C06261,Enterprise,Fiber,Web Booster,Irregular Payer
C06262,SME,ADSL,Web Family,Regular Payer
C06263,Enterprise,Fiber,Web Booster,Predictable Late Payer
C06264,SME,Fiber,Web Booster,Regular Payer
C06265,SME,LTE,Web Family,Irregular Payer
C06266,SME,ADSL,Web Booster,High-Risk Non-Payer
C06267,Enterprise,LTE,Biz Speed,High-Risk Non-Payer
C06268,SME,Fiber,Web Family,Irregular Payer
C06269,Residential,ADSL,Biz Speed,Predictable Late Payer
C06270,SME,ADSL,Web Booster,Regular Payer
C06271,SME,Fiber,Biz Speed,Predictable Late Payer
C06272,Enterprise,Fiber,Biz Speed,Regular Payer
C06273,Residential,ADSL,Biz Speed,Predictable Late Payer
C06274,SME,Fiber,Biz Speed,Regular Payer
C06275,Residential,ADSL,Biz Speed,Regular Payer
C06276,Residential,ADSL,Web Family,Predictable Late Payer
C06277,SME,ADSL,Biz Speed,Regular Payer
C06278,SME,Fiber,Biz Speed,Regular Payer
C06279,SME,ADSL,Biz Speed,Irregular Payer
C06280,SME,ADSL,Biz Speed,Predictable Late Payer
C06281,SME,ADSL,Web Booster,Predictable Late Payer
C06282,Enterprise,LTE,Web Booster,Regular Payer
C06283,Enterprise,ADSL,Web Booster,Irregular Payer
C06284,Residential,ADSL,Biz Speed,Regular Payer
C06285,Enterprise,Fiber,Web Family,Regular Payer
C06286,SME,ADSL,Biz Speed,Predictable Late Payer
C06287,Enterprise,ADSL,Biz Speed,Irregular Payer
C06288,Enterprise,Fiber,Web Family,Regular Payer
C06289,Enterprise,Fiber,Biz Speed,Predictable Late Payer
C06290,SME,Fiber,Web Booster,Regular Payer
C06291,SME,ADSL,Biz Speed,Regular Payer
C06292,SME,LTE,Web Family,Irregular Payer
C06293,Residential,LTE,Web Booster,Irregular Payer
C06294,Residential,ADSL,Web Booster,High-Risk Non-Payer
C06295,Residential,Fiber,Web Family,Irregular Payer
C06296,Enterprise,Fiber,Web Family,Predictable Late Payer
C06297,SME,LTE,Biz Speed,Regular Payer
C06298,Residential,ADSL,Web Family,Predictable Late Payer
C06299,SME,ADSL,Web Family,Regular Payer
C06300,SME,ADSL,Web Family,Irregular Payer
C06301,Residential,ADSL,Biz Speed,Predictable Late Payer
C06302,Enterprise,ADSL,Biz Speed,Irregular Payer
C06303,Residential,LTE,Web Booster,Predictable Late Payer
C06304,SME,LTE,Web Family,Predictable Late Payer
C06305,SME,LTE,Biz Speed,Regular Payer
C06306,SME,Fiber,Biz Speed,Irregular Payer
C06307,SME,ADSL,Biz Speed,Predictable Late Payer
C06308,Residential,ADSL,Web Booster,High-Risk Non-Payer
C06309,Residential,ADSL,Web Booster,Regular Payer
C06310,Enterprise,LTE,Web Family,Irregular Payer
C06311,Residential,Fiber,Biz Speed,Regular Payer
C06312,Enterprise,Fiber,Web Family,Regular Payer
C06313,Enterprise,Fiber,Biz Speed,High-Risk Non-Payer
C06314,SME,Fiber,Biz Speed,Irregular Payer
C06315,SME,Fiber,Web Family,Irregular Payer
C06316,Residential,ADSL,Web Family,Predictable Late Payer
C06317,SME,ADSL,Web Family,Irregular Payer
C06318,Enterprise,Fiber,Web Family,Regular Payer
C06319,Residential,Fiber,Web Booster,Regular Payer
C06320,SME,Fiber,Web Booster,Regular Payer
C06321,SME,ADSL,Biz Speed,Predictable Late Payer
C06322,SME,LTE,Web Family,High-Risk Non-Payer
C06323,Residential,Fiber,Biz Speed,Regular Payer
C06324,Enterprise,ADSL,Web Booster,Predictable Late Payer
C06325,Residential,LTE,Web Family,Irregular Payer
C06326,Residential,ADSL,Web Family,Predictable Late Payer
C06327,Enterprise,LTE,Web Booster,Regular Payer
C06328,Enterprise,LTE,Web Booster,Predictable Late Payer
C06329,Residential,ADSL,Web Booster,Irregular Payer
C06330,SME,Fiber,Biz Speed,Predictable Late Payer
C06331,Residential,LTE,Web Booster,Irregular Payer
C06332,Residential,Fiber,Web Booster,Regular Payer
C06333,SME,ADSL,Biz Speed,Regular Payer
C06334,Residential,ADSL,Web Family,Predictable Late Payer
C06335,Residential,LTE,Web Family,Irregular Payer
C06336,Enterprise,ADSL,Web Booster,High-Risk Non-Payer
C06337,Enterprise,LTE,Web Booster,Regular Payer
C06338,Residential,LTE,Web Family,Predictable Late Payer
C06339,SME,LTE,Web Booster,Regular Payer
C06340,Enterprise,ADSL,Web Booster,Regular Payer
C06341,Residential,ADSL,Biz Speed,Predictable Late Payer
C06342,SME,ADSL,Web Family,Regular Payer
C06343,Enterprise,LTE,Web Booster,Irregular Payer
C06344,Residential,LTE,Web Family,Regular Payer
C06345,Enterprise,ADSL,Biz Speed,Regular Payer
C06346,SME,Fiber,Web Family,Regular Payer
C06347,SME,LTE,Web Family,Predictable Late Payer
C06348,Enterprise,Fiber,Web Booster,Predictable Late Payer
C06349,Enterprise,LTE,Web Booster,Regular Payer
C06350,Enterprise,Fiber,Biz Speed,Regular Payer
C06351,Residential,Fiber,Biz Speed,Predictable Late Payer
C06352,Residential,LTE,Web Booster,Predictable Late Payer
C06353,Enterprise,ADSL,Biz Speed,Predictable Late Payer
C06354,Enterprise,Fiber,Biz Speed,Regular Payer
C06355,Enterprise,ADSL,Web Booster,High-Risk Non-Payer
C06356,Enterprise,LTE,Web Booster,Irregular Payer
C06357,SME,Fiber,Biz Speed,Regular Payer
C06358,SME,ADSL,Biz Speed,Irregular Payer
C06359,Residential,LTE,Web Family,Predictable Late Payer
C06360,Residential,Fiber,Biz Speed,High-Risk Non-Payer
C06361,Enterprise,ADSL,Web Family,Irregular Payer
C06362,SME,LTE,Biz Speed,Irregular Payer
C06363,Residential,Fiber,Web Booster,High-Risk Non-Payer
C06364,Enterprise,ADSL,Biz Speed,High-Risk Non-Payer
C06365,Enterprise,LTE,Web Family,Predictable Late Payer
C06366,SME,ADSL,Biz Speed,Regular Payer
C06367,Enterprise,Fiber,Biz Speed,Regular Payer
C06368,SME,LTE,Web Booster,Predictable Late Payer
C06369,SME,Fiber,Web Family,Irregular Payer
C06370,Enterprise,Fiber,Biz Speed,High-Risk Non-Payer
C06371,SME,Fiber,Biz Speed,Irregular Payer
C06372,SME,Fiber,Web Family,Predictable Late Payer
C06373,SME,Fiber,Web Booster,Regular Payer
C06374,Residential,Fiber,Web Booster,Regular Payer
C06375,Residential,Fiber,Web Family,Predictable Late Payer
C06376,Enterprise,ADSL,Web Booster,Predictable Late Payer
C06377,Residential,Fiber,Web Booster,Irregular Payer
C06378,Residential,Fiber,Web Family,Irregular Payer
C06379,SME,ADSL,Biz Speed,Irregular Payer
C06380,SME,Fiber,Biz Speed,Regular Payer
C06381,SME,LTE,Web Family,Irregular Payer
C06382,Enterprise,Fiber,Web Family,Predictable Late Payer
C06383,Enterprise,ADSL,Web Booster,Regular Payer
C06384,Enterprise,Fiber,Web Family,Irregular Payer
C06385,Enterprise,LTE,Web Family,Predictable Late Payer
C06386,Enterprise,ADSL,Web Booster,Regular Payer
C06387,SME,LTE,Biz Speed,Predictable Late Payer
C06388,Residential,Fiber,Web Booster,Regular Payer
C06389,SME,LTE,Web Family,Regular Payer
C06390,Residential,LTE,Biz Speed,Predictable Late Payer
C06391,Residential,Fiber,Web Booster,Regular Payer
C06392,Enterprise,ADSL,Web Family,Regular Payer
C06393,SME,LTE,Biz Speed,Predictable Late Payer
C06394,Enterprise,LTE,Web Family,Regular Payer
C06395,Residential,Fiber,Biz Speed,Regular Payer
C06396,Enterprise,ADSL,Web Family,Regular Payer
C06397,Residential,Fiber,Web Family,Predictable Late Payer
C06398,Residential,LTE,Web Booster,Irregular Payer
C06399,Residential,ADSL,Web Booster,Regular Payer
C06400,Enterprise,ADSL,Web Family,Regular Payer
C06401,SME,LTE,Biz Speed,Regular Payer
C06402,Residential,Fiber,Web Booster,Regular Payer
C06403,SME,ADSL,Web Family,Regular Payer
C06404,SME,Fiber,Biz Speed,Predictable Late Payer
C06405,Residential,Fiber,Biz Speed,Predictable Late Payer
C06406,Residential,Fiber,Web Family,Regular Payer
C06407,SME,ADSL,Web Family,Irregular Payer
C06408,SME,Fiber,Biz Speed,Regular Payer
C06409,Residential,Fiber,Web Family,Regular Payer
C06410,SME,LTE,Biz Speed,Irregular Payer
C06411,Enterprise,LTE,Web Family,High-Risk Non-Payer
C06412,Residential,ADSL,Web Family,Predictable Late Payer
C06413,Residential,LTE,Web Family,Predictable Late Payer
C06414,SME,Fiber,Web Booster,Regular Payer
C06415,Residential,Fiber,Web Booster,Regular Payer
C06416,Residential,Fiber,Web Booster,Regular Payer
C06417,Enterprise,LTE,Web Family,Regular Payer
C06418,Residential,Fiber,Biz Speed,Regular Payer
C06419,Residential,Fiber,Biz Speed,High-Risk Non-Payer
C06420,Enterprise,ADSL,Web Family,Predictable Late Payer
C06421,SME,ADSL,Web Booster,Irregular Payer
C06422,SME,Fiber,Web Booster,Predictable Late Payer
C06423,Residential,ADSL,Web Family,Predictable Late Payer
C06424,Enterprise,LTE,Web Booster,Regular Payer
C06425,Residential,LTE,Web Booster,Regular Payer
C06426,SME,ADSL,Web Booster,Irregular Payer
C06427,Residential,ADSL,Web Family,Regular Payer
C06428,SME,ADSL,Web Booster,Predictable Late Payer
C06429,SME,Fiber,Web Booster,Regular Payer
C06430,Residential,Fiber,Biz Speed,Predictable Late Payer
C06431,SME,ADSL,Biz Speed,High-Risk Non-Payer
C06432,Residential,Fiber,Web Booster,Predictable Late Payer
C06433,SME,ADSL,Web Booster,Irregular Payer
C06434,Enterprise,LTE,Web Booster,Predictable Late Payer
C06435,SME,ADSL,Biz Speed,Predictable Late Payer
C06436,Residential,LTE,Web Booster,High-Risk Non-Payer
C06437,Residential,ADSL,Biz Speed,Regular Payer
C06438,SME,LTE,Web Family,Predictable Late Payer
C06439,Residential,LTE,Biz Speed,Predictable Late Payer
C06440,Residential,ADSL,Web Family,Predictable Late Payer
C06441,SME,LTE,Biz Speed,Irregular Payer
C06442,Residential,Fiber,Web Booster,Regular Payer
C06443,Residential,LTE,Biz Speed,Irregular Payer
C06444,Enterprise,Fiber,Web Booster,Predictable Late Payer
C06445,Enterprise,ADSL,Web Family,Irregular Payer
C06446,SME,Fiber,Web Booster,Predictable Late Payer
C06447,Enterprise,LTE,Web Booster,Predictable Late Payer
C06448,Residential,ADSL,Web Family,Regular Payer
C06449,Enterprise,ADSL,Web Booster,Regular Payer
C06450,SME,Fiber,Web Family,Irregular Payer
C06451,Residential,Fiber,Web Family,High-Risk Non-Payer
C06452,Residential,ADSL,Biz Speed,Predictable Late Payer
C06453,Enterprise,Fiber,Web Family,Regular Payer
C06454,SME,Fiber,Web Family,Irregular Payer
C06455,Residential,Fiber,Web Family,Regular Payer
C06456,Enterprise,LTE,Web Family,Irregular Payer
C06457,Enterprise,ADSL,Web Booster,Predictable Late Payer
C06458,Enterprise,Fiber,Biz Speed,Regular Payer
C06459,Enterprise,ADSL,Biz Speed,Irregular Payer
C06460,Enterprise,Fiber,Web Family,Regular Payer
C06461,SME,Fiber,Web Family,Predictable Late Payer
C06462,Residential,LTE,Biz Speed,Irregular Payer
C06463,Enterprise,Fiber,Web Family,Regular Payer
C06464,SME,Fiber,Web Booster,Irregular Payer
C06465,Enterprise,ADSL,Biz Speed,High-Risk Non-Payer
C06466,Enterprise,ADSL,Web Booster,Irregular Payer
C06467,Enterprise,Fiber,Web Booster,Regular Payer
C06468,Enterprise,LTE,Web Booster,Predictable Late Payer
C06469,Residential,ADSL,Web Booster,Predictable Late Payer
C06470,SME,LTE,Web Family,Regular Payer
C06471,Residential,ADSL,Biz Speed,Predictable Late Payer
C06472,Enterprise,Fiber,Web Family,Predictable Late Payer
C06473,Residential,ADSL,Web Family,High-Risk Non-Payer
C06474,Residential,Fiber,Biz Speed,Irregular Payer
C06475,SME,Fiber,Biz Speed,Predictable Late Payer
C06476,Enterprise,LTE,Biz Speed,Regular Payer
C06477,Enterprise,Fiber,Biz Speed,High-Risk Non-Payer
C06478,SME,Fiber,Web Family,Regular Payer
C06479,SME,ADSL,Web Family,Regular Payer
C06480,Residential,LTE,Web Family,Regular Payer
C06481,SME,Fiber,Web Booster,Regular Payer
C06482,Enterprise,ADSL,Biz Speed,Regular Payer
C06483,Enterprise,ADSL,Web Booster,Irregular Payer
C06484,SME,LTE,Web Family,Irregular Payer
C06485,Residential,Fiber,Biz Speed,Regular Payer
C06486,Enterprise,ADSL,Web Family,Irregular Payer
C06487,Enterprise,ADSL,Web Family,Predictable Late Payer
C06488,Residential,Fiber,Biz Speed,Regular Payer
C06489,SME,ADSL,Web Booster,High-Risk Non-Payer
C06490,Residential,LTE,Web Family,Regular Payer
C06491,SME,ADSL,Web Family,Predictable Late Payer
C06492,Enterprise,LTE,Web Family,Predictable Late Payer
C06493,SME,ADSL,Web Family,Predictable Late Payer
C06494,Residential,Fiber,Web Booster,High-Risk Non-Payer
C06495,Residential,Fiber,Web Booster,Regular Payer
C06496,Enterprise,Fiber,Biz Speed,High-Risk Non-Payer
C06497,Enterprise,ADSL,Web Booster,Regular Payer
C06498,Residential,ADSL,Web Booster,High-Risk Non-Payer
C06499,Enterprise,Fiber,Biz Speed,High-Risk Non-Payer
C06500,SME,ADSL,Web Family,Regular Payer
C06501,SME,Fiber,Web Family,Regular Payer
C06502,Enterprise,Fiber,Web Family,Regular Payer
C06503,SME,LTE,Web Family,Regular Payer
C06504,Residential,ADSL,Web Family,Predictable Late Payer
C06505,SME,Fiber,Web Family,Regular Payer
C06506,Enterprise,Fiber,Web Family,High-Risk Non-Payer
C06507,Residential,ADSL,Biz Speed,High-Risk Non-Payer
C06508,Enterprise,LTE,Web Family,Regular Payer
C06509,Residential,Fiber,Biz Speed,High-Risk Non-Payer
C06510,Enterprise,ADSL,Web Booster,Regular Payer
C06511,Enterprise,LTE,Web Booster,Irregular Payer
C06512,Residential,ADSL,Web Booster,Regular Payer
C06513,Enterprise,Fiber,Web Booster,Predictable Late Payer
C06514,Residential,LTE,Web Booster,High-Risk Non-Payer
C06515,Enterprise,LTE,Web Booster,Irregular Payer
C06516,Residential,Fiber,Biz Speed,Regular Payer
C06517,Residential,Fiber,Web Booster,Predictable Late Payer
C06518,Enterprise,ADSL,Web Family,High-Risk Non-Payer
C06519,SME,LTE,Web Family,Regular Payer
C06520,SME,ADSL,Web Booster,Regular Payer
C06521,SME,ADSL,Web Family,Regular Payer
C06522,SME,Fiber,Biz Speed,Predictable Late Payer
C06523,SME,ADSL,Web Family,Regular Payer
C06524,Residential,ADSL,Web Booster,Irregular Payer
C06525,Enterprise,LTE,Web Booster,High-Risk Non-Payer
C06526,SME,Fiber,Web Family,Regular Payer
C06527,Residential,ADSL,Web Booster,Irregular Payer
C06528,SME,ADSL,Web Booster,Predictable Late Payer
C06529,SME,ADSL,Web Booster,Predictable Late Payer
C06530,Residential,ADSL,Web Family,Predictable Late Payer
C06531,Enterprise,Fiber,Web Booster,Regular Payer
C06532,SME,Fiber,Biz Speed,Regular Payer
C06533,Enterprise,LTE,Web Booster,High-Risk Non-Payer
C06534,Residential,Fiber,Web Booster,Irregular Payer
C06535,Residential,LTE,Web Family,Regular Payer
C06536,SME,ADSL,Web Booster,Predictable Late Payer
C06537,Residential,Fiber,Web Family,Regular Payer
C06538,Enterprise,LTE,Web Booster,Predictable Late Payer
C06539,SME,Fiber,Web Booster,Regular Payer
C06540,Residential,Fiber,Web Booster,Predictable Late Payer
C06541,SME,LTE,Biz Speed,Irregular Payer
C06542,Residential,Fiber,Biz Speed,Irregular Payer
C06543,SME,Fiber,Biz Speed,Predictable Late Payer
C06544,Enterprise,Fiber,Web Booster,Regular Payer
C06545,Enterprise,LTE,Web Family,Regular Payer
C06546,SME,ADSL,Biz Speed,Irregular Payer
C06547,Enterprise,ADSL,Web Family,Irregular Payer
C06548,Enterprise,ADSL,Web Booster,Predictable Late Payer
C06549,SME,ADSL,Web Family,High-Risk Non-Payer
C06550,SME,LTE,Web Family,Regular Payer
C06551,Residential,Fiber,Web Family,Regular Payer
C06552,Residential,LTE,Web Booster,Regular Payer
C06553,Enterprise,LTE,Web Family,Irregular Payer
C06554,Residential,Fiber,Web Family,Regular Payer
C06555,SME,Fiber,Web Booster,Predictable Late Payer
C06556,Enterprise,LTE,Web Family,Irregular Payer
C06557,Residential,LTE,Web Family,Regular Payer
C06558,Enterprise,ADSL,Biz Speed,Regular Payer
C06559,Residential,Fiber,Web Family,Regular Payer
C06560,Enterprise,Fiber,Web Family,Predictable Late Payer
C06561,Enterprise,ADSL,Biz Speed,Predictable Late Payer
C06562,Residential,Fiber,Web Family,Irregular Payer
C06563,Residential,Fiber,Web Family,Regular Payer
C06564,SME,Fiber,Web Family,Regular Payer
C06565,Enterprise,LTE,Biz Speed,Regular Payer
C06566,SME,ADSL,Biz Speed,Predictable Late Payer
C06567,Enterprise,Fiber,Biz Speed,Irregular Payer
C06568,Residential,LTE,Biz Speed,Irregular Payer
C06569,Residential,ADSL,Biz Speed,Regular Payer
C06570,Enterprise,ADSL,Web Booster,Irregular Payer
C06571,Enterprise,LTE,Biz Speed,Regular Payer
C06572,SME,Fiber,Biz Speed,Regular Payer
C06573,Residential,LTE,Web Booster,Regular Payer
C06574,Enterprise,Fiber,Biz Speed,Regular Payer
C06575,SME,Fiber,Biz Speed,Predictable Late Payer
C06576,SME,ADSL,Biz Speed,Regular Payer
C06577,Residential,LTE,Biz Speed,Irregular Payer
C06578,Enterprise,Fiber,Web Booster,Regular Payer
C06579,SME,Fiber,Web Booster,Regular Payer
C06580,Enterprise,ADSL,Web Family,Irregular Payer
C06581,SME,Fiber,Web Family,Irregular Payer
C06582,Enterprise,ADSL,Biz Speed,Predictable Late Payer
C06583,SME,LTE,Web Booster,Predictable Late Payer
C06584,Residential,ADSL,Web Family,Predictable Late Payer
C06585,Residential,Fiber,Web Booster,Irregular Payer
C06586,Enterprise,Fiber,Web Family,Regular Payer
C06587,SME,ADSL,Web Family,Predictable Late Payer
C06588,Enterprise,ADSL,Web Booster,Irregular Payer
C06589,SME,ADSL,Web Family,Regular Payer
C06590,Enterprise,LTE,Biz Speed,Irregular Payer
C06591,Residential,Fiber,Web Family,Irregular Payer
C06592,Residential,Fiber,Web Family,Regular Payer
C06593,Residential,LTE,Biz Speed,Predictable Late Payer
C06594,SME,ADSL,Web Booster,Irregular Payer
C06595,SME,LTE,Biz Speed,Predictable Late Payer
C06596,SME,LTE,Biz Speed,Predictable Late Payer
C06597,Residential,LTE,Biz Speed,Predictable Late Payer
C06598,Residential,ADSL,Web Booster,Predictable Late Payer
C06599,Residential,Fiber,Web Booster,Regular Payer
C06600,Residential,LTE,Web Booster,Irregular Payer
C06601,SME,Fiber,Web Family,Predictable Late Payer
C06602,Residential,Fiber,Web Family,Regular Payer
C06603,Enterprise,ADSL,Web Booster,Irregular Payer
C06604,Residential,LTE,Web Family,Irregular Payer
C06605,Enterprise,Fiber,Biz Speed,Predictable Late Payer
C06606,Residential,ADSL,Web Family,Regular Payer
C06607,SME,ADSL,Web Family,Regular Payer
C06608,Residential,LTE,Web Family,Irregular Payer
C06609,Enterprise,Fiber,Web Family,Regular Payer
C06610,Residential,Fiber,Web Family,Regular Payer
C06611,Residential,LTE,Web Booster,Irregular Payer
C06612,Enterprise,ADSL,Web Booster,Predictable Late Payer
C06613,SME,ADSL,Web Family,Regular Payer
C06614,Enterprise,LTE,Web Family,Regular Payer
C06615,Residential,Fiber,Web Family,Regular Payer
C06616,Residential,LTE,Web Booster,Predictable Late Payer
C06617,Residential,LTE,Biz Speed,Irregular Payer
C06618,Enterprise,LTE,Web Family,Regular Payer
C06619,Residential,ADSL,Web Booster,Regular Payer
C06620,Residential,Fiber,Biz Speed,Irregular Payer
C06621,SME,LTE,Web Booster,Irregular Payer
C06622,Residential,Fiber,Biz Speed,Regular Payer
C06623,Enterprise,LTE,Biz Speed,Regular Payer
C06624,SME,LTE,Web Family,Regular Payer
C06625,Enterprise,Fiber,Biz Speed,Irregular Payer
C06626,SME,Fiber,Web Family,Irregular Payer
C06627,Residential,Fiber,Web Booster,Irregular Payer
C06628,SME,ADSL,Web Booster,Irregular Payer
C06629,SME,LTE,Web Booster,Regular Payer
C06630,SME,Fiber,Web Booster,Regular Payer
C06631,SME,Fiber,Web Family,Irregular Payer
C06632,SME,Fiber,Web Booster,Regular Payer
C06633,SME,ADSL,Web Booster,Predictable Late Payer
C06634,Enterprise,Fiber,Web Booster,Predictable Late Payer
C06635,Residential,Fiber,Web Family,Predictable Late Payer
C06636,SME,Fiber,Biz Speed,Regular Payer
C06637,Residential,LTE,Web Booster,Irregular Payer
C06638,SME,ADSL,Web Booster,Irregular Payer
C06639,Enterprise,Fiber,Web Booster,Regular Payer
C06640,Enterprise,Fiber,Web Booster,Regular Payer
C06641,SME,ADSL,Biz Speed,Predictable Late Payer
C06642,Residential,LTE,Web Family,Predictable Late Payer
C06643,SME,Fiber,Web Booster,Predictable Late Payer
C06644,SME,Fiber,Web Family,Predictable Late Payer
C06645,SME,ADSL,Web Family,Regular Payer
C06646,Residential,ADSL,Web Family,High-Risk Non-Payer
C06647,Residential,ADSL,Biz Speed,High-Risk Non-Payer
C06648,SME,LTE,Web Booster,Predictable Late Payer
C06649,SME,ADSL,Web Family,Regular Payer
C06650,Enterprise,LTE,Biz Speed,Predictable Late Payer
C06651,SME,ADSL,Web Family,Predictable Late Payer
C06652,Enterprise,ADSL,Web Family,Irregular Payer
C06653,Enterprise,ADSL,Web Booster,Predictable Late Payer
C06654,Residential,Fiber,Web Family,Predictable Late Payer
C06655,SME,Fiber,Web Booster,Regular Payer
C06656,Residential,ADSL,Biz Speed,High-Risk Non-Payer
C06657,Enterprise,Fiber,Web Booster,Regular Payer
C06658,SME,ADSL,Web Family,High-Risk Non-Payer
C06659,SME,ADSL,Web Booster,Predictable Late Payer
C06660,SME,Fiber,Web Booster,Regular Payer
C06661,Enterprise,ADSL,Web Booster,Predictable Late Payer
C06662,Residential,ADSL,Web Booster,Predictable Late Payer
C06663,SME,LTE,Biz Speed,Regular Payer
C06664,SME,Fiber,Web Booster,Irregular Payer
C06665,Enterprise,ADSL,Web Family,Regular Payer
C06666,Enterprise,LTE,Web Family,Irregular Payer
C06667,SME,Fiber,Web Booster,Irregular Payer
C06668,Residential,LTE,Biz Speed,Regular Payer
C06669,Residential,ADSL,Web Family,Regular Payer
C06670,Enterprise,Fiber,Web Booster,Regular Payer
C06671,Residential,LTE,Web Booster,Predictable Late Payer
C06672,SME,LTE,Biz Speed,Regular Payer
C06673,SME,Fiber,Web Booster,Regular Payer
C06674,SME,Fiber,Biz Speed,Irregular Payer
C06675,SME,Fiber,Web Booster,Regular Payer
C06676,Enterprise,LTE,Biz Speed,Predictable Late Payer
C06677,Residential,LTE,Web Family,High-Risk Non-Payer
C06678,SME,ADSL,Web Family,Regular Payer
C06679,Residential,Fiber,Web Family,Irregular Payer
C06680,Enterprise,LTE,Biz Speed,Irregular Payer
C06681,Residential,Fiber,Web Booster,Regular Payer
C06682,SME,LTE,Web Booster,Irregular Payer
C06683,Residential,LTE,Biz Speed,Regular Payer
C06684,Residential,LTE,Web Booster,Irregular Payer
C06685,Residential,Fiber,Web Family,Predictable Late Payer
C06686,Residential,LTE,Web Family,Irregular Payer
C06687,Enterprise,Fiber,Web Family,Regular Payer
C06688,Residential,Fiber,Web Family,Predictable Late Payer
C06689,SME,Fiber,Web Booster,High-Risk Non-Payer
C06690,SME,ADSL,Web Family,Irregular Payer
C06691,SME,Fiber,Biz Speed,Regular Payer
C06692,SME,LTE,Web Family,High-Risk Non-Payer
C06693,Residential,ADSL,Web Family,High-Risk Non-Payer
C06694,Residential,ADSL,Web Booster,Irregular Payer
C06695,SME,LTE,Web Family,Regular Payer
C06696,SME,ADSL,Biz Speed,Predictable Late Payer
C06697,Enterprise,LTE,Web Family,Predictable Late Payer
C06698,Residential,ADSL,Biz Speed,Regular Payer
C06699,SME,ADSL,Web Family,High-Risk Non-Payer
C06700,SME,Fiber,Biz Speed,Irregular Payer
C06701,Residential,ADSL,Web Family,Irregular Payer
C06702,Residential,LTE,Biz Speed,Regular Payer
C06703,Enterprise,LTE,Web Family,Regular Payer
C06704,SME,ADSL,Web Booster,Predictable Late Payer
C06705,Enterprise,LTE,Web Family,Predictable Late Payer
C06706,Residential,ADSL,Biz Speed,Regular Payer
C06707,Residential,ADSL,Web Booster,Regular Payer
C06708,Enterprise,ADSL,Biz Speed,Regular Payer
C06709,SME,ADSL,Web Family,Predictable Late Payer
C06710,Enterprise,LTE,Web Booster,Irregular Payer
C06711,SME,ADSL,Web Booster,High-Risk Non-Payer
C06712,SME,Fiber,Web Family,Regular Payer
C06713,Residential,ADSL,Biz Speed,High-Risk Non-Payer
C06714,Enterprise,Fiber,Biz Speed,Regular Payer
C06715,Residential,Fiber,Web Booster,Irregular Payer
C06716,SME,Fiber,Biz Speed,Regular Payer
C06717,SME,ADSL,Biz Speed,High-Risk Non-Payer
C06718,Enterprise,Fiber,Web Family,Irregular Payer
C06719,SME,Fiber,Web Family,Regular Payer
C06720,Residential,Fiber,Web Family,Regular Payer
C06721,Residential,Fiber,Web Booster,High-Risk Non-Payer
C06722,SME,LTE,Web Family,Regular Payer
C06723,Enterprise,Fiber,Web Booster,Regular Payer
C06724,Enterprise,ADSL,Web Family,Regular Payer
C06725,SME,ADSL,Biz Speed,Irregular Payer
C06726,Enterprise,LTE,Biz Speed,Irregular Payer
C06727,Enterprise,Fiber,Web Family,Regular Payer
C06728,Residential,LTE,Web Family,Regular Payer
C06729,Residential,ADSL,Web Booster,Regular Payer
C06730,Enterprise,Fiber,Web Booster,Predictable Late Payer
C06731,Enterprise,ADSL,Biz Speed,Regular Payer
C06732,Residential,LTE,Web Booster,Regular Payer
C06733,Enterprise,Fiber,Web Booster,Irregular Payer
C06734,Enterprise,LTE,Web Booster,High-Risk Non-Payer
C06735,Enterprise,ADSL,Biz Speed,Regular Payer
C06736,Residential,Fiber,Web Family,Regular Payer
C06737,SME,LTE,Web Family,Regular Payer
C06738,SME,LTE,Biz Speed,Regular Payer
C06739,Residential,Fiber,Web Family,Regular Payer
C06740,Enterprise,LTE,Biz Speed,Regular Payer
C06741,Residential,LTE,Web Booster,Predictable Late Payer
C06742,Residential,ADSL,Web Family,Regular Payer
C06743,SME,Fiber,Biz Speed,Regular Payer
C06744,SME,LTE,Web Family,Irregular Payer
C06745,Residential,LTE,Web Booster,Predictable Late Payer
C06746,Residential,ADSL,Biz Speed,Predictable Late Payer
C06747,SME,LTE,Web Booster,Regular Payer
C06748,Residential,ADSL,Web Family,Irregular Payer
C06749,SME,Fiber,Web Booster,Irregular Payer
C06750,Residential,Fiber,Web Family,Predictable Late Payer
C06751,Residential,ADSL,Biz Speed,Irregular Payer
C06752,SME,LTE,Web Family,Regular Payer
C06753,Residential,Fiber,Biz Speed,Regular Payer
C06754,SME,ADSL,Web Family,Irregular Payer
C06755,SME,Fiber,Web Booster,Regular Payer
C06756,Residential,ADSL,Web Family,Regular Payer
C06757,Enterprise,Fiber,Web Booster,Regular Payer
C06758,Residential,ADSL,Web Booster,Predictable Late Payer
C06759,Enterprise,LTE,Biz Speed,Regular Payer
C06760,SME,ADSL,Web Family,Regular Payer
C06761,Enterprise,LTE,Web Family,Regular Payer
C06762,Residential,ADSL,Biz Speed,Regular Payer
C06763,SME,ADSL,Biz Speed,Regular Payer
C06764,Enterprise,Fiber,Biz Speed,Regular Payer
C06765,Residential,LTE,Biz Speed,Predictable Late Payer
C06766,Residential,LTE,Web Booster,Predictable Late Payer
C06767,Enterprise,Fiber,Web Family,Irregular Payer
C06768,Residential,ADSL,Biz Speed,High-Risk Non-Payer
C06769,SME,LTE,Web Family,Regular Payer
C06770,Enterprise,Fiber,Web Family,Regular Payer
C06771,Enterprise,ADSL,Biz Speed,Regular Payer
C06772,SME,LTE,Web Family,Irregular Payer
C06773,SME,ADSL,Biz Speed,Irregular Payer
C06774,SME,ADSL,Biz Speed,Predictable Late Payer
C06775,Enterprise,ADSL,Web Family,High-Risk Non-Payer
C06776,SME,ADSL,Web Booster,Irregular Payer
C06777,SME,Fiber,Web Booster,Irregular Payer
C06778,Residential,ADSL,Biz Speed,Regular Payer
C06779,SME,Fiber,Biz Speed,Predictable Late Payer
C06780,Residential,LTE,Web Booster,High-Risk Non-Payer
C06781,Enterprise,LTE,Biz Speed,Regular Payer
C06782,Enterprise,LTE,Web Family,Predictable Late Payer
C06783,Residential,Fiber,Web Booster,Regular Payer
C06784,Residential,ADSL,Web Family,Regular Payer
C06785,Enterprise,ADSL,Web Booster,Regular Payer
C06786,SME,LTE,Web Family,Predictable Late Payer
C06787,Residential,ADSL,Web Booster,Irregular Payer
C06788,Enterprise,Fiber,Web Family,Irregular Payer
C06789,Residential,Fiber,Web Family,High-Risk Non-Payer
C06790,Residential,LTE,Biz Speed,Predictable Late Payer
C06791,Enterprise,Fiber,Web Family,Predictable Late Payer
C06792,Enterprise,LTE,Web Booster,Regular Payer
C06793,Enterprise,LTE,Web Family,Regular Payer
C06794,SME,Fiber,Web Booster,High-Risk Non-Payer
C06795,SME,Fiber,Biz Speed,Regular Payer
C06796,Residential,Fiber,Web Family,Predictable Late Payer
C06797,SME,ADSL,Web Family,Regular Payer
C06798,Residential,ADSL,Web Family,Regular Payer
C06799,Residential,ADSL,Web Family,Regular Payer
C06800,Residential,ADSL,Biz Speed,Regular Payer
C06801,Residential,LTE,Web Booster,Regular Payer
C06802,Enterprise,Fiber,Web Booster,Irregular Payer
C06803,Enterprise,Fiber,Web Booster,High-Risk Non-Payer
C06804,Enterprise,Fiber,Web Booster,Predictable Late Payer
C06805,Residential,LTE,Web Booster,Regular Payer
C06806,Residential,ADSL,Biz Speed,Predictable Late Payer
C06807,Residential,LTE,Web Booster,Irregular Payer
C06808,SME,LTE,Web Family,Irregular Payer
C06809,Enterprise,LTE,Web Family,Regular Payer
C06810,SME,Fiber,Web Booster,Regular Payer
C06811,SME,LTE,Web Family,Predictable Late Payer
C06812,SME,ADSL,Web Family,Irregular Payer
C06813,Enterprise,Fiber,Web Family,High-Risk Non-Payer
C06814,Residential,LTE,Web Family,Regular Payer
C06815,Enterprise,LTE,Web Booster,Irregular Payer
C06816,SME,LTE,Web Family,High-Risk Non-Payer
C06817,Enterprise,Fiber,Web Booster,Regular Payer
C06818,SME,Fiber,Biz Speed,Regular Payer
C06819,Residential,LTE,Web Booster,Predictable Late Payer
C06820,SME,ADSL,Web Booster,Predictable Late Payer
C06821,SME,Fiber,Web Booster,Irregular Payer
C06822,Residential,LTE,Biz Speed,Regular Payer
C06823,Enterprise,Fiber,Web Booster,Irregular Payer
C06824,Residential,LTE,Web Booster,Irregular Payer
C06825,Residential,ADSL,Biz Speed,Predictable Late Payer
C06826,Residential,LTE,Biz Speed,Predictable Late Payer
C06827,Residential,Fiber,Web Booster,Predictable Late Payer
C06828,Residential,Fiber,Web Booster,Predictable Late Payer
C06829,SME,LTE,Web Booster,Irregular Payer
C06830,Residential,LTE,Web Family,Regular Payer
C06831,SME,LTE,Web Booster,Irregular Payer
C06832,Enterprise,LTE,Biz Speed,Regular Payer
C06833,Enterprise,Fiber,Web Family,Regular Payer
C06834,SME,ADSL,Web Booster,Irregular Payer
C06835,SME,Fiber,Web Booster,Predictable Late Payer
C06836,Residential,LTE,Biz Speed,Predictable Late Payer
C06837,Residential,ADSL,Web Booster,Irregular Payer
C06838,SME,Fiber,Biz Speed,Regular Payer
C06839,Residential,ADSL,Web Booster,Regular Payer
C06840,SME,ADSL,Web Booster,Predictable Late Payer
C06841,SME,Fiber,Web Family,Regular Payer
C06842,SME,Fiber,Web Booster,Irregular Payer
C06843,Enterprise,Fiber,Web Family,Predictable Late Payer
C06844,Residential,LTE,Biz Speed,Regular Payer
C06845,Enterprise,LTE,Web Family,Regular Payer
C06846,Enterprise,ADSL,Web Booster,Irregular Payer
C06847,SME,Fiber,Web Booster,Predictable Late Payer
C06848,Enterprise,LTE,Web Booster,Regular Payer
C06849,Residential,LTE,Biz Speed,Regular Payer
C06850,Enterprise,LTE,Biz Speed,High-Risk Non-Payer
C06851,SME,LTE,Web Booster,Irregular Payer
C06852,SME,Fiber,Biz Speed,Irregular Payer
C06853,Residential,LTE,Biz Speed,High-Risk Non-Payer
C06854,Residential,LTE,Biz Speed,Regular Payer
C06855,Enterprise,Fiber,Biz Speed,Regular Payer
C06856,Enterprise,ADSL,Biz Speed,Predictable Late Payer
C06857,Residential,Fiber,Web Booster,Predictable Late Payer
C06858,Enterprise,Fiber,Biz Speed,Irregular Payer
C06859,Residential,ADSL,Web Booster,Regular Payer
C06860,Enterprise,LTE,Biz Speed,Irregular Payer
C06861,Enterprise,LTE,Web Family,Regular Payer
C06862,Residential,LTE,Web Booster,Irregular Payer
C06863,SME,Fiber,Web Booster,Irregular Payer
C06864,Residential,ADSL,Web Family,Predictable Late Payer
C06865,SME,ADSL,Biz Speed,Regular Payer
C06866,Residential,LTE,Web Booster,Predictable Late Payer
C06867,Enterprise,Fiber,Web Family,Irregular Payer
C06868,SME,ADSL,Web Family,Predictable Late Payer
C06869,Residential,Fiber,Biz Speed,Regular Payer
C06870,SME,LTE,Biz Speed,Predictable Late Payer
C06871,Residential,ADSL,Web Family,Irregular Payer
C06872,SME,ADSL,Biz Speed,Predictable Late Payer
C06873,SME,Fiber,Biz Speed,Irregular Payer
C06874,Enterprise,ADSL,Web Family,Regular Payer
C06875,Residential,ADSL,Web Booster,Regular Payer
C06876,Enterprise,Fiber,Biz Speed,Predictable Late Payer
C06877,Enterprise,ADSL,Web Booster,High-Risk Non-Payer
C06878,Residential,ADSL,Web Booster,Irregular Payer
C06879,Enterprise,LTE,Web Family,Irregular Payer
C06880,Enterprise,LTE,Biz Speed,Regular Payer
C06881,Residential,ADSL,Web Booster,Regular Payer
C06882,Enterprise,ADSL,Web Booster,Irregular Payer
C06883,Residential,ADSL,Web Booster,Predictable Late Payer
C06884,SME,Fiber,Web Booster,Regular Payer
C06885,Residential,Fiber,Web Family,Predictable Late Payer
C06886,Residential,ADSL,Biz Speed,Irregular Payer
C06887,Residential,LTE,Web Family,High-Risk Non-Payer
C06888,Enterprise,ADSL,Web Family,Irregular Payer
C06889,Enterprise,ADSL,Web Family,Predictable Late Payer
C06890,Enterprise,ADSL,Web Family,Predictable Late Payer
C06891,Enterprise,Fiber,Web Booster,Irregular Payer
C06892,Residential,Fiber,Web Booster,Regular Payer
C06893,Enterprise,Fiber,Biz Speed,Predictable Late Payer
C06894,SME,ADSL,Web Booster,Regular Payer
C06895,Enterprise,LTE,Web Family,Regular Payer
C06896,Enterprise,ADSL,Biz Speed,Predictable Late Payer
C06897,Enterprise,Fiber,Web Family,Predictable Late Payer
C06898,Residential,LTE,Web Booster,Predictable Late Payer
C06899,Enterprise,ADSL,Biz Speed,Regular Payer
C06900,SME,LTE,Biz Speed,Predictable Late Payer
C06901,SME,LTE,Web Family,High-Risk Non-Payer
C06902,Enterprise,Fiber,Web Family,Predictable Late Payer
C06903,Enterprise,LTE,Web Family,Regular Payer
C06904,SME,ADSL,Biz Speed,Regular Payer
C06905,SME,Fiber,Biz Speed,High-Risk Non-Payer
C06906,Enterprise,LTE,Biz Speed,Irregular Payer
C06907,Residential,ADSL,Web Family,Irregular Payer
C06908,Enterprise,ADSL,Biz Speed,Regular Payer
C06909,Enterprise,ADSL,Web Family,Predictable Late Payer
C06910,Enterprise,Fiber,Web Booster,Predictable Late Payer
C06911,Enterprise,LTE,Biz Speed,Regular Payer
C06912,Residential,LTE,Biz Speed,Predictable Late Payer
C06913,Residential,Fiber,Web Booster,Predictable Late Payer
C06914,SME,ADSL,Biz Speed,Predictable Late Payer
C06915,Enterprise,ADSL,Web Family,Regular Payer
C06916,Residential,LTE,Web Family,Regular Payer
C06917,Residential,ADSL,Web Family,Predictable Late Payer
C06918,SME,Fiber,Web Booster,Irregular Payer
C06919,Residential,Fiber,Biz Speed,Predictable Late Payer
C06920,Residential,ADSL,Biz Speed,Irregular Payer
C06921,Residential,LTE,Web Family,Predictable Late Payer
C06922,Enterprise,Fiber,Biz Speed,High-Risk Non-Payer
C06923,Enterprise,Fiber,Biz Speed,Irregular Payer
C06924,SME,LTE,Biz Speed,Regular Payer
C06925,Residential,ADSL,Web Family,Predictable Late Payer
C06926,Enterprise,ADSL,Biz Speed,Predictable Late Payer
C06927,SME,ADSL,Web Family,Predictable Late Payer
C06928,SME,ADSL,Web Booster,Regular Payer
C06929,SME,ADSL,Web Family,Predictable Late Payer
C06930,Enterprise,ADSL,Web Family,Irregular Payer
C06931,SME,Fiber,Web Family,Irregular Payer
C06932,SME,LTE,Web Family,Regular Payer
C06933,Residential,ADSL,Web Family,Irregular Payer
C06934,Residential,ADSL,Web Family,Predictable Late Payer
C06935,Enterprise,Fiber,Web Booster,Regular Payer
C06936,SME,LTE,Web Booster,Regular Payer
C06937,Enterprise,LTE,Biz Speed,Predictable Late Payer
C06938,Enterprise,LTE,Web Booster,High-Risk Non-Payer
C06939,Enterprise,LTE,Web Family,Regular Payer
C06940,Residential,ADSL,Biz Speed,Regular Payer
C06941,Enterprise,ADSL,Web Family,Regular Payer
C06942,Enterprise,LTE,Web Family,Predictable Late Payer
C06943,Residential,ADSL,Web Family,High-Risk Non-Payer
C06944,Residential,Fiber,Web Booster,Regular Payer
C06945,Residential,Fiber,Biz Speed,High-Risk Non-Payer
C06946,Enterprise,LTE,Web Booster,Irregular Payer
C06947,Enterprise,Fiber,Web Family,Predictable Late Payer
C06948,Enterprise,LTE,Web Family,Regular Payer
C06949,SME,Fiber,Web Booster,Regular Payer
C06950,Enterprise,LTE,Web Family,Regular Payer
C06951,Residential,ADSL,Web Booster,Regular Payer
C06952,Residential,ADSL,Biz Speed,Irregular Payer
C06953,SME,LTE,Biz Speed,Regular Payer
C06954,Residential,LTE,Biz Speed,Regular Payer
C06955,Enterprise,ADSL,Web Family,Regular Payer
C06956,Enterprise,ADSL,Web Booster,High-Risk Non-Payer
C06957,Residential,ADSL,Web Booster,Regular Payer
C06958,Enterprise,LTE,Web Booster,Regular Payer
C06959,Residential,Fiber,Web Family,Predictable Late Payer
C06960,SME,LTE,Web Booster,Predictable Late Payer
C06961,Enterprise,ADSL,Web Booster,Regular Payer
C06962,Residential,Fiber,Web Booster,Predictable Late Payer
C06963,Enterprise,LTE,Biz Speed,High-Risk Non-Payer
C06964,Residential,ADSL,Web Family,High-Risk Non-Payer
C06965,Residential,ADSL,Biz Speed,Regular Payer
C06966,Residential,LTE,Biz Speed,Predictable Late Payer
C06967,Residential,LTE,Web Booster,Regular Payer
C06968,SME,ADSL,Biz Speed,Predictable Late Payer
C06969,Residential,LTE,Web Booster,Predictable Late Payer
C06970,Enterprise,ADSL,Biz Speed,Irregular Payer
C06971,Enterprise,ADSL,Biz Speed,Irregular Payer
C06972,Enterprise,ADSL,Web Family,Regular Payer
C06973,Enterprise,ADSL,Web Booster,Irregular Payer
C06974,SME,ADSL,Biz Speed,Predictable Late Payer
C06975,SME,LTE,Biz Speed,Regular Payer
C06976,SME,Fiber,Web Booster,Regular Payer
C06977,SME,ADSL,Web Family,Regular Payer
C06978,SME,ADSL,Web Family,Regular Payer
C06979,Residential,ADSL,Biz Speed,Irregular Payer
C06980,Enterprise,Fiber,Web Family,High-Risk Non-Payer
C06981,SME,Fiber,Web Family,Regular Payer
C06982,Residential,LTE,Web Booster,Regular Payer
C06983,Enterprise,ADSL,Web Booster,High-Risk Non-Payer
C06984,Residential,ADSL,Biz Speed,Irregular Payer
C06985,Residential,LTE,Biz Speed,Predictable Late Payer
C06986,Residential,Fiber,Web Booster,Irregular Payer
C06987,Enterprise,Fiber,Web Family,Regular Payer
C06988,Residential,Fiber,Biz Speed,Irregular Payer
C06989,SME,LTE,Web Family,High-Risk Non-Payer
C06990,Enterprise,LTE,Web Family,Regular Payer
C06991,Enterprise,ADSL,Web Booster,Predictable Late Payer
C06992,Enterprise,LTE,Web Booster,Regular Payer
C06993,Enterprise,ADSL,Web Family,Regular Payer
C06994,Residential,LTE,Biz Speed,High-Risk Non-Payer
C06995,Enterprise,Fiber,Web Family,Predictable Late Payer
C06996,Residential,LTE,Web Family,Regular Payer
C06997,SME,LTE,Web Booster,Predictable Late Payer
C06998,Residential,ADSL,Web Booster,Predictable Late Payer
C06999,Enterprise,LTE,Web Family,High-Risk Non-Payer
C07000,Enterprise,ADSL,Web Family,Predictable Late Payer
C07001,SME,LTE,Biz Speed,Regular Payer
C07002,Residential,Fiber,Web Booster,Predictable Late Payer
C07003,Residential,ADSL,Web Family,Predictable Late Payer
C07004,SME,LTE,Web Family,High-Risk Non-Payer
C07005,SME,ADSL,Web Booster,High-Risk Non-Payer
C07006,Residential,ADSL,Biz Speed,Predictable Late Payer
C07007,SME,Fiber,Web Booster,Regular Payer
C07008,SME,LTE,Web Booster,Regular Payer
C07009,Residential,LTE,Web Family,High-Risk Non-Payer
C07010,Enterprise,Fiber,Web Booster,Predictable Late Payer
C07011,SME,LTE,Web Family,Regular Payer
C07012,SME,LTE,Web Booster,Regular Payer
C07013,Residential,Fiber,Web Booster,High-Risk Non-Payer
C07014,SME,Fiber,Web Family,Predictable Late Payer
C07015,Enterprise,ADSL,Web Family,High-Risk Non-Payer
C07016,Residential,ADSL,Web Booster,Irregular Payer
C07017,Enterprise,ADSL,Biz Speed,Irregular Payer
C07018,Enterprise,Fiber,Biz Speed,Predictable Late Payer
C07019,Residential,LTE,Web Family,Regular Payer
C07020,Enterprise,Fiber,Web Booster,Irregular Payer
C07021,SME,LTE,Web Booster,Regular Payer
C07022,Enterprise,Fiber,Web Booster,Predictable Late Payer
C07023,Residential,LTE,Biz Speed,High-Risk Non-Payer
C07024,SME,Fiber,Web Family,Regular Payer
C07025,Residential,Fiber,Biz Speed,Irregular Payer
C07026,SME,LTE,Web Family,Irregular Payer
C07027,Enterprise,Fiber,Web Booster,Predictable Late Payer
C07028,Enterprise,ADSL,Web Booster,Regular Payer
C07029,Enterprise,Fiber,Biz Speed,Regular Payer
C07030,Enterprise,ADSL,Web Booster,Regular Payer
C07031,SME,LTE,Web Family,High-Risk Non-Payer
C07032,Residential,ADSL,Web Family,Predictable Late Payer
C07033,SME,ADSL,Web Family,Regular Payer
C07034,Enterprise,ADSL,Web Family,Irregular Payer
C07035,Residential,LTE,Web Booster,Regular Payer
C07036,Enterprise,ADSL,Web Booster,Predictable Late Payer
C07037,Residential,ADSL,Biz Speed,Regular Payer
C07038,SME,Fiber,Biz Speed,Predictable Late Payer
C07039,SME,Fiber,Web Family,Regular Payer
C07040,Enterprise,Fiber,Web Family,Irregular Payer
C07041,SME,LTE,Web Family,Predictable Late Payer
C07042,Residential,Fiber,Biz Speed,High-Risk Non-Payer
C07043,Enterprise,ADSL,Web Family,Regular Payer
C07044,Enterprise,Fiber,Biz Speed,Regular Payer
C07045,SME,LTE,Web Family,Irregular Payer
C07046,Enterprise,ADSL,Web Family,Regular Payer
C07047,SME,ADSL,Biz Speed,Regular Payer
C07048,SME,ADSL,Biz Speed,Irregular Payer
C07049,Enterprise,LTE,Biz Speed,Predictable Late Payer
C07050,Residential,LTE,Web Booster,Regular Payer
C07051,Enterprise,LTE,Web Family,High-Risk Non-Payer
C07052,SME,LTE,Biz Speed,Predictable Late Payer
C07053,Enterprise,Fiber,Web Family,Irregular Payer
C07054,SME,ADSL,Web Booster,Regular Payer
C07055,Residential,Fiber,Biz Speed,High-Risk Non-Payer
C07056,SME,LTE,Web Family,Predictable Late Payer
C07057,Enterprise,Fiber,Web Booster,Predictable Late Payer
C07058,Enterprise,ADSL,Biz Speed,Predictable Late Payer
C07059,Residential,ADSL,Web Family,Regular Payer
C07060,Enterprise,ADSL,Web Family,Predictable Late Payer
C07061,Enterprise,Fiber,Biz Speed,Irregular Payer
C07062,Enterprise,ADSL,Web Booster,Irregular Payer
C07063,Residential,Fiber,Web Family,Predictable Late Payer
C07064,Residential,LTE,Web Booster,Regular Payer
C07065,SME,ADSL,Web Booster,Predictable Late Payer
C07066,Enterprise,Fiber,Web Booster,Regular Payer
C07067,SME,Fiber,Web Family,Predictable Late Payer
C07068,Residential,ADSL,Biz Speed,Predictable Late Payer
C07069,SME,LTE,Biz Speed,Predictable Late Payer
C07070,Residential,Fiber,Web Family,Regular Payer
C07071,Enterprise,LTE,Biz Speed,Regular Payer
C07072,SME,LTE,Web Booster,Irregular Payer
C07073,SME,LTE,Biz Speed,Predictable Late Payer
C07074,Residential,ADSL,Biz Speed,Irregular Payer
C07075,Residential,ADSL,Web Family,Regular Payer
C07076,Residential,LTE,Web Booster,Irregular Payer
C07077,Enterprise,ADSL,Web Booster,Irregular Payer
C07078,Enterprise,LTE,Web Booster,Irregular Payer
C07079,SME,LTE,Web Booster,Regular Payer
C07080,SME,Fiber,Web Family,Regular Payer
C07081,Enterprise,LTE,Web Family,Regular Payer
C07082,Residential,Fiber,Biz Speed,Regular Payer
C07083,Enterprise,ADSL,Web Booster,Regular Payer
C07084,SME,LTE,Biz Speed,High-Risk Non-Payer
C07085,Residential,Fiber,Web Booster,Predictable Late Payer
C07086,Residential,LTE,Web Family,Regular Payer
C07087,Residential,LTE,Web Booster,Regular Payer
C07088,Residential,LTE,Web Family,Regular Payer
C07089,Enterprise,ADSL,Web Family,Predictable Late Payer
C07090,SME,LTE,Web Family,Predictable Late Payer
C07091,Enterprise,Fiber,Web Family,Irregular Payer
C07092,Enterprise,Fiber,Biz Speed,Regular Payer
C07093,Residential,Fiber,Biz Speed,Regular Payer
C07094,Residential,Fiber,Web Booster,Regular Payer
C07095,Enterprise,LTE,Web Booster,Regular Payer
C07096,Residential,LTE,Web Booster,Predictable Late Payer
C07097,Enterprise,ADSL,Web Booster,Regular Payer
C07098,Residential,ADSL,Biz Speed,Irregular Payer
C07099,SME,Fiber,Web Family,Predictable Late Payer
C07100,Enterprise,LTE,Web Family,Regular Payer
C07101,SME,LTE,Web Booster,High-Risk Non-Payer
C07102,Enterprise,LTE,Web Booster,Irregular Payer
C07103,Enterprise,ADSL,Web Family,Regular Payer
C07104,SME,ADSL,Biz Speed,High-Risk Non-Payer
C07105,SME,ADSL,Web Booster,High-Risk Non-Payer
C07106,Residential,ADSL,Web Family,Regular Payer
C07107,Residential,ADSL,Biz Speed,Regular Payer
C07108,Enterprise,ADSL,Web Booster,Regular Payer
C07109,SME,ADSL,Web Family,Regular Payer
C07110,SME,LTE,Web Booster,High-Risk Non-Payer
C07111,Residential,Fiber,Biz Speed,Irregular Payer
C07112,SME,Fiber,Web Family,Predictable Late Payer
C07113,SME,Fiber,Web Booster,Predictable Late Payer
C07114,SME,Fiber,Web Family,High-Risk Non-Payer
C07115,SME,Fiber,Web Booster,Irregular Payer
C07116,SME,ADSL,Web Booster,Regular Payer
C07117,Residential,LTE,Web Booster,Irregular Payer
C07118,Residential,LTE,Web Booster,Regular Payer
C07119,Residential,LTE,Web Family,Regular Payer
C07120,SME,Fiber,Web Family,Regular Payer
C07121,Residential,ADSL,Web Family,Regular Payer
C07122,Residential,ADSL,Biz Speed,Predictable Late Payer
C07123,Residential,LTE,Web Booster,Irregular Payer
C07124,SME,LTE,Web Family,Regular Payer
C07125,SME,ADSL,Web Family,Regular Payer
C07126,Residential,LTE,Web Booster,Regular Payer
C07127,Residential,ADSL,Web Booster,Regular Payer
C07128,Enterprise,LTE,Web Family,Irregular Payer
C07129,SME,ADSL,Biz Speed,Regular Payer
C07130,Residential,ADSL,Web Booster,Predictable Late Payer
C07131,SME,ADSL,Web Family,Regular Payer
C07132,SME,Fiber,Biz Speed,High-Risk Non-Payer
C07133,Residential,ADSL,Biz Speed,Predictable Late Payer
C07134,Enterprise,LTE,Web Booster,High-Risk Non-Payer
C07135,SME,ADSL,Web Booster,Predictable Late Payer
C07136,SME,LTE,Web Booster,Irregular Payer
C07137,Enterprise,Fiber,Web Family,Irregular Payer
C07138,Enterprise,ADSL,Web Booster,Regular Payer
C07139,Enterprise,ADSL,Web Booster,Regular Payer
C07140,Residential,LTE,Biz Speed,Predictable Late Payer
C07141,Residential,Fiber,Biz Speed,Predictable Late Payer
C07142,SME,ADSL,Web Family,Predictable Late Payer
C07143,Residential,Fiber,Biz Speed,Regular Payer
C07144,Residential,Fiber,Web Family,Predictable Late Payer
C07145,SME,LTE,Web Family,Regular Payer
C07146,Residential,ADSL,Biz Speed,Predictable Late Payer
C07147,SME,Fiber,Biz Speed,Regular Payer
C07148,Enterprise,LTE,Web Booster,Regular Payer
C07149,Residential,ADSL,Web Family,Regular Payer
C07150,Residential,LTE,Web Booster,Regular Payer
C07151,Enterprise,ADSL,Web Family,Regular Payer
C07152,SME,LTE,Web Family,Predictable Late Payer
C07153,Enterprise,Fiber,Web Family,Irregular Payer
C07154,SME,ADSL,Web Family,Regular Payer
C07155,Residential,ADSL,Web Family,Regular Payer
C07156,Residential,LTE,Biz Speed,High-Risk Non-Payer
C07157,Residential,LTE,Biz Speed,Regular Payer
C07158,Residential,ADSL,Web Booster,Regular Payer
C07159,Residential,LTE,Web Booster,Predictable Late Payer
C07160,Enterprise,ADSL,Biz Speed,Regular Payer
C07161,Enterprise,Fiber,Biz Speed,Predictable Late Payer
C07162,SME,Fiber,Web Booster,Irregular Payer
C07163,Enterprise,LTE,Web Family,Irregular Payer
C07164,Residential,LTE,Web Booster,Predictable Late Payer
C07165,Enterprise,ADSL,Biz Speed,Regular Payer
C07166,Enterprise,Fiber,Web Family,Regular Payer
C07167,Enterprise,LTE,Web Booster,High-Risk Non-Payer
C07168,Residential,ADSL,Web Family,Regular Payer
C07169,SME,ADSL,Biz Speed,Irregular Payer
C07170,Residential,LTE,Web Booster,Predictable Late Payer
C07171,Residential,Fiber,Web Family,Predictable Late Payer
C07172,Enterprise,ADSL,Biz Speed,High-Risk Non-Payer
C07173,SME,LTE,Web Booster,Irregular Payer
C07174,Residential,LTE,Web Family,Regular Payer
C07175,SME,Fiber,Web Family,Regular Payer
C07176,Residential,LTE,Biz Speed,Regular Payer
C07177,Enterprise,ADSL,Web Booster,Regular Payer
C07178,SME,Fiber,Biz Speed,Irregular Payer
C07179,Enterprise,LTE,Biz Speed,Regular Payer
C07180,Residential,Fiber,Web Booster,Regular Payer
C07181,Enterprise,ADSL,Web Booster,Predictable Late Payer
C07182,SME,ADSL,Web Family,Predictable Late Payer
C07183,SME,Fiber,Web Booster,Predictable Late Payer
C07184,Residential,LTE,Web Family,Regular Payer
C07185,Residential,Fiber,Biz Speed,Predictable Late Payer
C07186,Enterprise,ADSL,Web Booster,Predictable Late Payer
C07187,SME,LTE,Web Booster,Irregular Payer
C07188,SME,ADSL,Web Booster,Regular Payer
C07189,Enterprise,LTE,Biz Speed,Predictable Late Payer
C07190,Residential,ADSL,Web Family,High-Risk Non-Payer
C07191,Enterprise,ADSL,Biz Speed,Predictable Late Payer
C07192,Enterprise,ADSL,Biz Speed,Regular Payer
C07193,Enterprise,Fiber,Web Booster,Predictable Late Payer
C07194,Enterprise,ADSL,Web Booster,Regular Payer
C07195,Enterprise,ADSL,Web Booster,Irregular Payer
C07196,Residential,LTE,Biz Speed,Irregular Payer
C07197,Enterprise,Fiber,Web Family,Irregular Payer
C07198,SME,LTE,Web Family,Regular Payer
C07199,Enterprise,Fiber,Biz Speed,Regular Payer
C07200,SME,Fiber,Web Family,Regular Payer
C07201,Enterprise,ADSL,Biz Speed,Irregular Payer
C07202,Enterprise,ADSL,Web Family,Predictable Late Payer
C07203,Residential,LTE,Biz Speed,Regular Payer
C07204,SME,Fiber,Web Booster,Regular Payer
C07205,Enterprise,Fiber,Web Family,Predictable Late Payer
C07206,SME,ADSL,Biz Speed,High-Risk Non-Payer
C07207,Residential,Fiber,Web Family,Irregular Payer
C07208,Enterprise,ADSL,Web Booster,High-Risk Non-Payer
C07209,SME,Fiber,Biz Speed,Regular Payer
C07210,SME,ADSL,Web Booster,Irregular Payer
C07211,Enterprise,LTE,Web Family,Irregular Payer
C07212,Enterprise,ADSL,Web Family,High-Risk Non-Payer
C07213,Residential,Fiber,Web Booster,Predictable Late Payer
C07214,Enterprise,ADSL,Web Booster,Regular Payer
C07215,Enterprise,ADSL,Web Booster,Regular Payer
C07216,Enterprise,Fiber,Web Booster,Predictable Late Payer
C07217,Enterprise,Fiber,Biz Speed,Irregular Payer
C07218,Enterprise,ADSL,Web Booster,Predictable Late Payer
C07219,SME,ADSL,Biz Speed,Predictable Late Payer
C07220,SME,LTE,Web Family,Irregular Payer
C07221,SME,ADSL,Web Booster,Predictable Late Payer
C07222,Enterprise,LTE,Biz Speed,Irregular Payer
C07223,SME,Fiber,Biz Speed,Predictable Late Payer
C07224,Residential,ADSL,Web Booster,Regular Payer
C07225,SME,Fiber,Web Family,Irregular Payer
C07226,Residential,ADSL,Web Family,Predictable Late Payer
C07227,SME,LTE,Web Family,Regular Payer
C07228,SME,LTE,Web Booster,High-Risk Non-Payer
C07229,Enterprise,LTE,Biz Speed,Predictable Late Payer
C07230,SME,LTE,Web Booster,Predictable Late Payer
C07231,Enterprise,LTE,Web Booster,Regular Payer
C07232,SME,LTE,Web Booster,Regular Payer
C07233,Residential,LTE,Web Booster,Predictable Late Payer
C07234,Residential,Fiber,Web Family,Regular Payer
C07235,SME,LTE,Biz Speed,Irregular Payer
C07236,SME,ADSL,Web Family,Regular Payer
C07237,Residential,LTE,Web Family,Predictable Late Payer
C07238,SME,LTE,Web Booster,Regular Payer
C07239,Residential,LTE,Web Booster,Regular Payer
C07240,Enterprise,ADSL,Biz Speed,Predictable Late Payer
C07241,SME,Fiber,Web Family,Irregular Payer
C07242,Residential,Fiber,Biz Speed,Predictable Late Payer
C07243,Enterprise,LTE,Web Family,Predictable Late Payer
C07244,Residential,LTE,Web Booster,Irregular Payer
C07245,Enterprise,Fiber,Web Booster,Regular Payer
C07246,Residential,LTE,Web Family,Regular Payer
C07247,Enterprise,LTE,Web Booster,Regular Payer
C07248,Residential,ADSL,Biz Speed,Predictable Late Payer
C07249,Residential,Fiber,Biz Speed,Regular Payer
C07250,Residential,ADSL,Biz Speed,Irregular Payer
C07251,Residential,Fiber,Biz Speed,Irregular Payer
C07252,SME,ADSL,Web Family,Regular Payer
C07253,Enterprise,ADSL,Web Family,Predictable Late Payer
C07254,SME,ADSL,Web Family,Irregular Payer
C07255,SME,ADSL,Web Booster,Irregular Payer
C07256,Enterprise,LTE,Web Family,Irregular Payer
C07257,SME,Fiber,Biz Speed,Regular Payer
C07258,Residential,LTE,Web Booster,Predictable Late Payer
C07259,Enterprise,Fiber,Web Booster,Regular Payer
C07260,Residential,LTE,Web Family,Regular Payer
C07261,SME,ADSL,Web Booster,Regular Payer
C07262,Enterprise,Fiber,Biz Speed,Regular Payer
C07263,Enterprise,ADSL,Web Family,Predictable Late Payer
C07264,Enterprise,Fiber,Web Booster,Predictable Late Payer
C07265,Enterprise,ADSL,Web Family,Regular Payer
C07266,SME,Fiber,Web Family,Irregular Payer
C07267,SME,LTE,Web Family,Predictable Late Payer
C07268,Residential,Fiber,Web Family,Regular Payer
C07269,Enterprise,ADSL,Web Family,Regular Payer
C07270,SME,ADSL,Web Family,Predictable Late Payer
C07271,SME,Fiber,Web Family,Regular Payer
C07272,Enterprise,ADSL,Web Booster,Predictable Late Payer
C07273,SME,LTE,Biz Speed,Predictable Late Payer
C07274,SME,ADSL,Web Booster,High-Risk Non-Payer
C07275,Residential,ADSL,Web Booster,Regular Payer
C07276,SME,ADSL,Web Booster,High-Risk Non-Payer
C07277,Enterprise,ADSL,Biz Speed,Regular Payer
C07278,Residential,ADSL,Biz Speed,Irregular Payer
C07279,Residential,ADSL,Web Booster,Irregular Payer
C07280,Enterprise,LTE,Biz Speed,Predictable Late Payer
C07281,SME,Fiber,Biz Speed,Predictable Late Payer
C07282,Residential,ADSL,Web Family,Regular Payer
C07283,SME,Fiber,Biz Speed,Predictable Late Payer
C07284,Enterprise,ADSL,Web Booster,Irregular Payer
C07285,SME,Fiber,Web Booster,Predictable Late Payer
C07286,SME,LTE,Biz Speed,Regular Payer
C07287,SME,Fiber,Biz Speed,Regular Payer
C07288,SME,Fiber,Biz Speed,Regular Payer
C07289,Enterprise,ADSL,Web Family,Regular Payer
C07290,Enterprise,Fiber,Web Booster,Predictable Late Payer
C07291,Residential,LTE,Web Family,Irregular Payer
C07292,SME,LTE,Biz Speed,Regular Payer
C07293,Enterprise,ADSL,Biz Speed,Irregular Payer
C07294,SME,Fiber,Web Family,Regular Payer
C07295,Enterprise,Fiber,Web Family,Predictable Late Payer
C07296,Residential,LTE,Biz Speed,Predictable Late Payer
C07297,Enterprise,Fiber,Web Family,Irregular Payer
C07298,Residential,LTE,Biz Speed,Irregular Payer
C07299,Residential,Fiber,Biz Speed,Irregular Payer
C07300,SME,LTE,Web Booster,Irregular Payer
C07301,Enterprise,ADSL,Biz Speed,Predictable Late Payer
C07302,Residential,ADSL,Biz Speed,Regular Payer
C07303,SME,LTE,Biz Speed,Regular Payer
C07304,SME,Fiber,Biz Speed,Irregular Payer
C07305,SME,LTE,Web Booster,Regular Payer
C07306,Enterprise,ADSL,Web Family,High-Risk Non-Payer
C07307,Enterprise,ADSL,Biz Speed,Predictable Late Payer
C07308,SME,ADSL,Web Family,Predictable Late Payer
C07309,Residential,LTE,Biz Speed,Regular Payer
C07310,SME,ADSL,Web Family,Predictable Late Payer
C07311,SME,LTE,Biz Speed,High-Risk Non-Payer
C07312,Enterprise,ADSL,Web Booster,Regular Payer
C07313,Enterprise,Fiber,Biz Speed,Regular Payer
C07314,Enterprise,LTE,Web Booster,Regular Payer
C07315,Residential,Fiber,Web Family,Predictable Late Payer
C07316,SME,Fiber,Web Family,Regular Payer
C07317,SME,ADSL,Web Family,Regular Payer
C07318,Enterprise,ADSL,Biz Speed,Regular Payer
C07319,SME,ADSL,Web Family,Predictable Late Payer
C07320,Enterprise,Fiber,Web Family,High-Risk Non-Payer
C07321,Enterprise,ADSL,Biz Speed,Predictable Late Payer
C07322,Enterprise,Fiber,Biz Speed,Irregular Payer
C07323,Residential,ADSL,Web Booster,Regular Payer
C07324,SME,LTE,Biz Speed,Irregular Payer
C07325,Enterprise,Fiber,Web Family,Regular Payer
C07326,Enterprise,Fiber,Web Family,Predictable Late Payer
C07327,Residential,ADSL,Biz Speed,Regular Payer
C07328,Enterprise,ADSL,Web Family,Regular Payer
C07329,Enterprise,ADSL,Biz Speed,High-Risk Non-Payer
C07330,SME,ADSL,Web Booster,Predictable Late Payer
C07331,SME,Fiber,Web Family,Irregular Payer
C07332,Residential,LTE,Web Booster,Regular Payer
C07333,Enterprise,ADSL,Web Booster,Irregular Payer
C07334,Enterprise,Fiber,Web Family,Regular Payer
C07335,Enterprise,LTE,Web Family,Irregular Payer
C07336,SME,Fiber,Biz Speed,Regular Payer
C07337,Residential,ADSL,Web Family,Regular Payer
C07338,SME,LTE,Biz Speed,Regular Payer
C07339,SME,LTE,Biz Speed,High-Risk Non-Payer
C07340,SME,Fiber,Biz Speed,Regular Payer
C07341,SME,ADSL,Biz Speed,Predictable Late Payer
C07342,Enterprise,Fiber,Biz Speed,Regular Payer
C07343,SME,LTE,Web Family,Regular Payer
C07344,Enterprise,ADSL,Web Family,Regular Payer
C07345,Residential,LTE,Web Family,Regular Payer
C07346,SME,Fiber,Biz Speed,High-Risk Non-Payer
C07347,Residential,Fiber,Web Family,High-Risk Non-Payer
C07348,SME,Fiber,Web Family,Predictable Late Payer
C07349,SME,Fiber,Web Booster,Predictable Late Payer
C07350,SME,ADSL,Biz Speed,Regular Payer
C07351,Residential,ADSL,Biz Speed,Predictable Late Payer
C07352,SME,ADSL,Web Booster,Predictable Late Payer
C07353,Residential,Fiber,Biz Speed,High-Risk Non-Payer
C07354,Enterprise,LTE,Web Booster,Predictable Late Payer
C07355,SME,LTE,Web Booster,High-Risk Non-Payer
C07356,Enterprise,LTE,Web Family,High-Risk Non-Payer
C07357,Residential,LTE,Biz Speed,Irregular Payer
C07358,SME,Fiber,Web Family,Predictable Late Payer
C07359,Residential,ADSL,Web Booster,Predictable Late Payer
C07360,SME,ADSL,Biz Speed,Regular Payer
C07361,Residential,LTE,Biz Speed,High-Risk Non-Payer
C07362,SME,LTE,Biz Speed,High-Risk Non-Payer
C07363,Enterprise,ADSL,Biz Speed,Regular Payer
C07364,SME,Fiber,Web Family,Predictable Late Payer
C07365,Enterprise,ADSL,Web Family,Irregular Payer
C07366,Residential,ADSL,Web Family,Regular Payer
C07367,SME,ADSL,Biz Speed,Regular Payer
C07368,Residential,Fiber,Web Family,Regular Payer
C07369,Residential,LTE,Biz Speed,Regular Payer
C07370,Enterprise,LTE,Biz Speed,Irregular Payer
C07371,Enterprise,Fiber,Biz Speed,Predictable Late Payer
C07372,SME,Fiber,Web Booster,High-Risk Non-Payer
C07373,SME,LTE,Web Booster,Irregular Payer
C07374,Enterprise,LTE,Web Booster,Regular Payer
C07375,Residential,LTE,Biz Speed,Predictable Late Payer
C07376,SME,ADSL,Web Booster,Predictable Late Payer
C07377,Enterprise,LTE,Web Booster,Irregular Payer
C07378,Enterprise,Fiber,Web Booster,Regular Payer
C07379,Residential,LTE,Web Family,High-Risk Non-Payer
C07380,Residential,Fiber,Biz Speed,Predictable Late Payer
C07381,SME,ADSL,Biz Speed,Regular Payer
C07382,SME,Fiber,Web Family,Irregular Payer
C07383,SME,LTE,Biz Speed,Predictable Late Payer
C07384,Enterprise,Fiber,Biz Speed,Predictable Late Payer
C07385,Enterprise,Fiber,Biz Speed,Predictable Late Payer
C07386,SME,LTE,Web Family,Irregular Payer
C07387,Residential,ADSL,Biz Speed,Irregular Payer
C07388,Enterprise,LTE,Web Booster,Predictable Late Payer
C07389,Residential,Fiber,Web Family,Irregular Payer
C07390,SME,ADSL,Web Booster,High-Risk Non-Payer
C07391,Enterprise,Fiber,Biz Speed,Irregular Payer
C07392,Enterprise,LTE,Biz Speed,Irregular Payer
C07393,Residential,ADSL,Web Family,Predictable Late Payer
C07394,SME,LTE,Web Family,Predictable Late Payer
C07395,SME,LTE,Web Booster,Predictable Late Payer
C07396,Residential,Fiber,Web Family,High-Risk Non-Payer
C07397,Enterprise,LTE,Web Family,Regular Payer
C07398,Residential,Fiber,Web Family,Regular Payer
C07399,Enterprise,Fiber,Web Booster,Predictable Late Payer
C07400,Enterprise,Fiber,Web Family,Irregular Payer
C07401,Residential,ADSL,Web Booster,High-Risk Non-Payer
C07402,Enterprise,Fiber,Web Booster,Predictable Late Payer
C07403,Enterprise,ADSL,Web Family,Regular Payer
C07404,SME,ADSL,Web Family,Regular Payer
C07405,Enterprise,LTE,Web Booster,Irregular Payer
C07406,Residential,LTE,Web Booster,Regular Payer
C07407,Residential,Fiber,Web Family,Irregular Payer
C07408,SME,Fiber,Web Booster,Regular Payer
C07409,SME,LTE,Web Booster,Irregular Payer
C07410,Residential,LTE,Web Family,Regular Payer
C07411,SME,Fiber,Web Booster,Irregular Payer
C07412,SME,Fiber,Web Family,Predictable Late Payer
C07413,SME,ADSL,Biz Speed,Regular Payer
C07414,Enterprise,ADSL,Web Booster,Regular Payer
C07415,Residential,ADSL,Web Family,Predictable Late Payer
C07416,SME,LTE,Web Booster,Irregular Payer
C07417,SME,ADSL,Web Family,Regular Payer
C07418,Enterprise,LTE,Web Family,High-Risk Non-Payer
C07419,Enterprise,LTE,Web Booster,Regular Payer
C07420,Enterprise,Fiber,Web Booster,Irregular Payer
C07421,Enterprise,LTE,Biz Speed,Regular Payer
C07422,Residential,Fiber,Biz Speed,High-Risk Non-Payer
C07423,Residential,ADSL,Web Family,Regular Payer
C07424,Residential,Fiber,Web Family,Regular Payer
C07425,SME,LTE,Web Booster,Irregular Payer
C07426,Enterprise,Fiber,Web Booster,Predictable Late Payer
C07427,SME,ADSL,Web Family,Regular Payer
C07428,Residential,Fiber,Web Booster,Predictable Late Payer
C07429,Enterprise,LTE,Biz Speed,Predictable Late Payer
C07430,Enterprise,LTE,Web Family,Regular Payer
C07431,Enterprise,Fiber,Web Booster,Regular Payer
C07432,SME,LTE,Web Family,Predictable Late Payer
C07433,Enterprise,LTE,Web Booster,Regular Payer
C07434,Residential,Fiber,Biz Speed,Predictable Late Payer
C07435,SME,ADSL,Web Family,Regular Payer
C07436,Enterprise,ADSL,Biz Speed,Predictable Late Payer
C07437,Residential,Fiber,Web Booster,Regular Payer
C07438,Residential,LTE,Web Family,High-Risk Non-Payer
C07439,SME,Fiber,Web Booster,Predictable Late Payer
C07440,SME,Fiber,Biz Speed,Regular Payer
C07441,Residential,LTE,Biz Speed,Regular Payer
C07442,SME,Fiber,Web Family,Predictable Late Payer
C07443,SME,ADSL,Biz Speed,Regular Payer
C07444,SME,Fiber,Web Booster,Irregular Payer
C07445,Residential,LTE,Biz Speed,Predictable Late Payer
C07446,Residential,Fiber,Web Booster,Irregular Payer
C07447,Enterprise,Fiber,Web Family,High-Risk Non-Payer
C07448,Enterprise,Fiber,Web Booster,High-Risk Non-Payer
C07449,Residential,ADSL,Biz Speed,Regular Payer
C07450,SME,Fiber,Web Family,Regular Payer
C07451,Residential,Fiber,Biz Speed,Predictable Late Payer
C07452,SME,ADSL,Biz Speed,High-Risk Non-Payer
C07453,Enterprise,Fiber,Biz Speed,Regular Payer
C07454,Residential,Fiber,Web Booster,Irregular Payer
C07455,Residential,LTE,Web Family,Regular Payer
C07456,SME,LTE,Web Family,Regular Payer
C07457,Residential,LTE,Web Booster,Irregular Payer
C07458,Enterprise,Fiber,Web Family,Regular Payer
C07459,SME,LTE,Web Family,Regular Payer
C07460,Enterprise,ADSL,Web Family,Regular Payer
C07461,Residential,LTE,Web Family,Regular Payer
C07462,SME,Fiber,Biz Speed,Regular Payer
C07463,Enterprise,Fiber,Web Family,Regular Payer
C07464,Residential,ADSL,Web Family,Regular Payer
C07465,Enterprise,ADSL,Biz Speed,Irregular Payer
C07466,Residential,Fiber,Web Family,Regular Payer
C07467,SME,Fiber,Web Family,Predictable Late Payer
C07468,Residential,Fiber,Biz Speed,Regular Payer
C07469,Residential,ADSL,Web Booster,High-Risk Non-Payer
C07470,Residential,Fiber,Web Family,Regular Payer
C07471,Enterprise,LTE,Web Booster,Irregular Payer
C07472,SME,ADSL,Web Booster,Regular Payer
C07473,Residential,LTE,Web Family,Predictable Late Payer
C07474,SME,LTE,Biz Speed,Predictable Late Payer
C07475,Residential,Fiber,Web Booster,Predictable Late Payer
C07476,SME,LTE,Web Family,Regular Payer
C07477,Enterprise,Fiber,Biz Speed,Irregular Payer
C07478,SME,Fiber,Web Booster,Irregular Payer
C07479,Enterprise,ADSL,Web Booster,Predictable Late Payer
C07480,Residential,LTE,Biz Speed,Predictable Late Payer
C07481,Enterprise,ADSL,Web Booster,Regular Payer
C07482,SME,Fiber,Web Booster,Predictable Late Payer
C07483,Residential,LTE,Biz Speed,Regular Payer
C07484,SME,LTE,Web Booster,Irregular Payer
C07485,Enterprise,Fiber,Web Booster,Predictable Late Payer
C07486,SME,Fiber,Web Booster,Irregular Payer
C07487,Enterprise,ADSL,Web Family,Predictable Late Payer
C07488,SME,LTE,Web Booster,Regular Payer
C07489,SME,LTE,Web Family,Regular Payer
C07490,Enterprise,ADSL,Web Booster,Regular Payer
C07491,SME,LTE,Web Booster,Predictable Late Payer
C07492,SME,ADSL,Web Family,Regular Payer
C07493,Enterprise,ADSL,Biz Speed,Predictable Late Payer
C07494,SME,Fiber,Biz Speed,Irregular Payer
C07495,Enterprise,ADSL,Web Booster,Irregular Payer
C07496,Residential,LTE,Web Family,Irregular Payer
C07497,Enterprise,LTE,Web Booster,High-Risk Non-Payer
C07498,Residential,LTE,Web Family,Regular Payer
C07499,Residential,Fiber,Biz Speed,Predictable Late Payer
C07500,Enterprise,ADSL,Web Booster,High-Risk Non-Payer
C07501,Enterprise,ADSL,Biz Speed,High-Risk Non-Payer
C07502,SME,LTE,Web Family,High-Risk Non-Payer
C07503,SME,LTE,Biz Speed,Regular Payer
C07504,Enterprise,LTE,Web Family,Predictable Late Payer
C07505,Residential,LTE,Web Family,Regular Payer
C07506,Enterprise,Fiber,Web Booster,Predictable Late Payer
C07507,Enterprise,ADSL,Web Family,Predictable Late Payer
C07508,Enterprise,ADSL,Web Family,Predictable Late Payer
C07509,SME,Fiber,Biz Speed,High-Risk Non-Payer
C07510,Residential,Fiber,Web Booster,Irregular Payer
C07511,Enterprise,ADSL,Web Family,Predictable Late Payer
C07512,Residential,Fiber,Web Family,Regular Payer
C07513,Residential,LTE,Web Family,Regular Payer
C07514,SME,ADSL,Web Family,Irregular Payer
C07515,Residential,Fiber,Web Booster,Predictable Late Payer
C07516,SME,LTE,Biz Speed,High-Risk Non-Payer
C07517,Residential,ADSL,Web Family,Regular Payer
C07518,SME,ADSL,Web Family,Regular Payer
C07519,Residential,LTE,Web Booster,Irregular Payer
C07520,Enterprise,LTE,Web Booster,Regular Payer
C07521,SME,ADSL,Web Booster,Irregular Payer
C07522,Enterprise,ADSL,Biz Speed,Regular Payer
C07523,Enterprise,LTE,Web Booster,Irregular Payer
C07524,Residential,Fiber,Biz Speed,Regular Payer
C07525,Residential,ADSL,Biz Speed,Irregular Payer
C07526,Enterprise,ADSL,Web Booster,Regular Payer
C07527,SME,ADSL,Web Booster,Predictable Late Payer
C07528,Enterprise,Fiber,Biz Speed,Regular Payer
C07529,Enterprise,LTE,Biz Speed,High-Risk Non-Payer
C07530,Enterprise,LTE,Biz Speed,Predictable Late Payer
C07531,Enterprise,LTE,Web Booster,High-Risk Non-Payer
C07532,Residential,LTE,Biz Speed,Irregular Payer
C07533,Residential,Fiber,Web Booster,Regular Payer
C07534,Residential,Fiber,Web Family,High-Risk Non-Payer
C07535,Residential,Fiber,Web Booster,Irregular Payer
C07536,Enterprise,Fiber,Web Family,Predictable Late Payer
C07537,Enterprise,Fiber,Biz Speed,Predictable Late Payer
C07538,Enterprise,ADSL,Web Family,Irregular Payer
C07539,Residential,Fiber,Web Family,Regular Payer
C07540,SME,Fiber,Web Booster,High-Risk Non-Payer
C07541,SME,LTE,Biz Speed,Irregular Payer
C07542,Enterprise,LTE,Biz Speed,Irregular Payer
C07543,SME,Fiber,Biz Speed,Predictable Late Payer
C07544,Enterprise,LTE,Web Family,Irregular Payer
C07545,Residential,LTE,Web Booster,Predictable Late Payer
C07546,Residential,Fiber,Web Booster,High-Risk Non-Payer
C07547,Residential,Fiber,Web Booster,Regular Payer
C07548,SME,ADSL,Biz Speed,Irregular Payer
C07549,Enterprise,ADSL,Web Family,Irregular Payer
C07550,Residential,LTE,Biz Speed,Irregular Payer
C07551,Residential,Fiber,Web Family,Predictable Late Payer
C07552,SME,LTE,Web Family,Predictable Late Payer
C07553,Enterprise,Fiber,Biz Speed,High-Risk Non-Payer
C07554,Enterprise,ADSL,Web Family,Regular Payer
C07555,Residential,Fiber,Web Family,Regular Payer
C07556,Enterprise,LTE,Web Booster,Predictable Late Payer
C07557,Residential,Fiber,Web Family,Regular Payer
C07558,Residential,LTE,Web Family,Predictable Late Payer
C07559,Enterprise,ADSL,Web Family,Predictable Late Payer
C07560,Enterprise,Fiber,Web Family,High-Risk Non-Payer
C07561,SME,Fiber,Web Family,Regular Payer
C07562,SME,Fiber,Biz Speed,Irregular Payer
C07563,SME,Fiber,Web Family,Irregular Payer
C07564,Enterprise,Fiber,Biz Speed,Predictable Late Payer
C07565,Residential,Fiber,Web Booster,High-Risk Non-Payer
C07566,Enterprise,Fiber,Web Family,High-Risk Non-Payer
C07567,Enterprise,ADSL,Biz Speed,Regular Payer
C07568,Residential,Fiber,Web Family,Irregular Payer
C07569,SME,ADSL,Web Booster,Regular Payer
C07570,SME,ADSL,Web Family,Irregular Payer
C07571,Enterprise,Fiber,Web Booster,Predictable Late Payer
C07572,Enterprise,LTE,Web Booster,Regular Payer
C07573,SME,Fiber,Biz Speed,Regular Payer
C07574,Enterprise,Fiber,Web Family,High-Risk Non-Payer
C07575,SME,LTE,Biz Speed,High-Risk Non-Payer
C07576,Enterprise,LTE,Web Family,Irregular Payer
C07577,SME,Fiber,Web Family,Predictable Late Payer
C07578,Residential,LTE,Web Booster,Irregular Payer
C07579,Residential,ADSL,Web Family,Regular Payer
C07580,SME,Fiber,Web Booster,Regular Payer
C07581,Enterprise,ADSL,Web Booster,High-Risk Non-Payer
C07582,Residential,LTE,Web Family,Predictable Late Payer
C07583,SME,LTE,Web Booster,Regular Payer
C07584,SME,Fiber,Biz Speed,Predictable Late Payer
C07585,SME,Fiber,Web Family,Regular Payer
C07586,SME,LTE,Web Booster,Irregular Payer
C07587,Residential,ADSL,Web Booster,Predictable Late Payer
C07588,Enterprise,ADSL,Biz Speed,Regular Payer
C07589,Enterprise,LTE,Web Booster,Regular Payer
C07590,SME,ADSL,Biz Speed,High-Risk Non-Payer
C07591,Enterprise,Fiber,Web Family,Regular Payer
C07592,Residential,ADSL,Biz Speed,Irregular Payer
C07593,SME,LTE,Web Booster,Regular Payer
C07594,Enterprise,LTE,Web Family,Regular Payer
C07595,Enterprise,LTE,Web Family,Irregular Payer
C07596,Residential,LTE,Biz Speed,Irregular Payer
C07597,SME,Fiber,Web Booster,Predictable Late Payer
C07598,Enterprise,LTE,Web Booster,Regular Payer
C07599,SME,LTE,Web Family,Predictable Late Payer
C07600,Enterprise,Fiber,Web Family,Regular Payer
C07601,Enterprise,LTE,Web Family,Irregular Payer
C07602,Residential,LTE,Biz Speed,Predictable Late Payer
C07603,SME,Fiber,Web Booster,Regular Payer
C07604,Enterprise,ADSL,Web Booster,Irregular Payer
C07605,Residential,Fiber,Web Family,High-Risk Non-Payer
C07606,SME,LTE,Biz Speed,Predictable Late Payer
C07607,Enterprise,LTE,Web Family,Predictable Late Payer
C07608,Enterprise,Fiber,Web Family,Predictable Late Payer
C07609,Residential,Fiber,Biz Speed,Irregular Payer
C07610,Residential,LTE,Biz Speed,Regular Payer
C07611,Residential,Fiber,Biz Speed,Regular Payer
C07612,Residential,ADSL,Web Family,Regular Payer
C07613,Enterprise,LTE,Web Booster,Regular Payer
C07614,Residential,ADSL,Web Family,Regular Payer
C07615,Enterprise,ADSL,Biz Speed,Regular Payer
C07616,Residential,LTE,Web Family,Regular Payer
C07617,Enterprise,LTE,Web Booster,Predictable Late Payer
C07618,Residential,Fiber,Web Booster,Irregular Payer
C07619,Residential,ADSL,Web Family,High-Risk Non-Payer
C07620,SME,ADSL,Web Family,Irregular Payer
C07621,SME,Fiber,Web Booster,High-Risk Non-Payer
C07622,SME,Fiber,Web Family,Irregular Payer
C07623,Enterprise,ADSL,Web Family,High-Risk Non-Payer
C07624,Residential,LTE,Web Booster,Regular Payer
C07625,Enterprise,ADSL,Web Booster,High-Risk Non-Payer
C07626,Enterprise,Fiber,Biz Speed,Irregular Payer
C07627,Enterprise,Fiber,Web Family,Regular Payer
C07628,Enterprise,Fiber,Web Family,Regular Payer
C07629,SME,Fiber,Biz Speed,Regular Payer
C07630,Enterprise,LTE,Web Family,Regular Payer
C07631,Enterprise,LTE,Web Family,Irregular Payer
C07632,Enterprise,Fiber,Biz Speed,Regular Payer
C07633,SME,ADSL,Web Booster,Irregular Payer
C07634,SME,ADSL,Biz Speed,Regular Payer
C07635,Residential,Fiber,Web Family,Predictable Late Payer
C07636,Enterprise,ADSL,Biz Speed,Regular Payer
C07637,SME,Fiber,Web Booster,Predictable Late Payer
C07638,Enterprise,ADSL,Biz Speed,High-Risk Non-Payer
C07639,Enterprise,Fiber,Web Booster,Predictable Late Payer
C07640,Residential,ADSL,Web Family,Regular Payer
C07641,Enterprise,ADSL,Biz Speed,High-Risk Non-Payer
C07642,SME,LTE,Web Family,Irregular Payer
C07643,SME,ADSL,Biz Speed,Regular Payer
C07644,SME,ADSL,Web Booster,High-Risk Non-Payer
C07645,SME,LTE,Biz Speed,Predictable Late Payer
C07646,Enterprise,Fiber,Biz Speed,Irregular Payer
C07647,Residential,ADSL,Biz Speed,Regular Payer
C07648,SME,ADSL,Web Booster,Predictable Late Payer
C07649,Residential,ADSL,Web Booster,Regular Payer
C07650,Residential,ADSL,Biz Speed,Irregular Payer
C07651,SME,Fiber,Web Booster,Regular Payer
C07652,Residential,LTE,Web Booster,Predictable Late Payer
C07653,Residential,Fiber,Web Booster,Irregular Payer
C07654,SME,LTE,Web Family,Regular Payer
C07655,SME,Fiber,Web Booster,Predictable Late Payer
C07656,Residential,LTE,Biz Speed,Predictable Late Payer
C07657,SME,ADSL,Biz Speed,Regular Payer
C07658,SME,Fiber,Biz Speed,Regular Payer
C07659,SME,Fiber,Web Booster,Irregular Payer
C07660,Enterprise,ADSL,Web Family,Predictable Late Payer
C07661,SME,LTE,Web Booster,Regular Payer
C07662,SME,Fiber,Web Booster,Irregular Payer
C07663,Residential,ADSL,Web Booster,Predictable Late Payer
C07664,Residential,ADSL,Web Family,High-Risk Non-Payer
C07665,Residential,Fiber,Web Booster,Predictable Late Payer
C07666,Residential,LTE,Web Family,Predictable Late Payer
C07667,Residential,LTE,Web Family,Irregular Payer
C07668,SME,Fiber,Web Booster,Predictable Late Payer
C07669,SME,ADSL,Web Booster,Regular Payer
C07670,SME,ADSL,Web Family,Regular Payer
C07671,SME,ADSL,Web Booster,Regular Payer
C07672,SME,Fiber,Web Booster,Predictable Late Payer
C07673,Residential,Fiber,Web Family,Predictable Late Payer
C07674,Enterprise,LTE,Biz Speed,Predictable Late Payer
C07675,SME,Fiber,Web Family,Irregular Payer
C07676,SME,ADSL,Biz Speed,High-Risk Non-Payer
C07677,Residential,ADSL,Web Booster,Regular Payer
C07678,SME,Fiber,Web Family,Predictable Late Payer
C07679,SME,Fiber,Biz Speed,Predictable Late Payer
C07680,Residential,LTE,Web Family,Regular Payer
C07681,SME,Fiber,Biz Speed,Regular Payer
C07682,Residential,Fiber,Web Booster,Regular Payer
C07683,SME,ADSL,Web Family,High-Risk Non-Payer
C07684,SME,ADSL,Web Family,Predictable Late Payer
C07685,SME,LTE,Biz Speed,Regular Payer
C07686,Residential,LTE,Web Family,High-Risk Non-Payer
C07687,SME,Fiber,Web Family,Regular Payer
C07688,Residential,ADSL,Web Family,Predictable Late Payer
C07689,SME,ADSL,Web Booster,Regular Payer
C07690,Residential,Fiber,Web Booster,Regular Payer
C07691,Enterprise,Fiber,Web Family,Predictable Late Payer
C07692,Enterprise,Fiber,Web Family,Regular Payer
C07693,Residential,LTE,Biz Speed,Predictable Late Payer
C07694,Enterprise,Fiber,Web Family,Regular Payer
C07695,Residential,Fiber,Biz Speed,Predictable Late Payer
C07696,SME,LTE,Web Family,Regular Payer
C07697,Residential,LTE,Web Booster,Irregular Payer
C07698,Enterprise,LTE,Biz Speed,Predictable Late Payer
C07699,Enterprise,ADSL,Web Booster,Regular Payer
C07700,Enterprise,LTE,Web Family,Irregular Payer
C07701,Enterprise,ADSL,Web Family,Regular Payer
C07702,SME,LTE,Biz Speed,Irregular Payer
C07703,Residential,Fiber,Biz Speed,Regular Payer
C07704,SME,ADSL,Biz Speed,Predictable Late Payer
C07705,Enterprise,Fiber,Web Booster,Regular Payer
C07706,SME,LTE,Biz Speed,Regular Payer
C07707,Residential,LTE,Web Family,Irregular Payer
C07708,Residential,ADSL,Web Booster,High-Risk Non-Payer
C07709,SME,Fiber,Biz Speed,Predictable Late Payer
C07710,Residential,Fiber,Biz Speed,Predictable Late Payer
C07711,SME,LTE,Web Booster,Irregular Payer
C07712,SME,Fiber,Web Booster,Regular Payer
C07713,SME,ADSL,Web Booster,Regular Payer
C07714,Residential,ADSL,Web Family,Predictable Late Payer
C07715,Enterprise,ADSL,Web Booster,Predictable Late Payer
C07716,Residential,LTE,Biz Speed,Regular Payer
C07717,Enterprise,ADSL,Web Family,Regular Payer
C07718,Residential,Fiber,Biz Speed,Regular Payer
C07719,SME,ADSL,Biz Speed,Predictable Late Payer
C07720,SME,Fiber,Web Booster,Predictable Late Payer
C07721,SME,ADSL,Web Booster,Regular Payer
C07722,Residential,Fiber,Web Family,Regular Payer
C07723,SME,Fiber,Biz Speed,Regular Payer
C07724,Residential,Fiber,Web Family,Regular Payer
C07725,Enterprise,ADSL,Biz Speed,Regular Payer
C07726,Enterprise,LTE,Web Booster,Regular Payer
C07727,SME,Fiber,Web Family,Regular Payer
C07728,Residential,ADSL,Web Booster,Regular Payer
C07729,Residential,Fiber,Biz Speed,Regular Payer
C07730,SME,Fiber,Biz Speed,Irregular Payer
C07731,Enterprise,ADSL,Web Family,Irregular Payer
C07732,Enterprise,ADSL,Web Family,Regular Payer
C07733,SME,LTE,Web Booster,Predictable Late Payer
C07734,Enterprise,ADSL,Web Booster,Regular Payer
C07735,Residential,Fiber,Web Booster,Irregular Payer
C07736,Enterprise,ADSL,Web Booster,Regular Payer
C07737,Enterprise,ADSL,Web Family,Irregular Payer
C07738,SME,LTE,Web Booster,Predictable Late Payer
C07739,SME,Fiber,Biz Speed,Regular Payer
C07740,Residential,Fiber,Web Booster,Predictable Late Payer
C07741,Residential,LTE,Web Booster,Regular Payer
C07742,SME,LTE,Web Booster,Regular Payer
C07743,SME,Fiber,Web Booster,Regular Payer
C07744,Residential,LTE,Web Family,High-Risk Non-Payer
C07745,SME,LTE,Web Family,High-Risk Non-Payer
C07746,Residential,LTE,Web Booster,Predictable Late Payer
C07747,SME,LTE,Biz Speed,Predictable Late Payer
C07748,SME,LTE,Biz Speed,Predictable Late Payer
C07749,SME,ADSL,Web Booster,Regular Payer
C07750,SME,ADSL,Web Booster,Irregular Payer
C07751,Residential,Fiber,Web Booster,Predictable Late Payer
C07752,Residential,LTE,Web Family,High-Risk Non-Payer
C07753,Enterprise,Fiber,Biz Speed,Predictable Late Payer
C07754,SME,ADSL,Web Booster,Irregular Payer
C07755,Residential,ADSL,Web Family,Irregular Payer
C07756,Residential,LTE,Web Booster,Irregular Payer
C07757,Residential,ADSL,Web Family,Irregular Payer
C07758,Enterprise,Fiber,Biz Speed,Predictable Late Payer
C07759,Residential,LTE,Biz Speed,Irregular Payer
C07760,Residential,Fiber,Web Family,Predictable Late Payer
C07761,SME,LTE,Biz Speed,Regular Payer
C07762,Residential,Fiber,Web Family,Irregular Payer
C07763,SME,LTE,Web Booster,Predictable Late Payer
C07764,Enterprise,ADSL,Biz Speed,Irregular Payer
C07765,Residential,LTE,Web Booster,High-Risk Non-Payer
C07766,Enterprise,ADSL,Web Booster,Irregular Payer
C07767,Residential,LTE,Web Family,Irregular Payer
C07768,SME,ADSL,Biz Speed,Regular Payer
C07769,Residential,Fiber,Web Family,Predictable Late Payer
C07770,Enterprise,Fiber,Web Family,Regular Payer
C07771,Enterprise,ADSL,Web Family,Irregular Payer
C07772,Residential,LTE,Biz Speed,Irregular Payer
C07773,Residential,ADSL,Web Family,High-Risk Non-Payer
C07774,Enterprise,ADSL,Web Booster,Regular Payer
C07775,Enterprise,LTE,Web Booster,Predictable Late Payer
C07776,Enterprise,LTE,Web Family,Regular Payer
C07777,SME,ADSL,Web Family,Predictable Late Payer
C07778,Enterprise,LTE,Web Family,Regular Payer
C07779,Residential,Fiber,Web Family,Regular Payer
C07780,Residential,ADSL,Biz Speed,Predictable Late Payer
C07781,Enterprise,LTE,Web Family,Regular Payer
C07782,SME,ADSL,Web Family,Regular Payer
C07783,Residential,LTE,Web Booster,Predictable Late Payer
C07784,SME,Fiber,Biz Speed,Regular Payer
C07785,Enterprise,ADSL,Biz Speed,Predictable Late Payer
C07786,Enterprise,ADSL,Biz Speed,Regular Payer
C07787,Residential,LTE,Web Family,Irregular Payer
C07788,Enterprise,ADSL,Web Booster,Predictable Late Payer
C07789,SME,LTE,Biz Speed,Regular Payer
C07790,Enterprise,LTE,Web Booster,Regular Payer
C07791,Enterprise,Fiber,Web Family,Irregular Payer
C07792,Residential,LTE,Biz Speed,Regular Payer
C07793,Residential,ADSL,Web Family,Regular Payer
C07794,Enterprise,Fiber,Web Family,Regular Payer
C07795,SME,LTE,Web Booster,Regular Payer
C07796,SME,ADSL,Biz Speed,Predictable Late Payer
C07797,Enterprise,ADSL,Web Family,Predictable Late Payer
C07798,Residential,Fiber,Biz Speed,Irregular Payer
C07799,Enterprise,ADSL,Biz Speed,Irregular Payer
C07800,SME,LTE,Biz Speed,Regular Payer
C07801,SME,Fiber,Web Booster,Regular Payer
C07802,SME,LTE,Web Booster,Irregular Payer
C07803,SME,Fiber,Biz Speed,Regular Payer
C07804,SME,Fiber,Biz Speed,Predictable Late Payer
C07805,Residential,LTE,Biz Speed,Predictable Late Payer
C07806,SME,LTE,Web Booster,Regular Payer
C07807,Enterprise,Fiber,Web Family,Regular Payer
C07808,Enterprise,Fiber,Web Family,High-Risk Non-Payer
C07809,Enterprise,LTE,Web Booster,Regular Payer
C07810,Residential,LTE,Web Booster,Predictable Late Payer
C07811,Residential,Fiber,Biz Speed,Regular Payer
C07812,SME,ADSL,Web Family,Predictable Late Payer
C07813,Enterprise,ADSL,Biz Speed,Predictable Late Payer
C07814,Enterprise,Fiber,Web Booster,Irregular Payer
C07815,SME,Fiber,Web Family,Regular Payer
C07816,SME,LTE,Biz Speed,High-Risk Non-Payer
C07817,Residential,Fiber,Biz Speed,Predictable Late Payer
C07818,SME,LTE,Web Booster,Predictable Late Payer
C07819,Enterprise,ADSL,Web Family,Predictable Late Payer
C07820,Residential,LTE,Web Family,Predictable Late Payer
C07821,Residential,ADSL,Web Booster,Irregular Payer
C07822,SME,ADSL,Web Family,Regular Payer
C07823,SME,LTE,Biz Speed,Predictable Late Payer
C07824,Enterprise,LTE,Web Booster,Regular Payer
C07825,Enterprise,Fiber,Biz Speed,Regular Payer
C07826,SME,Fiber,Web Family,Predictable Late Payer
C07827,Enterprise,ADSL,Web Family,Regular Payer
C07828,SME,LTE,Biz Speed,Regular Payer
C07829,SME,ADSL,Web Booster,Regular Payer
C07830,Residential,Fiber,Biz Speed,Regular Payer
C07831,SME,LTE,Web Booster,Predictable Late Payer
C07832,Enterprise,Fiber,Web Family,Irregular Payer
C07833,Residential,Fiber,Web Family,Irregular Payer
C07834,SME,Fiber,Web Family,High-Risk Non-Payer
C07835,SME,Fiber,Web Booster,Irregular Payer
C07836,SME,ADSL,Biz Speed,Irregular Payer
C07837,Residential,LTE,Web Booster,Regular Payer
C07838,SME,ADSL,Biz Speed,Regular Payer
C07839,SME,Fiber,Biz Speed,Regular Payer
C07840,SME,LTE,Web Family,High-Risk Non-Payer
C07841,Residential,ADSL,Web Booster,Irregular Payer
C07842,Residential,ADSL,Biz Speed,High-Risk Non-Payer
C07843,Residential,ADSL,Web Family,Predictable Late Payer
C07844,Residential,ADSL,Biz Speed,Irregular Payer
C07845,SME,LTE,Web Booster,Predictable Late Payer
C07846,Enterprise,Fiber,Web Family,Irregular Payer
C07847,Enterprise,LTE,Web Family,Regular Payer
C07848,Enterprise,ADSL,Web Booster,Predictable Late Payer
C07849,SME,Fiber,Web Family,Irregular Payer
C07850,Residential,Fiber,Web Booster,High-Risk Non-Payer
C07851,Residential,Fiber,Web Family,Irregular Payer
C07852,Enterprise,LTE,Web Family,Regular Payer
C07853,Enterprise,LTE,Web Booster,Regular Payer
C07854,Enterprise,Fiber,Web Booster,Irregular Payer
C07855,SME,ADSL,Biz Speed,Predictable Late Payer
C07856,SME,Fiber,Biz Speed,Irregular Payer
C07857,Enterprise,LTE,Web Family,Predictable Late Payer
C07858,Enterprise,ADSL,Web Booster,Regular Payer
C07859,SME,ADSL,Biz Speed,Predictable Late Payer
C07860,SME,LTE,Web Booster,Predictable Late Payer
C07861,Residential,ADSL,Biz Speed,Irregular Payer
C07862,SME,ADSL,Web Family,Regular Payer
C07863,SME,Fiber,Web Family,Predictable Late Payer
C07864,SME,Fiber,Web Family,High-Risk Non-Payer
C07865,SME,Fiber,Biz Speed,Regular Payer
C07866,Enterprise,LTE,Web Family,Irregular Payer
C07867,Enterprise,Fiber,Biz Speed,Regular Payer
C07868,Residential,ADSL,Web Family,Irregular Payer
C07869,Residential,ADSL,Biz Speed,Regular Payer
C07870,Residential,LTE,Biz Speed,Regular Payer
C07871,Enterprise,Fiber,Web Booster,Regular Payer
C07872,Residential,LTE,Web Booster,Irregular Payer
C07873,Enterprise,Fiber,Web Family,High-Risk Non-Payer
C07874,SME,Fiber,Biz Speed,Irregular Payer
C07875,Residential,Fiber,Web Booster,Irregular Payer
C07876,Residential,LTE,Web Family,Regular Payer
C07877,Residential,Fiber,Web Booster,Regular Payer
C07878,Enterprise,ADSL,Web Family,Predictable Late Payer
C07879,SME,LTE,Biz Speed,Predictable Late Payer
C07880,Enterprise,Fiber,Web Family,Regular Payer
C07881,Enterprise,ADSL,Biz Speed,Regular Payer
C07882,SME,Fiber,Biz Speed,Regular Payer
C07883,SME,ADSL,Web Booster,Predictable Late Payer
C07884,Residential,LTE,Web Booster,Regular Payer
C07885,Enterprise,ADSL,Web Booster,High-Risk Non-Payer
C07886,SME,LTE,Biz Speed,Irregular Payer
C07887,Residential,Fiber,Web Family,Regular Payer
C07888,SME,ADSL,Web Family,Irregular Payer
C07889,SME,LTE,Web Booster,Regular Payer
C07890,Enterprise,Fiber,Web Booster,Regular Payer
C07891,SME,LTE,Biz Speed,High-Risk Non-Payer
C07892,Enterprise,LTE,Biz Speed,Regular Payer
C07893,Residential,Fiber,Web Family,Predictable Late Payer
C07894,Enterprise,ADSL,Biz Speed,Regular Payer
C07895,Enterprise,LTE,Biz Speed,Regular Payer
C07896,SME,ADSL,Biz Speed,Regular Payer
C07897,Residential,LTE,Web Family,Predictable Late Payer
C07898,Enterprise,LTE,Web Booster,Regular Payer
C07899,Residential,LTE,Web Family,Predictable Late Payer
C07900,Enterprise,Fiber,Biz Speed,Regular Payer
C07901,Enterprise,ADSL,Biz Speed,Regular Payer
C07902,Residential,LTE,Web Booster,Irregular Payer
C07903,Residential,LTE,Biz Speed,Irregular Payer
C07904,Residential,Fiber,Web Family,High-Risk Non-Payer
C07905,Residential,ADSL,Web Family,Predictable Late Payer
C07906,Enterprise,ADSL,Biz Speed,Regular Payer
C07907,Enterprise,LTE,Biz Speed,Regular Payer
C07908,Residential,LTE,Biz Speed,High-Risk Non-Payer
C07909,Residential,ADSL,Biz Speed,High-Risk Non-Payer
C07910,Residential,LTE,Biz Speed,High-Risk Non-Payer
C07911,Residential,LTE,Biz Speed,Irregular Payer
C07912,Enterprise,Fiber,Biz Speed,Predictable Late Payer
C07913,Enterprise,ADSL,Web Family,Regular Payer
C07914,SME,ADSL,Web Family,Predictable Late Payer
C07915,SME,LTE,Web Family,Regular Payer
C07916,SME,LTE,Web Family,Predictable Late Payer
C07917,Enterprise,Fiber,Biz Speed,Irregular Payer
C07918,Residential,Fiber,Web Family,Predictable Late Payer
C07919,SME,ADSL,Web Family,Regular Payer
C07920,Enterprise,LTE,Web Booster,Irregular Payer
C07921,SME,LTE,Web Family,Irregular Payer
C07922,Enterprise,Fiber,Web Family,High-Risk Non-Payer
C07923,Residential,Fiber,Web Booster,Predictable Late Payer
C07924,Residential,ADSL,Biz Speed,Regular Payer
C07925,Enterprise,LTE,Web Booster,High-Risk Non-Payer
C07926,Enterprise,LTE,Biz Speed,Predictable Late Payer
C07927,Residential,Fiber,Biz Speed,Predictable Late Payer
C07928,Residential,ADSL,Web Booster,Regular Payer
C07929,SME,ADSL,Web Family,Predictable Late Payer
C07930,SME,ADSL,Web Booster,Predictable Late Payer
C07931,Enterprise,Fiber,Web Booster,Irregular Payer
C07932,SME,LTE,Biz Speed,Irregular Payer
C07933,Enterprise,LTE,Web Booster,Regular Payer
C07934,Residential,ADSL,Biz Speed,Predictable Late Payer
C07935,Residential,LTE,Web Family,Predictable Late Payer
C07936,Enterprise,ADSL,Biz Speed,Regular Payer
C07937,Residential,ADSL,Biz Speed,Regular Payer
C07938,Enterprise,Fiber,Web Booster,High-Risk Non-Payer
C07939,Residential,ADSL,Web Family,Regular Payer
C07940,SME,LTE,Web Booster,Predictable Late Payer
C07941,Enterprise,ADSL,Web Family,Predictable Late Payer
C07942,Enterprise,Fiber,Web Booster,Predictable Late Payer
C07943,Residential,LTE,Web Booster,Regular Payer
C07944,Enterprise,ADSL,Biz Speed,Predictable Late Payer
C07945,Enterprise,ADSL,Biz Speed,Regular Payer
C07946,SME,ADSL,Biz Speed,Regular Payer
C07947,SME,ADSL,Biz Speed,Regular Payer
C07948,SME,LTE,Biz Speed,Predictable Late Payer
C07949,SME,Fiber,Web Booster,Regular Payer
C07950,Enterprise,LTE,Web Booster,Regular Payer
C07951,Enterprise,Fiber,Biz Speed,Regular Payer
C07952,Enterprise,ADSL,Web Family,Regular Payer
C07953,Residential,ADSL,Web Booster,Regular Payer
C07954,SME,Fiber,Web Booster,Regular Payer
C07955,Enterprise,ADSL,Web Family,Predictable Late Payer
C07956,Residential,ADSL,Web Booster,Irregular Payer
C07957,SME,Fiber,Biz Speed,Predictable Late Payer
C07958,Residential,ADSL,Web Family,Irregular Payer
C07959,SME,ADSL,Web Booster,Regular Payer
C07960,Enterprise,LTE,Web Family,Regular Payer
C07961,Enterprise,Fiber,Web Booster,Regular Payer
C07962,Enterprise,ADSL,Web Family,Predictable Late Payer
C07963,SME,ADSL,Web Booster,Regular Payer
C07964,SME,Fiber,Biz Speed,Regular Payer
C07965,Residential,Fiber,Biz Speed,Regular Payer
C07966,Residential,Fiber,Biz Speed,Irregular Payer
C07967,SME,ADSL,Web Family,Regular Payer
C07968,Enterprise,LTE,Biz Speed,Regular Payer
C07969,SME,Fiber,Biz Speed,Irregular Payer
C07970,Residential,LTE,Biz Speed,Predictable Late Payer
C07971,SME,Fiber,Web Family,Regular Payer
C07972,Residential,LTE,Biz Speed,Regular Payer
C07973,Residential,ADSL,Biz Speed,Regular Payer
C07974,Residential,Fiber,Web Family,Irregular Payer
C07975,SME,ADSL,Web Family,Regular Payer
C07976,Residential,LTE,Web Family,High-Risk Non-Payer
C07977,Enterprise,ADSL,Web Booster,Regular Payer
C07978,Enterprise,ADSL,Web Booster,Regular Payer
C07979,SME,ADSL,Biz Speed,Regular Payer
C07980,Residential,ADSL,Web Booster,Predictable Late Payer
C07981,Enterprise,Fiber,Biz Speed,Irregular Payer
C07982,SME,LTE,Biz Speed,High-Risk Non-Payer
C07983,SME,LTE,Biz Speed,Irregular Payer
C07984,SME,LTE,Web Family,Irregular Payer
C07985,Enterprise,LTE,Web Family,Regular Payer
C07986,SME,LTE,Web Booster,Regular Payer
C07987,SME,ADSL,Web Family,Regular Payer
C07988,Enterprise,LTE,Biz Speed,High-Risk Non-Payer
C07989,Enterprise,LTE,Web Booster,High-Risk Non-Payer
C07990,Enterprise,Fiber,Biz Speed,Irregular Payer
C07991,SME,ADSL,Web Family,Irregular Payer
C07992,Enterprise,ADSL,Web Family,Predictable Late Payer
C07993,SME,ADSL,Biz Speed,High-Risk Non-Payer
C07994,Enterprise,Fiber,Web Booster,Irregular Payer
C07995,Residential,LTE,Web Booster,Irregular Payer
C07996,Enterprise,LTE,Web Family,Regular Payer
C07997,Enterprise,LTE,Web Booster,Regular Payer
C07998,SME,Fiber,Biz Speed,High-Risk Non-Payer
C07999,SME,Fiber,Web Family,Irregular Payer
C08000,Enterprise,LTE,Biz Speed,Predictable Late Payer
C08001,Enterprise,ADSL,Web Booster,Regular Payer
C08002,Enterprise,LTE,Biz Speed,Predictable Late Payer
C08003,Enterprise,Fiber,Web Booster,Regular Payer
C08004,Enterprise,LTE,Web Booster,Irregular Payer
C08005,SME,ADSL,Web Family,Predictable Late Payer
C08006,Enterprise,LTE,Web Booster,Predictable Late Payer
C08007,Enterprise,Fiber,Web Family,Predictable Late Payer
C08008,SME,Fiber,Biz Speed,Irregular Payer
C08009,Enterprise,Fiber,Biz Speed,Predictable Late Payer
C08010,Residential,ADSL,Web Booster,High-Risk Non-Payer
C08011,Enterprise,LTE,Web Booster,Predictable Late Payer
C08012,SME,ADSL,Biz Speed,High-Risk Non-Payer
C08013,Residential,Fiber,Biz Speed,High-Risk Non-Payer
C08014,Residential,LTE,Web Family,Regular Payer
C08015,SME,Fiber,Web Booster,Regular Payer
C08016,Residential,ADSL,Biz Speed,Predictable Late Payer
C08017,SME,LTE,Web Family,Predictable Late Payer
C08018,Enterprise,Fiber,Web Booster,Regular Payer
C08019,Residential,Fiber,Web Family,High-Risk Non-Payer
C08020,Enterprise,LTE,Biz Speed,Predictable Late Payer
C08021,Enterprise,Fiber,Web Family,Irregular Payer
C08022,Enterprise,LTE,Web Family,Regular Payer
C08023,Enterprise,ADSL,Web Family,Regular Payer
C08024,Residential,ADSL,Web Booster,Predictable Late Payer
C08025,SME,Fiber,Web Booster,Regular Payer
C08026,SME,LTE,Web Family,Predictable Late Payer
C08027,Enterprise,LTE,Web Family,Irregular Payer
C08028,SME,Fiber,Biz Speed,Regular Payer
C08029,SME,LTE,Web Family,Predictable Late Payer
C08030,Enterprise,ADSL,Biz Speed,Regular Payer
C08031,SME,LTE,Web Family,Regular Payer
C08032,SME,Fiber,Biz Speed,Irregular Payer
C08033,Enterprise,Fiber,Biz Speed,Regular Payer
C08034,Residential,Fiber,Web Booster,Predictable Late Payer
C08035,SME,LTE,Web Booster,Regular Payer
C08036,Enterprise,Fiber,Biz Speed,Predictable Late Payer
C08037,Residential,LTE,Web Family,Predictable Late Payer
C08038,Enterprise,Fiber,Web Booster,Predictable Late Payer
C08039,Residential,LTE,Web Booster,Regular Payer
C08040,Residential,Fiber,Biz Speed,Regular Payer
C08041,SME,LTE,Web Booster,Irregular Payer
C08042,Enterprise,Fiber,Web Booster,Regular Payer
C08043,Residential,Fiber,Web Booster,Regular Payer
C08044,SME,ADSL,Web Family,Predictable Late Payer
C08045,Enterprise,LTE,Web Booster,Regular Payer
C08046,Enterprise,ADSL,Web Family,Predictable Late Payer
C08047,Residential,Fiber,Biz Speed,Irregular Payer
C08048,Residential,Fiber,Web Family,High-Risk Non-Payer
C08049,Enterprise,LTE,Web Family,Predictable Late Payer
C08050,SME,Fiber,Web Booster,Regular Payer
C08051,Enterprise,LTE,Biz Speed,Predictable Late Payer
C08052,Enterprise,ADSL,Web Family,High-Risk Non-Payer
C08053,Residential,ADSL,Biz Speed,Irregular Payer
C08054,SME,Fiber,Biz Speed,Irregular Payer
C08055,Residential,Fiber,Web Booster,Irregular Payer
C08056,Enterprise,ADSL,Biz Speed,High-Risk Non-Payer
C08057,SME,ADSL,Web Booster,Irregular Payer
C08058,Residential,ADSL,Web Booster,Predictable Late Payer
C08059,Residential,Fiber,Web Booster,Predictable Late Payer
C08060,Residential,LTE,Web Booster,Regular Payer
C08061,Enterprise,Fiber,Biz Speed,Regular Payer
C08062,Enterprise,Fiber,Web Family,Regular Payer
C08063,Residential,LTE,Web Booster,Irregular Payer
C08064,SME,LTE,Web Booster,Regular Payer
C08065,Enterprise,Fiber,Web Family,Irregular Payer
C08066,SME,ADSL,Web Family,Irregular Payer
C08067,Enterprise,LTE,Web Family,Irregular Payer
C08068,Enterprise,ADSL,Web Family,Predictable Late Payer
C08069,Residential,LTE,Biz Speed,Regular Payer
C08070,Residential,Fiber,Biz Speed,Predictable Late Payer
C08071,Residential,ADSL,Biz Speed,Predictable Late Payer
C08072,Residential,ADSL,Biz Speed,Regular Payer
C08073,Residential,LTE,Web Family,Predictable Late Payer
C08074,Residential,ADSL,Web Booster,Predictable Late Payer
C08075,SME,LTE,Web Family,High-Risk Non-Payer
C08076,Residential,Fiber,Biz Speed,Regular Payer
C08077,SME,Fiber,Biz Speed,Predictable Late Payer
C08078,Enterprise,Fiber,Biz Speed,Predictable Late Payer
C08079,Residential,ADSL,Web Family,Regular Payer
C08080,Enterprise,ADSL,Web Family,Regular Payer
C08081,Residential,LTE,Web Booster,Regular Payer
C08082,SME,LTE,Web Booster,Regular Payer
C08083,Residential,LTE,Web Family,Predictable Late Payer
C08084,Enterprise,LTE,Web Booster,Regular Payer
C08085,Enterprise,LTE,Web Booster,Irregular Payer
C08086,Enterprise,ADSL,Biz Speed,Regular Payer
C08087,Residential,Fiber,Web Booster,Regular Payer
C08088,Residential,Fiber,Web Family,Regular Payer
C08089,Enterprise,LTE,Biz Speed,Irregular Payer
C08090,Residential,ADSL,Web Booster,Predictable Late Payer
C08091,Residential,Fiber,Biz Speed,High-Risk Non-Payer
C08092,Enterprise,LTE,Web Family,Regular Payer
C08093,SME,ADSL,Web Booster,Predictable Late Payer
C08094,SME,Fiber,Web Family,Predictable Late Payer
C08095,Residential,LTE,Web Family,Predictable Late Payer
C08096,Enterprise,Fiber,Web Booster,Predictable Late Payer
C08097,Enterprise,LTE,Biz Speed,Regular Payer
C08098,Enterprise,Fiber,Biz Speed,Irregular Payer
C08099,Residential,Fiber,Web Booster,Predictable Late Payer
C08100,Residential,Fiber,Web Family,Irregular Payer
C08101,Enterprise,ADSL,Web Family,Predictable Late Payer
C08102,Residential,Fiber,Web Booster,Regular Payer
C08103,Residential,LTE,Web Booster,Regular Payer
C08104,Enterprise,LTE,Web Family,Regular Payer
C08105,Residential,Fiber,Biz Speed,Predictable Late Payer
C08106,Residential,LTE,Web Family,Regular Payer
C08107,Enterprise,ADSL,Web Family,Predictable Late Payer
C08108,Residential,ADSL,Web Booster,Predictable Late Payer
C08109,Enterprise,ADSL,Web Booster,Regular Payer
C08110,Residential,Fiber,Biz Speed,Predictable Late Payer
C08111,Enterprise,ADSL,Web Family,Predictable Late Payer
C08112,Enterprise,LTE,Web Family,Irregular Payer
C08113,Enterprise,Fiber,Web Booster,Irregular Payer
C08114,Enterprise,ADSL,Web Booster,Predictable Late Payer
C08115,SME,LTE,Web Family,Regular Payer
C08116,Residential,LTE,Web Family,Regular Payer
C08117,Enterprise,ADSL,Web Family,Irregular Payer
C08118,SME,Fiber,Web Booster,Regular Payer
C08119,Residential,LTE,Biz Speed,Regular Payer
C08120,Residential,ADSL,Biz Speed,Predictable Late Payer
C08121,Enterprise,LTE,Web Family,Regular Payer
C08122,SME,Fiber,Biz Speed,Regular Payer
C08123,Residential,ADSL,Web Family,Predictable Late Payer
C08124,Enterprise,LTE,Web Booster,Regular Payer
C08125,SME,LTE,Biz Speed,Predictable Late Payer
C08126,Enterprise,LTE,Web Booster,Regular Payer
C08127,Residential,ADSL,Web Family,Predictable Late Payer
C08128,SME,Fiber,Web Family,Predictable Late Payer
C08129,Enterprise,ADSL,Web Family,Predictable Late Payer
C08130,Enterprise,ADSL,Biz Speed,Predictable Late Payer
C08131,Residential,LTE,Web Family,Predictable Late Payer
C08132,SME,Fiber,Web Family,Irregular Payer
C08133,SME,LTE,Biz Speed,Regular Payer
C08134,Residential,LTE,Web Booster,Predictable Late Payer
C08135,SME,Fiber,Web Family,Predictable Late Payer
C08136,Enterprise,LTE,Biz Speed,Regular Payer
C08137,Residential,Fiber,Biz Speed,Regular Payer
C08138,Enterprise,ADSL,Biz Speed,Irregular Payer
C08139,SME,ADSL,Web Booster,High-Risk Non-Payer
C08140,SME,LTE,Web Booster,Irregular Payer
C08141,Residential,LTE,Web Booster,Regular Payer
C08142,Residential,Fiber,Web Booster,High-Risk Non-Payer
C08143,Residential,Fiber,Web Booster,Predictable Late Payer
C08144,Residential,ADSL,Web Booster,Regular Payer
C08145,Enterprise,Fiber,Web Booster,Regular Payer
C08146,Enterprise,Fiber,Web Family,Predictable Late Payer
C08147,Enterprise,ADSL,Web Booster,Regular Payer
C08148,SME,LTE,Web Booster,Regular Payer
C08149,SME,LTE,Web Booster,Regular Payer
C08150,Enterprise,LTE,Biz Speed,Predictable Late Payer
C08151,SME,Fiber,Web Family,Regular Payer
C08152,Enterprise,Fiber,Web Family,Regular Payer
C08153,Enterprise,Fiber,Web Booster,Predictable Late Payer
C08154,Enterprise,Fiber,Web Booster,Irregular Payer
C08155,Enterprise,Fiber,Web Booster,Predictable Late Payer
C08156,Residential,ADSL,Web Family,Irregular Payer
C08157,Enterprise,ADSL,Web Family,Predictable Late Payer
C08158,Residential,LTE,Web Family,Regular Payer
C08159,Enterprise,Fiber,Web Booster,Regular Payer
C08160,SME,Fiber,Web Booster,Irregular Payer
C08161,Enterprise,Fiber,Biz Speed,Regular Payer
C08162,Enterprise,LTE,Web Family,Regular Payer
C08163,Residential,LTE,Web Booster,Regular Payer
C08164,Residential,Fiber,Web Family,Predictable Late Payer
C08165,SME,ADSL,Biz Speed,Irregular Payer
C08166,SME,ADSL,Web Family,Irregular Payer
C08167,SME,LTE,Biz Speed,Predictable Late Payer
C08168,Enterprise,ADSL,Biz Speed,Predictable Late Payer
C08169,SME,ADSL,Web Booster,Irregular Payer
C08170,Enterprise,ADSL,Web Booster,Predictable Late Payer
C08171,Residential,LTE,Web Family,High-Risk Non-Payer
C08172,Residential,Fiber,Web Booster,Regular Payer
C08173,SME,ADSL,Web Booster,Irregular Payer
C08174,SME,LTE,Biz Speed,Irregular Payer
C08175,Enterprise,ADSL,Biz Speed,Predictable Late Payer
C08176,Residential,LTE,Web Family,Predictable Late Payer
C08177,Enterprise,ADSL,Biz Speed,Regular Payer
C08178,Residential,Fiber,Web Booster,Regular Payer
C08179,Residential,Fiber,Biz Speed,Predictable Late Payer
C08180,SME,LTE,Web Booster,Irregular Payer
C08181,Enterprise,LTE,Web Family,Predictable Late Payer
C08182,SME,ADSL,Web Booster,Regular Payer
C08183,Enterprise,ADSL,Web Family,Regular Payer
C08184,Residential,ADSL,Biz Speed,Irregular Payer
C08185,Enterprise,ADSL,Biz Speed,Regular Payer
C08186,Enterprise,Fiber,Biz Speed,Regular Payer
C08187,Residential,ADSL,Web Family,Predictable Late Payer
C08188,SME,LTE,Web Booster,Regular Payer
C08189,Enterprise,ADSL,Web Family,Regular Payer
C08190,Residential,ADSL,Web Family,Predictable Late Payer
C08191,Residential,Fiber,Web Family,Predictable Late Payer
C08192,Enterprise,LTE,Web Booster,Predictable Late Payer
C08193,Residential,LTE,Biz Speed,Predictable Late Payer
C08194,Residential,Fiber,Web Booster,Predictable Late Payer
C08195,Enterprise,LTE,Biz Speed,Regular Payer
C08196,Enterprise,LTE,Biz Speed,Regular Payer
C08197,Enterprise,LTE,Web Family,Predictable Late Payer
C08198,Enterprise,ADSL,Web Family,Regular Payer
C08199,SME,ADSL,Web Family,Predictable Late Payer
C08200,Residential,Fiber,Web Booster,Irregular Payer
C08201,SME,Fiber,Web Booster,Irregular Payer
C08202,Residential,ADSL,Biz Speed,Irregular Payer
C08203,SME,ADSL,Web Family,Predictable Late Payer
C08204,SME,LTE,Web Booster,Irregular Payer
C08205,Residential,ADSL,Web Family,Irregular Payer
C08206,SME,Fiber,Web Family,Predictable Late Payer
C08207,SME,Fiber,Biz Speed,Predictable Late Payer
C08208,SME,LTE,Web Family,Irregular Payer
C08209,Enterprise,ADSL,Web Booster,Regular Payer
C08210,Residential,LTE,Web Booster,Regular Payer
C08211,Residential,ADSL,Web Family,Regular Payer
C08212,SME,ADSL,Web Booster,Predictable Late Payer
C08213,Enterprise,LTE,Biz Speed,Regular Payer
C08214,Enterprise,LTE,Biz Speed,Predictable Late Payer
C08215,SME,ADSL,Biz Speed,Predictable Late Payer
C08216,Enterprise,LTE,Biz Speed,Regular Payer
C08217,Enterprise,ADSL,Biz Speed,Irregular Payer
C08218,Enterprise,Fiber,Web Booster,Predictable Late Payer
C08219,Residential,LTE,Biz Speed,High-Risk Non-Payer
C08220,Residential,LTE,Web Booster,Predictable Late Payer
C08221,Residential,Fiber,Web Family,High-Risk Non-Payer
C08222,SME,Fiber,Web Booster,Predictable Late Payer
C08223,SME,ADSL,Web Family,Regular Payer
C08224,Enterprise,Fiber,Biz Speed,Regular Payer
C08225,Residential,ADSL,Web Family,Regular Payer
C08226,Enterprise,Fiber,Biz Speed,Regular Payer
C08227,SME,Fiber,Biz Speed,Predictable Late Payer
C08228,Enterprise,Fiber,Web Family,Predictable Late Payer
C08229,Residential,Fiber,Biz Speed,Regular Payer
C08230,SME,LTE,Web Family,Regular Payer
C08231,Enterprise,Fiber,Biz Speed,Irregular Payer
C08232,SME,LTE,Web Family,Regular Payer
C08233,Enterprise,LTE,Web Family,Predictable Late Payer
C08234,Enterprise,Fiber,Web Family,Predictable Late Payer
C08235,Residential,LTE,Web Family,Predictable Late Payer
C08236,SME,LTE,Web Booster,Regular Payer
C08237,Residential,Fiber,Biz Speed,Irregular Payer
C08238,SME,ADSL,Web Family,High-Risk Non-Payer
C08239,SME,LTE,Web Family,Predictable Late Payer
C08240,Enterprise,LTE,Web Family,Regular Payer
C08241,SME,Fiber,Biz Speed,Predictable Late Payer
C08242,Enterprise,Fiber,Web Family,Predictable Late Payer
C08243,SME,LTE,Biz Speed,Regular Payer
C08244,SME,Fiber,Biz Speed,Predictable Late Payer
C08245,Residential,ADSL,Web Family,Regular Payer
C08246,Residential,ADSL,Web Family,Regular Payer
C08247,Residential,LTE,Web Booster,Regular Payer
C08248,SME,Fiber,Biz Speed,Predictable Late Payer
C08249,Residential,Fiber,Biz Speed,High-Risk Non-Payer
C08250,Residential,LTE,Web Booster,Irregular Payer
C08251,SME,ADSL,Biz Speed,High-Risk Non-Payer
C08252,SME,ADSL,Web Family,Irregular Payer
C08253,Enterprise,LTE,Web Family,Regular Payer
C08254,SME,Fiber,Biz Speed,Regular Payer
C08255,Residential,ADSL,Biz Speed,Irregular Payer
C08256,Residential,ADSL,Biz Speed,Regular Payer
C08257,Enterprise,Fiber,Web Booster,Regular Payer
C08258,Enterprise,ADSL,Web Family,Regular Payer
C08259,SME,LTE,Biz Speed,Regular Payer
C08260,Enterprise,Fiber,Web Booster,Predictable Late Payer
C08261,Residential,LTE,Biz Speed,Predictable Late Payer
C08262,Enterprise,Fiber,Web Family,Regular Payer
C08263,SME,LTE,Web Family,High-Risk Non-Payer
C08264,Enterprise,ADSL,Web Booster,Predictable Late Payer
C08265,Enterprise,LTE,Biz Speed,Regular Payer
C08266,SME,LTE,Web Booster,Regular Payer
C08267,Residential,ADSL,Biz Speed,Regular Payer
C08268,Enterprise,Fiber,Biz Speed,Regular Payer
C08269,Residential,LTE,Web Booster,Regular Payer
C08270,Residential,ADSL,Web Booster,Regular Payer
C08271,Enterprise,ADSL,Biz Speed,Irregular Payer
C08272,SME,ADSL,Web Booster,Irregular Payer
C08273,SME,ADSL,Web Family,Regular Payer
C08274,SME,ADSL,Web Booster,Regular Payer
C08275,Residential,LTE,Biz Speed,Regular Payer
C08276,SME,LTE,Web Booster,Regular Payer
C08277,SME,Fiber,Biz Speed,Predictable Late Payer
C08278,Residential,Fiber,Biz Speed,Irregular Payer
C08279,SME,LTE,Web Family,Predictable Late Payer
C08280,SME,Fiber,Web Booster,High-Risk Non-Payer
C08281,Enterprise,ADSL,Biz Speed,Predictable Late Payer
C08282,Enterprise,LTE,Biz Speed,High-Risk Non-Payer
C08283,SME,LTE,Biz Speed,Predictable Late Payer
C08284,Enterprise,LTE,Web Booster,Regular Payer
C08285,Enterprise,Fiber,Web Booster,Irregular Payer
C08286,Enterprise,Fiber,Web Booster,Predictable Late Payer
C08287,Residential,LTE,Biz Speed,Predictable Late Payer
C08288,Residential,Fiber,Web Family,High-Risk Non-Payer
C08289,Residential,ADSL,Web Booster,Irregular Payer
C08290,Enterprise,LTE,Web Family,Regular Payer
C08291,SME,LTE,Web Booster,Predictable Late Payer
C08292,SME,Fiber,Biz Speed,Regular Payer
C08293,Enterprise,ADSL,Biz Speed,Predictable Late Payer
C08294,Residential,ADSL,Web Family,Regular Payer
C08295,Enterprise,LTE,Web Booster,Predictable Late Payer
C08296,Enterprise,ADSL,Web Family,Regular Payer
C08297,Enterprise,Fiber,Web Booster,Predictable Late Payer
C08298,Enterprise,LTE,Biz Speed,Predictable Late Payer
C08299,Residential,LTE,Web Booster,Irregular Payer
C08300,Residential,ADSL,Web Booster,Irregular Payer
C08301,SME,ADSL,Biz Speed,Irregular Payer
C08302,Residential,LTE,Web Booster,Regular Payer
C08303,Residential,ADSL,Biz Speed,High-Risk Non-Payer
C08304,Residential,ADSL,Web Booster,Regular Payer
C08305,Enterprise,ADSL,Biz Speed,Regular Payer
C08306,SME,LTE,Web Family,Regular Payer
C08307,Residential,Fiber,Web Booster,Regular Payer
C08308,Enterprise,Fiber,Biz Speed,Regular Payer
C08309,Enterprise,LTE,Web Booster,Irregular Payer
C08310,SME,LTE,Biz Speed,High-Risk Non-Payer
C08311,Residential,ADSL,Web Booster,Irregular Payer
C08312,Residential,ADSL,Biz Speed,Regular Payer
C08313,Residential,ADSL,Web Booster,Irregular Payer
C08314,Residential,ADSL,Web Booster,Regular Payer
C08315,Enterprise,LTE,Web Family,Regular Payer
C08316,Residential,Fiber,Web Family,Irregular Payer
C08317,Residential,LTE,Biz Speed,Predictable Late Payer
C08318,Enterprise,LTE,Web Family,High-Risk Non-Payer
C08319,Enterprise,ADSL,Web Family,Regular Payer
C08320,SME,ADSL,Biz Speed,Irregular Payer
C08321,Residential,ADSL,Web Booster,Predictable Late Payer
C08322,Enterprise,LTE,Web Booster,Regular Payer
C08323,Residential,LTE,Web Booster,Predictable Late Payer
C08324,Residential,Fiber,Biz Speed,Predictable Late Payer
C08325,SME,LTE,Biz Speed,Regular Payer
C08326,Enterprise,ADSL,Web Booster,Predictable Late Payer
C08327,Enterprise,LTE,Biz Speed,Irregular Payer
C08328,Residential,Fiber,Web Family,Predictable Late Payer
C08329,Enterprise,Fiber,Web Family,Regular Payer
C08330,SME,ADSL,Web Booster,Regular Payer
C08331,Enterprise,ADSL,Web Family,Predictable Late Payer
C08332,Residential,Fiber,Web Booster,Regular Payer
C08333,SME,LTE,Web Booster,Irregular Payer
C08334,Residential,ADSL,Web Booster,Irregular Payer
C08335,SME,Fiber,Web Booster,Predictable Late Payer
C08336,SME,ADSL,Web Family,Predictable Late Payer
C08337,Enterprise,ADSL,Web Booster,Irregular Payer
C08338,SME,LTE,Web Booster,Predictable Late Payer
C08339,Enterprise,LTE,Biz Speed,Regular Payer
C08340,SME,ADSL,Biz Speed,Regular Payer
C08341,Enterprise,LTE,Web Family,Predictable Late Payer
C08342,SME,LTE,Web Family,High-Risk Non-Payer
C08343,Residential,LTE,Web Booster,Predictable Late Payer
C08344,Enterprise,LTE,Web Booster,Regular Payer
C08345,Residential,Fiber,Web Booster,Predictable Late Payer
C08346,SME,Fiber,Web Booster,Predictable Late Payer
C08347,SME,Fiber,Web Booster,Regular Payer
C08348,SME,LTE,Web Family,Predictable Late Payer
C08349,Residential,Fiber,Biz Speed,Predictable Late Payer
C08350,Residential,ADSL,Biz Speed,Regular Payer
C08351,SME,ADSL,Web Family,Irregular Payer
C08352,SME,LTE,Web Booster,Irregular Payer
C08353,Residential,Fiber,Biz Speed,Regular Payer
C08354,SME,LTE,Web Family,Predictable Late Payer
C08355,SME,ADSL,Biz Speed,Predictable Late Payer
C08356,Residential,LTE,Web Family,High-Risk Non-Payer
C08357,Enterprise,Fiber,Web Booster,Predictable Late Payer
C08358,Residential,ADSL,Biz Speed,High-Risk Non-Payer
C08359,Enterprise,Fiber,Web Family,Regular Payer
C08360,Residential,ADSL,Biz Speed,Regular Payer
C08361,Residential,ADSL,Web Family,Irregular Payer
C08362,Enterprise,ADSL,Web Booster,Irregular Payer
C08363,Residential,Fiber,Biz Speed,Predictable Late Payer
C08364,Enterprise,ADSL,Biz Speed,Predictable Late Payer
C08365,SME,LTE,Web Family,Regular Payer
C08366,Residential,ADSL,Web Booster,Predictable Late Payer
C08367,Enterprise,LTE,Web Booster,Predictable Late Payer
C08368,Residential,LTE,Biz Speed,Regular Payer
C08369,SME,LTE,Web Family,Predictable Late Payer
C08370,Enterprise,LTE,Biz Speed,Predictable Late Payer
C08371,Residential,LTE,Biz Speed,Predictable Late Payer
C08372,Enterprise,LTE,Web Booster,Predictable Late Payer
C08373,SME,ADSL,Web Family,Irregular Payer
C08374,Residential,ADSL,Web Booster,Irregular Payer
C08375,SME,LTE,Web Booster,High-Risk Non-Payer
C08376,Enterprise,LTE,Web Family,Predictable Late Payer
C08377,Enterprise,Fiber,Web Booster,Irregular Payer
C08378,Enterprise,Fiber,Biz Speed,Regular Payer
C08379,Enterprise,Fiber,Biz Speed,Irregular Payer
C08380,SME,LTE,Web Booster,Irregular Payer
C08381,SME,LTE,Web Booster,Predictable Late Payer
C08382,Enterprise,ADSL,Web Booster,Regular Payer
C08383,Residential,Fiber,Web Booster,Regular Payer
C08384,Residential,Fiber,Web Family,Predictable Late Payer
C08385,SME,Fiber,Web Booster,Predictable Late Payer
C08386,SME,Fiber,Web Family,Predictable Late Payer
C08387,Residential,LTE,Web Booster,Irregular Payer
C08388,Enterprise,LTE,Web Family,Regular Payer
C08389,SME,LTE,Web Family,Regular Payer
C08390,SME,ADSL,Web Booster,Regular Payer
C08391,Residential,ADSL,Biz Speed,Regular Payer
C08392,Enterprise,Fiber,Biz Speed,Predictable Late Payer
C08393,Residential,LTE,Web Family,Predictable Late Payer
C08394,Enterprise,ADSL,Biz Speed,Irregular Payer
C08395,SME,LTE,Web Booster,High-Risk Non-Payer
C08396,SME,LTE,Web Booster,Regular Payer
C08397,Residential,Fiber,Web Booster,Regular Payer
C08398,Enterprise,Fiber,Web Family,Regular Payer
C08399,Enterprise,LTE,Web Family,Regular Payer
C08400,SME,LTE,Biz Speed,Irregular Payer
C08401,SME,Fiber,Biz Speed,High-Risk Non-Payer
C08402,Enterprise,LTE,Biz Speed,Regular Payer
C08403,Residential,LTE,Biz Speed,Predictable Late Payer
C08404,SME,ADSL,Biz Speed,Regular Payer
C08405,Enterprise,ADSL,Web Booster,Irregular Payer
C08406,Enterprise,Fiber,Web Family,High-Risk Non-Payer
C08407,Enterprise,LTE,Web Booster,Regular Payer
C08408,Enterprise,Fiber,Web Booster,Predictable Late Payer
C08409,Enterprise,Fiber,Web Family,Predictable Late Payer
C08410,Residential,ADSL,Web Family,Regular Payer
C08411,Enterprise,Fiber,Biz Speed,Irregular Payer
C08412,Residential,ADSL,Web Family,High-Risk Non-Payer
C08413,Enterprise,Fiber,Web Booster,Irregular Payer
C08414,Residential,LTE,Web Family,Irregular Payer
C08415,Residential,LTE,Web Family,Regular Payer
C08416,Enterprise,LTE,Biz Speed,Predictable Late Payer
C08417,Residential,Fiber,Biz Speed,Irregular Payer
C08418,Residential,Fiber,Web Family,Predictable Late Payer
C08419,Residential,LTE,Web Family,Regular Payer
C08420,Residential,LTE,Biz Speed,Predictable Late Payer
C08421,Residential,Fiber,Web Family,Regular Payer
C08422,Enterprise,LTE,Web Booster,Regular Payer
C08423,Residential,Fiber,Web Booster,Regular Payer
C08424,Residential,Fiber,Web Booster,Regular Payer
C08425,SME,LTE,Biz Speed,Regular Payer
C08426,Enterprise,Fiber,Web Family,Predictable Late Payer
C08427,Enterprise,LTE,Web Booster,Predictable Late Payer
C08428,SME,ADSL,Web Booster,Regular Payer
C08429,SME,ADSL,Biz Speed,Predictable Late Payer
C08430,Enterprise,LTE,Web Booster,High-Risk Non-Payer
C08431,SME,Fiber,Biz Speed,Irregular Payer
C08432,Residential,ADSL,Biz Speed,Regular Payer
C08433,SME,ADSL,Biz Speed,Regular Payer
C08434,Residential,Fiber,Web Booster,Regular Payer
C08435,Residential,ADSL,Biz Speed,Irregular Payer
C08436,Residential,LTE,Web Family,High-Risk Non-Payer
C08437,Enterprise,LTE,Biz Speed,Regular Payer
C08438,Enterprise,Fiber,Web Family,Regular Payer
C08439,Enterprise,ADSL,Biz Speed,Predictable Late Payer
C08440,Residential,ADSL,Web Booster,Regular Payer
C08441,Enterprise,Fiber,Web Booster,Predictable Late Payer
C08442,SME,ADSL,Web Family,Regular Payer
C08443,Residential,ADSL,Web Booster,Regular Payer
C08444,Enterprise,LTE,Web Family,Predictable Late Payer
C08445,SME,ADSL,Biz Speed,Irregular Payer
C08446,Residential,Fiber,Biz Speed,Regular Payer
C08447,SME,LTE,Biz Speed,Irregular Payer
C08448,Enterprise,Fiber,Biz Speed,Regular Payer
C08449,SME,ADSL,Web Family,Regular Payer
C08450,Enterprise,ADSL,Biz Speed,Regular Payer
C08451,Residential,Fiber,Biz Speed,Predictable Late Payer
C08452,Residential,ADSL,Web Family,Regular Payer
C08453,Residential,Fiber,Biz Speed,Predictable Late Payer
C08454,SME,ADSL,Web Booster,Predictable Late Payer
C08455,Enterprise,Fiber,Web Booster,Irregular Payer
C08456,Enterprise,LTE,Web Family,Regular Payer
C08457,SME,Fiber,Web Booster,Regular Payer
C08458,Enterprise,Fiber,Web Booster,Predictable Late Payer
C08459,Enterprise,ADSL,Web Family,Irregular Payer
C08460,Residential,ADSL,Biz Speed,Regular Payer
C08461,SME,Fiber,Web Booster,Predictable Late Payer
C08462,Residential,Fiber,Web Booster,Regular Payer
C08463,SME,LTE,Web Booster,Regular Payer
C08464,SME,ADSL,Biz Speed,High-Risk Non-Payer
C08465,Residential,ADSL,Biz Speed,Regular Payer
C08466,Residential,ADSL,Biz Speed,High-Risk Non-Payer
C08467,Enterprise,ADSL,Web Booster,Predictable Late Payer
C08468,Enterprise,LTE,Web Family,Regular Payer
C08469,SME,LTE,Biz Speed,Irregular Payer
C08470,SME,Fiber,Web Family,Predictable Late Payer
C08471,SME,ADSL,Biz Speed,High-Risk Non-Payer
C08472,SME,ADSL,Web Booster,Regular Payer
C08473,Enterprise,ADSL,Biz Speed,Irregular Payer
C08474,Residential,Fiber,Web Booster,Predictable Late Payer
C08475,Residential,LTE,Biz Speed,Regular Payer
C08476,Residential,ADSL,Web Family,Irregular Payer
C08477,Residential,ADSL,Web Family,Predictable Late Payer
C08478,Residential,LTE,Web Booster,Irregular Payer
C08479,SME,ADSL,Web Booster,High-Risk Non-Payer
C08480,Residential,ADSL,Biz Speed,Regular Payer
C08481,Enterprise,Fiber,Web Family,Regular Payer
C08482,Enterprise,ADSL,Web Booster,Irregular Payer
C08483,Enterprise,ADSL,Web Booster,Irregular Payer
C08484,Enterprise,Fiber,Biz Speed,Predictable Late Payer
C08485,SME,Fiber,Biz Speed,Irregular Payer
C08486,Residential,LTE,Web Booster,Irregular Payer
C08487,Enterprise,Fiber,Web Booster,Regular Payer
C08488,SME,Fiber,Biz Speed,Regular Payer
C08489,SME,Fiber,Biz Speed,Predictable Late Payer
C08490,Residential,ADSL,Web Family,Irregular Payer
C08491,SME,ADSL,Web Family,Regular Payer
C08492,Enterprise,LTE,Web Booster,Regular Payer
C08493,Enterprise,LTE,Biz Speed,Irregular Payer
C08494,SME,ADSL,Biz Speed,Irregular Payer
C08495,SME,LTE,Web Booster,Predictable Late Payer
C08496,Residential,ADSL,Web Family,Regular Payer
C08497,Enterprise,ADSL,Biz Speed,Predictable Late Payer
C08498,Residential,ADSL,Web Family,Irregular Payer
C08499,Residential,Fiber,Biz Speed,Regular Payer
C08500,Residential,LTE,Web Family,Regular Payer
C08501,Enterprise,ADSL,Web Booster,Predictable Late Payer
C08502,Enterprise,LTE,Biz Speed,High-Risk Non-Payer
C08503,SME,LTE,Web Booster,Predictable Late Payer
C08504,Enterprise,Fiber,Biz Speed,High-Risk Non-Payer
C08505,SME,LTE,Biz Speed,Regular Payer
C08506,SME,ADSL,Web Booster,Predictable Late Payer
C08507,Enterprise,LTE,Web Booster,Regular Payer
C08508,Residential,LTE,Biz Speed,Regular Payer
C08509,SME,LTE,Web Booster,Predictable Late Payer
C08510,Enterprise,LTE,Biz Speed,Predictable Late Payer
C08511,Enterprise,ADSL,Biz Speed,Predictable Late Payer
C08512,Enterprise,ADSL,Web Booster,High-Risk Non-Payer
C08513,Residential,ADSL,Web Family,Irregular Payer
C08514,SME,ADSL,Web Booster,Predictable Late Payer
C08515,Residential,LTE,Web Booster,Regular Payer
C08516,Residential,ADSL,Biz Speed,Regular Payer
C08517,Enterprise,ADSL,Web Booster,Predictable Late Payer
C08518,SME,Fiber,Web Booster,Predictable Late Payer
C08519,SME,LTE,Web Family,Irregular Payer
C08520,Enterprise,LTE,Web Booster,Irregular Payer
C08521,Enterprise,LTE,Web Booster,Predictable Late Payer
C08522,SME,Fiber,Biz Speed,Regular Payer
C08523,Residential,ADSL,Web Family,Regular Payer
C08524,Enterprise,Fiber,Web Family,Irregular Payer
C08525,SME,Fiber,Web Family,Regular Payer
C08526,Enterprise,LTE,Biz Speed,Predictable Late Payer
C08527,Enterprise,Fiber,Web Family,High-Risk Non-Payer
C08528,Residential,Fiber,Biz Speed,Regular Payer
C08529,Enterprise,ADSL,Web Family,Regular Payer
C08530,Enterprise,ADSL,Web Family,Predictable Late Payer
C08531,SME,ADSL,Web Family,Predictable Late Payer
C08532,Enterprise,LTE,Web Booster,Predictable Late Payer
C08533,Residential,Fiber,Biz Speed,Irregular Payer
C08534,Residential,LTE,Web Family,Irregular Payer
C08535,Residential,LTE,Biz Speed,Regular Payer
C08536,SME,Fiber,Web Booster,Irregular Payer
C08537,SME,ADSL,Web Booster,Predictable Late Payer
C08538,Enterprise,LTE,Web Family,High-Risk Non-Payer
C08539,SME,LTE,Web Booster,Predictable Late Payer
C08540,Residential,LTE,Web Family,Predictable Late Payer
C08541,SME,Fiber,Biz Speed,Irregular Payer
C08542,SME,LTE,Biz Speed,Irregular Payer
C08543,SME,ADSL,Biz Speed,Regular Payer
C08544,Residential,Fiber,Biz Speed,Regular Payer
C08545,Residential,LTE,Biz Speed,Irregular Payer
C08546,SME,ADSL,Biz Speed,Regular Payer
C08547,Enterprise,ADSL,Web Family,Irregular Payer
C08548,SME,LTE,Web Booster,Irregular Payer
C08549,Enterprise,Fiber,Biz Speed,Regular Payer
C08550,Residential,Fiber,Web Family,Irregular Payer
C08551,SME,LTE,Biz Speed,Irregular Payer
C08552,Enterprise,ADSL,Web Family,Predictable Late Payer
C08553,Residential,ADSL,Web Booster,Predictable Late Payer
C08554,SME,ADSL,Web Family,Regular Payer
C08555,Residential,LTE,Web Family,Predictable Late Payer
C08556,Residential,ADSL,Web Booster,Regular Payer
C08557,Enterprise,ADSL,Web Booster,Regular Payer
C08558,SME,Fiber,Web Booster,Predictable Late Payer
C08559,Residential,LTE,Web Booster,Regular Payer
C08560,Enterprise,ADSL,Biz Speed,High-Risk Non-Payer
C08561,Enterprise,ADSL,Web Family,Predictable Late Payer
C08562,SME,LTE,Web Family,Regular Payer
C08563,Enterprise,ADSL,Web Booster,Regular Payer
C08564,SME,ADSL,Web Family,Regular Payer
C08565,Enterprise,Fiber,Web Booster,High-Risk Non-Payer
C08566,Enterprise,ADSL,Web Family,Predictable Late Payer
C08567,Enterprise,Fiber,Biz Speed,Irregular Payer
C08568,SME,ADSL,Biz Speed,Predictable Late Payer
C08569,SME,LTE,Web Booster,Regular Payer
C08570,SME,ADSL,Web Family,Predictable Late Payer
C08571,SME,LTE,Web Booster,Irregular Payer
C08572,SME,ADSL,Biz Speed,Regular Payer
C08573,SME,Fiber,Web Booster,Predictable Late Payer
C08574,Enterprise,LTE,Web Family,Regular Payer
C08575,SME,ADSL,Web Family,High-Risk Non-Payer
C08576,Enterprise,Fiber,Biz Speed,Regular Payer
C08577,Enterprise,Fiber,Web Booster,Predictable Late Payer
C08578,Enterprise,Fiber,Web Booster,Irregular Payer
C08579,SME,Fiber,Web Booster,Predictable Late Payer
C08580,SME,Fiber,Web Family,Predictable Late Payer
C08581,Residential,Fiber,Web Booster,Predictable Late Payer
C08582,SME,LTE,Web Family,Irregular Payer
C08583,Enterprise,LTE,Web Family,Predictable Late Payer
C08584,Enterprise,LTE,Biz Speed,Predictable Late Payer
C08585,Residential,Fiber,Web Booster,High-Risk Non-Payer
C08586,SME,ADSL,Web Booster,Predictable Late Payer
C08587,Residential,Fiber,Web Booster,Regular Payer
C08588,Enterprise,ADSL,Web Booster,Regular Payer
C08589,SME,ADSL,Web Booster,Irregular Payer
C08590,SME,LTE,Web Family,Predictable Late Payer
C08591,SME,Fiber,Web Family,Irregular Payer
C08592,Enterprise,LTE,Web Booster,Regular Payer
C08593,Residential,ADSL,Biz Speed,Predictable Late Payer
C08594,SME,LTE,Biz Speed,Predictable Late Payer
C08595,SME,LTE,Biz Speed,Regular Payer
C08596,SME,LTE,Web Family,Regular Payer
C08597,Enterprise,LTE,Biz Speed,Predictable Late Payer
C08598,Residential,LTE,Web Family,Regular Payer
C08599,Enterprise,ADSL,Biz Speed,Irregular Payer
C08600,Enterprise,LTE,Web Booster,Regular Payer
C08601,Residential,LTE,Web Family,Regular Payer
C08602,Enterprise,LTE,Biz Speed,Irregular Payer
C08603,SME,ADSL,Web Booster,Predictable Late Payer
C08604,SME,ADSL,Biz Speed,Regular Payer
C08605,SME,Fiber,Biz Speed,Regular Payer
C08606,SME,ADSL,Web Booster,High-Risk Non-Payer
C08607,Enterprise,ADSL,Web Family,Predictable Late Payer
C08608,SME,LTE,Biz Speed,Irregular Payer
C08609,Residential,Fiber,Web Booster,Regular Payer
C08610,Enterprise,LTE,Web Family,Regular Payer
C08611,SME,LTE,Biz Speed,Predictable Late Payer
C08612,Enterprise,Fiber,Web Family,Predictable Late Payer
C08613,Residential,LTE,Web Booster,Predictable Late Payer
C08614,Enterprise,LTE,Biz Speed,Regular Payer
C08615,Enterprise,LTE,Biz Speed,Predictable Late Payer
C08616,Enterprise,LTE,Web Booster,Predictable Late Payer
C08617,SME,ADSL,Web Family,Regular Payer
C08618,SME,ADSL,Web Family,Predictable Late Payer
C08619,Enterprise,LTE,Web Booster,Predictable Late Payer
C08620,Residential,LTE,Web Family,Irregular Payer
C08621,SME,Fiber,Web Booster,Irregular Payer
C08622,SME,ADSL,Biz Speed,Predictable Late Payer
C08623,Residential,LTE,Web Family,Predictable Late Payer
C08624,Residential,ADSL,Biz Speed,Regular Payer
C08625,Residential,Fiber,Web Family,Irregular Payer
C08626,Residential,Fiber,Biz Speed,Regular Payer
C08627,SME,Fiber,Web Family,Predictable Late Payer
C08628,SME,Fiber,Web Booster,Predictable Late Payer
C08629,Enterprise,Fiber,Web Booster,Predictable Late Payer
C08630,Enterprise,Fiber,Web Booster,Predictable Late Payer
C08631,Enterprise,ADSL,Web Booster,Predictable Late Payer
C08632,Residential,ADSL,Web Booster,Predictable Late Payer
C08633,Residential,Fiber,Biz Speed,Irregular Payer
C08634,Enterprise,Fiber,Biz Speed,Regular Payer
C08635,SME,ADSL,Biz Speed,Regular Payer
C08636,SME,ADSL,Web Booster,Irregular Payer
C08637,Enterprise,Fiber,Web Booster,Irregular Payer
C08638,Enterprise,Fiber,Web Booster,Regular Payer
C08639,Enterprise,LTE,Web Family,Irregular Payer
C08640,SME,ADSL,Web Booster,Irregular Payer
C08641,Residential,Fiber,Biz Speed,Irregular Payer
C08642,Enterprise,LTE,Web Booster,High-Risk Non-Payer
C08643,Residential,Fiber,Web Family,Predictable Late Payer
C08644,Residential,Fiber,Web Family,Regular Payer
C08645,Enterprise,Fiber,Web Booster,Irregular Payer
C08646,SME,Fiber,Web Family,Predictable Late Payer
C08647,Enterprise,ADSL,Biz Speed,Irregular Payer
C08648,Residential,LTE,Biz Speed,Irregular Payer
C08649,SME,LTE,Web Booster,High-Risk Non-Payer
C08650,Enterprise,ADSL,Web Booster,Regular Payer
C08651,SME,ADSL,Web Family,Regular Payer
C08652,Enterprise,LTE,Web Booster,Regular Payer
C08653,Residential,Fiber,Biz Speed,Regular Payer
C08654,Enterprise,ADSL,Biz Speed,Irregular Payer
C08655,Enterprise,LTE,Web Family,Regular Payer
C08656,SME,Fiber,Biz Speed,High-Risk Non-Payer
C08657,Enterprise,LTE,Web Family,Regular Payer
C08658,Enterprise,ADSL,Biz Speed,Predictable Late Payer
C08659,Enterprise,ADSL,Web Family,Predictable Late Payer
C08660,Enterprise,LTE,Biz Speed,Regular Payer
C08661,Residential,ADSL,Web Booster,Irregular Payer
C08662,Residential,LTE,Web Booster,Predictable Late Payer
C08663,Residential,Fiber,Web Family,Regular Payer
C08664,Enterprise,Fiber,Web Family,Regular Payer
C08665,SME,Fiber,Web Family,Regular Payer
C08666,SME,Fiber,Biz Speed,Regular Payer
C08667,SME,Fiber,Web Family,Regular Payer
C08668,SME,LTE,Web Booster,Predictable Late Payer
C08669,SME,Fiber,Biz Speed,Predictable Late Payer
C08670,SME,ADSL,Biz Speed,Predictable Late Payer
C08671,Residential,ADSL,Web Family,Irregular Payer
C08672,SME,Fiber,Biz Speed,Predictable Late Payer
C08673,Residential,LTE,Web Booster,Predictable Late Payer
C08674,Enterprise,Fiber,Biz Speed,Predictable Late Payer
C08675,Residential,LTE,Web Family,Regular Payer
C08676,Enterprise,ADSL,Biz Speed,Regular Payer
C08677,Residential,ADSL,Web Booster,Regular Payer
C08678,SME,ADSL,Web Family,Regular Payer
C08679,Enterprise,Fiber,Web Booster,Irregular Payer
C08680,Enterprise,LTE,Web Booster,Regular Payer
C08681,SME,LTE,Web Booster,Regular Payer
C08682,Enterprise,Fiber,Web Booster,Regular Payer
C08683,Enterprise,ADSL,Web Family,Predictable Late Payer
C08684,Residential,LTE,Web Booster,Irregular Payer
C08685,Enterprise,Fiber,Biz Speed,Irregular Payer
C08686,SME,ADSL,Web Family,Regular Payer
C08687,Residential,LTE,Biz Speed,High-Risk Non-Payer
C08688,Enterprise,ADSL,Web Booster,Predictable Late Payer
C08689,Residential,ADSL,Web Family,Irregular Payer
C08690,SME,ADSL,Biz Speed,Regular Payer
C08691,SME,ADSL,Web Family,Predictable Late Payer
C08692,SME,Fiber,Web Booster,Regular Payer
C08693,Residential,LTE,Web Family,Regular Payer
C08694,Residential,ADSL,Web Booster,Irregular Payer
C08695,SME,Fiber,Web Booster,Irregular Payer
C08696,Residential,Fiber,Web Family,Predictable Late Payer
C08697,Enterprise,Fiber,Biz Speed,Irregular Payer
C08698,SME,LTE,Web Booster,Predictable Late Payer
C08699,Residential,ADSL,Web Family,Regular Payer
C08700,SME,ADSL,Web Family,Irregular Payer
C08701,SME,Fiber,Biz Speed,Irregular Payer
C08702,Enterprise,Fiber,Web Family,Predictable Late Payer
C08703,SME,Fiber,Web Booster,Irregular Payer
C08704,SME,LTE,Web Booster,High-Risk Non-Payer
C08705,SME,ADSL,Web Family,Irregular Payer
C08706,Enterprise,LTE,Web Family,Regular Payer
C08707,Residential,ADSL,Web Family,Regular Payer
C08708,Residential,Fiber,Biz Speed,Regular Payer
C08709,Residential,ADSL,Web Booster,Regular Payer
C08710,Enterprise,ADSL,Biz Speed,Predictable Late Payer
C08711,Enterprise,Fiber,Web Family,Regular Payer
C08712,Enterprise,LTE,Web Family,Predictable Late Payer
C08713,SME,Fiber,Web Booster,Predictable Late Payer
C08714,Residential,Fiber,Web Booster,Predictable Late Payer
C08715,SME,Fiber,Biz Speed,Regular Payer
C08716,Residential,LTE,Biz Speed,Regular Payer
C08717,SME,Fiber,Web Booster,Regular Payer
C08718,Residential,ADSL,Biz Speed,Predictable Late Payer
C08719,SME,Fiber,Web Family,Predictable Late Payer
C08720,Enterprise,LTE,Web Family,Irregular Payer
C08721,SME,LTE,Web Booster,Predictable Late Payer
C08722,Enterprise,LTE,Web Family,Regular Payer
C08723,SME,Fiber,Web Booster,Regular Payer
C08724,Enterprise,ADSL,Biz Speed,Irregular Payer
C08725,SME,ADSL,Biz Speed,Predictable Late Payer
C08726,Residential,Fiber,Biz Speed,Irregular Payer
C08727,Residential,Fiber,Web Family,Regular Payer
C08728,SME,ADSL,Web Booster,Irregular Payer
C08729,Enterprise,ADSL,Web Booster,Regular Payer
C08730,SME,LTE,Web Booster,Regular Payer
C08731,Residential,LTE,Biz Speed,Regular Payer
C08732,Enterprise,Fiber,Biz Speed,Regular Payer
C08733,SME,ADSL,Web Family,Irregular Payer
C08734,Enterprise,Fiber,Web Booster,Regular Payer
C08735,SME,LTE,Web Family,Predictable Late Payer
C08736,SME,ADSL,Biz Speed,Irregular Payer
C08737,SME,ADSL,Biz Speed,Irregular Payer
C08738,SME,LTE,Web Family,Regular Payer
C08739,Residential,LTE,Biz Speed,Predictable Late Payer
C08740,SME,LTE,Web Booster,Regular Payer
C08741,Enterprise,LTE,Web Booster,Regular Payer
C08742,Residential,ADSL,Biz Speed,Irregular Payer
C08743,Residential,Fiber,Web Booster,Predictable Late Payer
C08744,Residential,LTE,Biz Speed,Regular Payer
C08745,Enterprise,Fiber,Web Family,Predictable Late Payer
C08746,Enterprise,ADSL,Web Booster,High-Risk Non-Payer
C08747,SME,ADSL,Web Booster,Irregular Payer
C08748,Residential,LTE,Web Booster,Irregular Payer
C08749,Enterprise,ADSL,Web Family,High-Risk Non-Payer
C08750,Enterprise,ADSL,Web Booster,Regular Payer
C08751,Enterprise,Fiber,Web Booster,Irregular Payer
C08752,SME,Fiber,Biz Speed,Irregular Payer
C08753,SME,LTE,Web Booster,Predictable Late Payer
C08754,SME,LTE,Web Family,Irregular Payer
C08755,Residential,ADSL,Biz Speed,Irregular Payer
C08756,SME,Fiber,Web Booster,Regular Payer
C08757,SME,ADSL,Web Family,Irregular Payer
C08758,SME,Fiber,Biz Speed,Irregular Payer
C08759,Residential,LTE,Web Family,High-Risk Non-Payer
C08760,Residential,Fiber,Biz Speed,Predictable Late Payer
C08761,Residential,Fiber,Biz Speed,Irregular Payer
C08762,SME,ADSL,Biz Speed,High-Risk Non-Payer
C08763,SME,Fiber,Web Family,Regular Payer
C08764,Enterprise,Fiber,Web Family,Irregular Payer
C08765,Residential,ADSL,Biz Speed,High-Risk Non-Payer
C08766,SME,LTE,Web Booster,Regular Payer
C08767,SME,ADSL,Web Family,Irregular Payer
C08768,SME,ADSL,Web Booster,Irregular Payer
C08769,Enterprise,Fiber,Web Booster,Predictable Late Payer
C08770,Enterprise,Fiber,Web Family,Regular Payer
C08771,Enterprise,LTE,Web Booster,Irregular Payer
C08772,Enterprise,LTE,Web Family,Regular Payer
C08773,SME,Fiber,Web Booster,Irregular Payer
C08774,Residential,Fiber,Web Booster,Irregular Payer
C08775,SME,LTE,Biz Speed,Irregular Payer
C08776,Enterprise,LTE,Web Booster,Predictable Late Payer
C08777,SME,Fiber,Web Family,Regular Payer
C08778,Enterprise,ADSL,Biz Speed,Irregular Payer
C08779,SME,Fiber,Web Booster,Regular Payer
C08780,SME,Fiber,Biz Speed,Irregular Payer
C08781,SME,Fiber,Web Booster,Predictable Late Payer
C08782,SME,Fiber,Web Booster,Regular Payer
C08783,Residential,LTE,Biz Speed,Irregular Payer
C08784,SME,ADSL,Biz Speed,Predictable Late Payer
C08785,SME,ADSL,Web Booster,Regular Payer
C08786,Residential,Fiber,Web Family,Irregular Payer
C08787,Residential,Fiber,Web Family,Regular Payer
C08788,Residential,LTE,Web Family,High-Risk Non-Payer
C08789,Residential,ADSL,Biz Speed,High-Risk Non-Payer
C08790,Enterprise,LTE,Web Booster,High-Risk Non-Payer
C08791,Enterprise,ADSL,Biz Speed,Regular Payer
C08792,SME,ADSL,Biz Speed,Irregular Payer
C08793,Residential,ADSL,Web Booster,Regular Payer
C08794,Enterprise,Fiber,Web Booster,Irregular Payer
C08795,SME,ADSL,Web Booster,Irregular Payer
C08796,Residential,ADSL,Web Family,Predictable Late Payer
C08797,Enterprise,ADSL,Web Booster,Regular Payer
C08798,Residential,LTE,Web Family,Regular Payer
C08799,Residential,ADSL,Biz Speed,Predictable Late Payer
C08800,SME,Fiber,Web Family,Regular Payer
C08801,Enterprise,Fiber,Web Family,Predictable Late Payer
C08802,SME,LTE,Biz Speed,Regular Payer
C08803,Residential,Fiber,Biz Speed,Regular Payer
C08804,Enterprise,ADSL,Web Family,Regular Payer
C08805,SME,LTE,Web Booster,Regular Payer
C08806,SME,Fiber,Web Booster,Regular Payer
C08807,SME,ADSL,Web Family,Predictable Late Payer
C08808,Enterprise,Fiber,Web Family,Irregular Payer
C08809,SME,LTE,Web Booster,Regular Payer
C08810,SME,LTE,Biz Speed,Irregular Payer
C08811,Residential,LTE,Web Family,Predictable Late Payer
C08812,Enterprise,ADSL,Web Booster,Regular Payer
C08813,Residential,Fiber,Web Family,Irregular Payer
C08814,SME,Fiber,Web Booster,Predictable Late Payer
C08815,SME,LTE,Biz Speed,Predictable Late Payer
C08816,Residential,Fiber,Web Family,Predictable Late Payer
C08817,SME,ADSL,Web Booster,Regular Payer
C08818,Residential,ADSL,Biz Speed,Regular Payer
C08819,Enterprise,ADSL,Biz Speed,Regular Payer
C08820,Residential,Fiber,Web Booster,Regular Payer
C08821,Enterprise,Fiber,Web Family,Regular Payer
C08822,SME,Fiber,Web Booster,Irregular Payer
C08823,Enterprise,LTE,Biz Speed,Irregular Payer
C08824,Enterprise,ADSL,Web Booster,Regular Payer
C08825,SME,Fiber,Biz Speed,Regular Payer
C08826,SME,LTE,Biz Speed,High-Risk Non-Payer
C08827,SME,ADSL,Web Family,Regular Payer
C08828,Residential,LTE,Web Family,Predictable Late Payer
C08829,Residential,Fiber,Biz Speed,Regular Payer
C08830,Enterprise,ADSL,Web Booster,Regular Payer
C08831,Residential,ADSL,Web Family,High-Risk Non-Payer
C08832,SME,Fiber,Web Booster,Predictable Late Payer
C08833,Residential,LTE,Biz Speed,Regular Payer
C08834,Residential,ADSL,Web Family,Regular Payer
C08835,Enterprise,LTE,Web Booster,Irregular Payer
C08836,Residential,LTE,Web Family,Irregular Payer
C08837,Enterprise,LTE,Web Family,Regular Payer
C08838,Residential,Fiber,Web Booster,Regular Payer
C08839,SME,LTE,Biz Speed,Irregular Payer
C08840,SME,Fiber,Web Booster,Predictable Late Payer
C08841,SME,Fiber,Biz Speed,Predictable Late Payer
C08842,SME,Fiber,Web Booster,Predictable Late Payer
C08843,Enterprise,ADSL,Web Family,Predictable Late Payer
C08844,Residential,LTE,Biz Speed,Predictable Late Payer
C08845,SME,ADSL,Web Booster,Regular Payer
C08846,Enterprise,LTE,Biz Speed,Irregular Payer
C08847,SME,Fiber,Web Booster,Regular Payer
C08848,Enterprise,LTE,Web Family,Predictable Late Payer
C08849,SME,LTE,Biz Speed,Irregular Payer
C08850,Enterprise,LTE,Web Family,Predictable Late Payer
C08851,SME,LTE,Web Booster,Regular Payer
C08852,SME,ADSL,Web Booster,Regular Payer
C08853,Enterprise,ADSL,Biz Speed,Regular Payer
C08854,Residential,ADSL,Biz Speed,Regular Payer
C08855,Residential,LTE,Biz Speed,Predictable Late Payer
C08856,Enterprise,LTE,Web Family,Regular Payer
C08857,Enterprise,LTE,Web Family,Predictable Late Payer
C08858,Enterprise,Fiber,Biz Speed,Regular Payer
C08859,Enterprise,Fiber,Web Booster,Predictable Late Payer
C08860,SME,Fiber,Web Booster,Predictable Late Payer
C08861,SME,Fiber,Web Booster,Regular Payer
C08862,Enterprise,Fiber,Web Family,Regular Payer
C08863,Enterprise,Fiber,Web Family,Regular Payer
C08864,Enterprise,Fiber,Web Family,Predictable Late Payer
C08865,Residential,ADSL,Web Booster,High-Risk Non-Payer
C08866,Enterprise,Fiber,Web Family,Predictable Late Payer
C08867,Residential,LTE,Web Family,Regular Payer
C08868,Enterprise,Fiber,Web Booster,Regular Payer
C08869,Residential,LTE,Web Booster,High-Risk Non-Payer
C08870,SME,LTE,Web Booster,Predictable Late Payer
C08871,Residential,Fiber,Biz Speed,Regular Payer
C08872,SME,Fiber,Biz Speed,Irregular Payer
C08873,Residential,LTE,Biz Speed,Predictable Late Payer
C08874,Enterprise,LTE,Web Booster,Irregular Payer
C08875,Residential,Fiber,Biz Speed,Predictable Late Payer
C08876,Residential,ADSL,Web Booster,Predictable Late Payer
C08877,Enterprise,LTE,Biz Speed,Predictable Late Payer
C08878,SME,Fiber,Web Booster,Regular Payer
C08879,Enterprise,Fiber,Web Family,Regular Payer
C08880,Residential,ADSL,Web Booster,Predictable Late Payer
C08881,Residential,LTE,Web Booster,Regular Payer
C08882,Enterprise,Fiber,Web Family,Predictable Late Payer
C08883,Residential,ADSL,Web Family,Irregular Payer
C08884,Enterprise,Fiber,Web Booster,Regular Payer
C08885,SME,LTE,Web Family,Irregular Payer
C08886,Enterprise,LTE,Web Booster,Regular Payer
C08887,Enterprise,LTE,Web Family,Irregular Payer
C08888,Enterprise,LTE,Web Booster,Regular Payer
C08889,Residential,ADSL,Web Booster,Regular Payer
C08890,Residential,Fiber,Web Booster,Predictable Late Payer
C08891,Enterprise,Fiber,Biz Speed,Irregular Payer
C08892,Residential,ADSL,Web Booster,Predictable Late Payer
C08893,SME,LTE,Biz Speed,Regular Payer
C08894,Residential,LTE,Web Family,Predictable Late Payer
C08895,SME,ADSL,Web Family,Regular Payer
C08896,Residential,ADSL,Biz Speed,Predictable Late Payer
C08897,Residential,ADSL,Web Booster,Regular Payer
C08898,SME,ADSL,Biz Speed,Regular Payer
C08899,SME,Fiber,Web Family,Irregular Payer
C08900,Enterprise,Fiber,Web Family,Regular Payer
C08901,SME,Fiber,Web Booster,Regular Payer
C08902,Enterprise,ADSL,Web Family,Regular Payer
C08903,Residential,LTE,Web Booster,Regular Payer
C08904,Residential,Fiber,Web Booster,Irregular Payer
C08905,SME,Fiber,Biz Speed,Predictable Late Payer
C08906,SME,Fiber,Biz Speed,Irregular Payer
C08907,Residential,Fiber,Web Family,Regular Payer
C08908,Residential,LTE,Web Family,Regular Payer
C08909,Residential,Fiber,Web Family,Regular Payer
C08910,Residential,LTE,Biz Speed,Regular Payer
C08911,SME,LTE,Biz Speed,Irregular Payer
C08912,Residential,ADSL,Web Booster,Predictable Late Payer
C08913,Enterprise,Fiber,Web Booster,Regular Payer
C08914,Enterprise,ADSL,Biz Speed,Regular Payer
C08915,SME,LTE,Web Booster,Regular Payer
C08916,Enterprise,ADSL,Web Family,Regular Payer
C08917,SME,Fiber,Web Family,Regular Payer
C08918,Enterprise,Fiber,Web Booster,Irregular Payer
C08919,Residential,ADSL,Web Family,Irregular Payer
C08920,Enterprise,LTE,Web Family,Regular Payer
C08921,Enterprise,Fiber,Biz Speed,Predictable Late Payer
C08922,Enterprise,LTE,Web Family,Predictable Late Payer
C08923,SME,Fiber,Web Booster,Predictable Late Payer
C08924,SME,LTE,Web Booster,High-Risk Non-Payer
C08925,SME,LTE,Web Family,Regular Payer
C08926,Enterprise,ADSL,Biz Speed,Regular Payer
C08927,SME,LTE,Web Family,Regular Payer
C08928,SME,Fiber,Biz Speed,Predictable Late Payer
C08929,Residential,ADSL,Biz Speed,Irregular Payer
C08930,Enterprise,LTE,Biz Speed,Predictable Late Payer
C08931,SME,Fiber,Web Family,Irregular Payer
C08932,Residential,LTE,Web Booster,High-Risk Non-Payer
C08933,SME,Fiber,Web Booster,Regular Payer
C08934,SME,ADSL,Biz Speed,Predictable Late Payer
C08935,Enterprise,LTE,Biz Speed,Predictable Late Payer
C08936,Enterprise,LTE,Web Booster,Irregular Payer
C08937,SME,Fiber,Biz Speed,Regular Payer
C08938,SME,Fiber,Biz Speed,Regular Payer
C08939,Enterprise,Fiber,Web Family,Regular Payer
C08940,SME,LTE,Biz Speed,Regular Payer
C08941,Residential,ADSL,Web Family,Predictable Late Payer
C08942,SME,ADSL,Biz Speed,Predictable Late Payer
C08943,Residential,ADSL,Biz Speed,Regular Payer
C08944,SME,LTE,Biz Speed,Regular Payer
C08945,Residential,ADSL,Biz Speed,Regular Payer
C08946,Enterprise,LTE,Biz Speed,Predictable Late Payer
C08947,SME,Fiber,Biz Speed,Irregular Payer
C08948,SME,LTE,Biz Speed,Regular Payer
C08949,SME,ADSL,Web Family,Predictable Late Payer
C08950,SME,LTE,Web Booster,Irregular Payer
C08951,Enterprise,Fiber,Web Booster,Predictable Late Payer
C08952,Enterprise,Fiber,Web Family,Predictable Late Payer
C08953,Residential,ADSL,Web Booster,Regular Payer
C08954,Residential,ADSL,Biz Speed,High-Risk Non-Payer
C08955,Residential,ADSL,Biz Speed,High-Risk Non-Payer
C08956,SME,LTE,Web Family,Predictable Late Payer
C08957,SME,Fiber,Web Booster,Predictable Late Payer
C08958,Residential,LTE,Biz Speed,Regular Payer
C08959,Enterprise,ADSL,Web Family,High-Risk Non-Payer
C08960,Residential,Fiber,Web Booster,Predictable Late Payer
C08961,Enterprise,ADSL,Biz Speed,Predictable Late Payer
C08962,Enterprise,LTE,Web Family,Predictable Late Payer
C08963,SME,LTE,Biz Speed,Predictable Late Payer
C08964,SME,LTE,Web Family,Regular Payer
C08965,SME,LTE,Biz Speed,Regular Payer
C08966,SME,LTE,Biz Speed,Predictable Late Payer
C08967,SME,LTE,Web Booster,Regular Payer
C08968,Enterprise,LTE,Web Booster,Irregular Payer
C08969,Residential,LTE,Web Booster,Regular Payer
C08970,Residential,LTE,Biz Speed,Predictable Late Payer
C08971,SME,LTE,Web Family,High-Risk Non-Payer
C08972,Residential,Fiber,Biz Speed,Regular Payer
C08973,Enterprise,ADSL,Web Booster,Regular Payer
C08974,Residential,Fiber,Biz Speed,Regular Payer
C08975,SME,ADSL,Web Booster,Predictable Late Payer
C08976,Residential,Fiber,Web Booster,Irregular Payer
C08977,SME,Fiber,Web Family,Predictable Late Payer
C08978,Residential,LTE,Web Booster,Predictable Late Payer
C08979,SME,Fiber,Biz Speed,Irregular Payer
C08980,SME,Fiber,Web Booster,Regular Payer
C08981,SME,ADSL,Web Family,Regular Payer
C08982,Residential,Fiber,Web Booster,Predictable Late Payer
C08983,Residential,LTE,Web Booster,Regular Payer
C08984,Residential,ADSL,Web Family,High-Risk Non-Payer
C08985,SME,ADSL,Web Family,Predictable Late Payer
C08986,Enterprise,ADSL,Web Family,Predictable Late Payer
C08987,Enterprise,ADSL,Web Family,Predictable Late Payer
C08988,SME,LTE,Biz Speed,Predictable Late Payer
C08989,Enterprise,ADSL,Web Booster,Regular Payer
C08990,SME,Fiber,Web Booster,Regular Payer
C08991,Residential,LTE,Web Family,Predictable Late Payer
C08992,Enterprise,Fiber,Web Family,Regular Payer
C08993,Residential,LTE,Web Family,Regular Payer
C08994,Enterprise,LTE,Biz Speed,High-Risk Non-Payer
C08995,Residential,LTE,Biz Speed,High-Risk Non-Payer
C08996,SME,Fiber,Web Booster,High-Risk Non-Payer
C08997,Enterprise,ADSL,Web Booster,Regular Payer
C08998,SME,LTE,Web Booster,Regular Payer
C08999,Enterprise,LTE,Biz Speed,Regular Payer
C09000,Residential,ADSL,Biz Speed,Irregular Payer
C09001,Residential,Fiber,Web Booster,Regular Payer
C09002,SME,ADSL,Web Booster,Regular Payer
C09003,Residential,Fiber,Web Family,Regular Payer
C09004,Residential,LTE,Web Family,Regular Payer
C09005,Enterprise,LTE,Web Booster,Irregular Payer
C09006,Residential,Fiber,Web Booster,Regular Payer
C09007,SME,ADSL,Biz Speed,Irregular Payer
C09008,SME,Fiber,Biz Speed,Irregular Payer
C09009,Residential,ADSL,Web Family,Regular Payer
C09010,SME,LTE,Web Booster,Regular Payer
C09011,Enterprise,Fiber,Web Family,Regular Payer
C09012,Residential,LTE,Biz Speed,Predictable Late Payer
C09013,SME,LTE,Biz Speed,Predictable Late Payer
C09014,Enterprise,ADSL,Web Booster,Irregular Payer
C09015,SME,Fiber,Web Booster,Regular Payer
C09016,SME,ADSL,Web Booster,Irregular Payer
C09017,SME,LTE,Web Booster,Regular Payer
C09018,Residential,Fiber,Web Booster,Predictable Late Payer
C09019,Residential,LTE,Biz Speed,Predictable Late Payer
C09020,SME,Fiber,Biz Speed,Regular Payer
C09021,SME,Fiber,Web Booster,Regular Payer
C09022,SME,Fiber,Web Family,High-Risk Non-Payer
C09023,Residential,ADSL,Web Family,Predictable Late Payer
C09024,SME,ADSL,Web Booster,Predictable Late Payer
C09025,Residential,LTE,Web Family,Predictable Late Payer
C09026,Residential,ADSL,Biz Speed,Predictable Late Payer
C09027,SME,Fiber,Web Family,Regular Payer
C09028,Residential,ADSL,Biz Speed,Irregular Payer
C09029,Residential,Fiber,Biz Speed,Irregular Payer
C09030,Enterprise,Fiber,Biz Speed,Regular Payer
C09031,SME,ADSL,Biz Speed,Predictable Late Payer
C09032,SME,ADSL,Web Booster,Predictable Late Payer
C09033,Enterprise,ADSL,Web Family,Regular Payer
C09034,Residential,Fiber,Web Booster,Regular Payer
C09035,Residential,Fiber,Web Family,Predictable Late Payer
C09036,Residential,ADSL,Biz Speed,Regular Payer
C09037,Residential,LTE,Web Family,Predictable Late Payer
C09038,Residential,Fiber,Web Booster,Predictable Late Payer
C09039,SME,ADSL,Biz Speed,Regular Payer
C09040,SME,LTE,Web Family,Predictable Late Payer
C09041,SME,Fiber,Biz Speed,Irregular Payer
C09042,Residential,LTE,Web Booster,Regular Payer
C09043,Enterprise,ADSL,Web Booster,Predictable Late Payer
C09044,Residential,Fiber,Web Family,Regular Payer
C09045,SME,LTE,Web Booster,Regular Payer
C09046,Residential,Fiber,Web Booster,Regular Payer
C09047,SME,ADSL,Web Booster,Irregular Payer
C09048,SME,ADSL,Web Booster,Regular Payer
C09049,Residential,LTE,Web Booster,Regular Payer
C09050,Enterprise,ADSL,Biz Speed,High-Risk Non-Payer
C09051,Enterprise,LTE,Web Family,Predictable Late Payer
C09052,Residential,Fiber,Biz Speed,Regular Payer
C09053,Residential,LTE,Biz Speed,High-Risk Non-Payer
C09054,Enterprise,LTE,Web Family,Regular Payer
C09055,Enterprise,LTE,Web Booster,Regular Payer
C09056,SME,Fiber,Web Family,Regular Payer
C09057,SME,LTE,Web Family,High-Risk Non-Payer
C09058,Enterprise,ADSL,Biz Speed,Regular Payer
C09059,SME,LTE,Web Family,Regular Payer
C09060,Residential,Fiber,Web Family,High-Risk Non-Payer
C09061,Enterprise,LTE,Biz Speed,Regular Payer
C09062,SME,Fiber,Web Family,Regular Payer
C09063,SME,Fiber,Web Booster,High-Risk Non-Payer
C09064,Residential,Fiber,Web Booster,Predictable Late Payer
C09065,Enterprise,LTE,Web Booster,Predictable Late Payer
C09066,Enterprise,LTE,Biz Speed,Predictable Late Payer
C09067,Enterprise,ADSL,Web Booster,Predictable Late Payer
C09068,Enterprise,Fiber,Web Booster,Regular Payer
C09069,Enterprise,Fiber,Web Booster,Irregular Payer
C09070,Residential,Fiber,Web Booster,Irregular Payer
C09071,Residential,Fiber,Web Booster,Predictable Late Payer
C09072,Residential,ADSL,Web Booster,Regular Payer
C09073,SME,ADSL,Web Family,Irregular Payer
C09074,Residential,LTE,Biz Speed,Regular Payer
C09075,Residential,LTE,Web Family,Predictable Late Payer
C09076,SME,Fiber,Web Family,Regular Payer
C09077,Residential,Fiber,Web Family,Regular Payer
C09078,SME,Fiber,Web Booster,Regular Payer
C09079,Enterprise,LTE,Web Booster,Regular Payer
C09080,Residential,Fiber,Biz Speed,Predictable Late Payer
C09081,SME,ADSL,Biz Speed,Irregular Payer
C09082,Enterprise,LTE,Web Booster,High-Risk Non-Payer
C09083,Residential,ADSL,Web Family,Predictable Late Payer
C09084,Enterprise,Fiber,Web Family,Irregular Payer
C09085,SME,Fiber,Web Family,Irregular Payer
C09086,Residential,LTE,Biz Speed,Predictable Late Payer
C09087,Enterprise,ADSL,Web Family,Regular Payer
C09088,SME,LTE,Web Family,Irregular Payer
C09089,Enterprise,Fiber,Biz Speed,Predictable Late Payer
C09090,Enterprise,LTE,Web Family,Regular Payer
C09091,SME,Fiber,Biz Speed,Irregular Payer
C09092,SME,ADSL,Web Family,Regular Payer
C09093,SME,ADSL,Biz Speed,Regular Payer
C09094,Residential,ADSL,Biz Speed,Irregular Payer
C09095,Enterprise,LTE,Web Booster,High-Risk Non-Payer
C09096,Residential,ADSL,Web Family,Irregular Payer
C09097,Enterprise,LTE,Biz Speed,Predictable Late Payer
C09098,Residential,LTE,Biz Speed,Regular Payer
C09099,Residential,LTE,Biz Speed,Regular Payer
C09100,Residential,LTE,Biz Speed,Regular Payer
C09101,Residential,LTE,Web Family,Regular Payer
C09102,Enterprise,ADSL,Web Family,Predictable Late Payer
C09103,Residential,LTE,Web Booster,Predictable Late Payer
C09104,Residential,ADSL,Web Family,Regular Payer
C09105,SME,Fiber,Web Booster,Predictable Late Payer
C09106,Enterprise,ADSL,Biz Speed,Regular Payer
C09107,SME,LTE,Web Booster,Regular Payer
C09108,Residential,ADSL,Biz Speed,Predictable Late Payer
C09109,SME,Fiber,Web Family,High-Risk Non-Payer
C09110,Enterprise,ADSL,Biz Speed,Regular Payer
C09111,SME,Fiber,Web Family,Predictable Late Payer
C09112,Residential,LTE,Biz Speed,Regular Payer
C09113,Enterprise,Fiber,Biz Speed,Predictable Late Payer
C09114,SME,LTE,Biz Speed,Predictable Late Payer
C09115,Residential,LTE,Web Booster,Regular Payer
C09116,Enterprise,Fiber,Web Booster,Regular Payer
C09117,Residential,LTE,Web Family,Regular Payer
C09118,Enterprise,Fiber,Web Family,Predictable Late Payer
C09119,Enterprise,Fiber,Web Family,Irregular Payer
C09120,SME,Fiber,Web Booster,Regular Payer
C09121,Enterprise,LTE,Web Family,Predictable Late Payer
C09122,SME,ADSL,Biz Speed,Predictable Late Payer
C09123,Residential,Fiber,Web Family,Irregular Payer
C09124,Residential,Fiber,Biz Speed,Irregular Payer
C09125,Enterprise,Fiber,Biz Speed,Irregular Payer
C09126,Enterprise,LTE,Biz Speed,High-Risk Non-Payer
C09127,Enterprise,ADSL,Web Family,Irregular Payer
C09128,Enterprise,ADSL,Biz Speed,Irregular Payer
C09129,SME,Fiber,Web Family,Predictable Late Payer
C09130,Residential,Fiber,Web Family,Regular Payer
C09131,SME,ADSL,Web Family,Predictable Late Payer
C09132,SME,ADSL,Web Family,Predictable Late Payer
C09133,SME,LTE,Web Booster,Irregular Payer
C09134,Residential,ADSL,Web Family,Regular Payer
C09135,Residential,ADSL,Biz Speed,Regular Payer
C09136,Residential,Fiber,Web Booster,Regular Payer
C09137,Residential,ADSL,Biz Speed,High-Risk Non-Payer
C09138,SME,Fiber,Web Booster,Regular Payer
C09139,Enterprise,ADSL,Biz Speed,High-Risk Non-Payer
C09140,Residential,Fiber,Web Family,Regular Payer
C09141,SME,Fiber,Biz Speed,Predictable Late Payer
C09142,Enterprise,Fiber,Web Booster,Predictable Late Payer
C09143,SME,ADSL,Biz Speed,Predictable Late Payer
C09144,SME,LTE,Web Booster,Regular Payer
C09145,Residential,Fiber,Web Family,Irregular Payer
C09146,Enterprise,Fiber,Biz Speed,Predictable Late Payer
C09147,Residential,ADSL,Web Family,High-Risk Non-Payer
C09148,Residential,ADSL,Web Family,Irregular Payer
C09149,Enterprise,LTE,Web Booster,High-Risk Non-Payer
C09150,Residential,LTE,Biz Speed,Regular Payer
C09151,Enterprise,LTE,Biz Speed,Irregular Payer
C09152,Enterprise,LTE,Web Family,High-Risk Non-Payer
C09153,SME,Fiber,Biz Speed,Predictable Late Payer
C09154,SME,LTE,Web Booster,Predictable Late Payer
C09155,SME,Fiber,Biz Speed,Predictable Late Payer
C09156,Enterprise,ADSL,Biz Speed,Predictable Late Payer
C09157,Residential,Fiber,Web Family,Regular Payer
C09158,Residential,Fiber,Web Family,Predictable Late Payer
C09159,Residential,ADSL,Biz Speed,Predictable Late Payer
C09160,SME,ADSL,Web Booster,Predictable Late Payer
C09161,SME,LTE,Biz Speed,Regular Payer
C09162,Enterprise,ADSL,Biz Speed,Regular Payer
C09163,Enterprise,LTE,Biz Speed,Irregular Payer
C09164,SME,ADSL,Web Booster,High-Risk Non-Payer
C09165,Residential,Fiber,Web Booster,Predictable Late Payer
C09166,Enterprise,Fiber,Web Family,Irregular Payer
C09167,SME,LTE,Web Family,Predictable Late Payer
C09168,Residential,LTE,Web Family,Irregular Payer
C09169,SME,LTE,Biz Speed,Regular Payer
C09170,Residential,Fiber,Web Booster,Predictable Late Payer
C09171,Residential,ADSL,Web Family,Regular Payer
C09172,SME,LTE,Biz Speed,Predictable Late Payer
C09173,Enterprise,LTE,Web Booster,Irregular Payer
C09174,Enterprise,LTE,Biz Speed,Regular Payer
C09175,SME,LTE,Biz Speed,Regular Payer
C09176,SME,Fiber,Biz Speed,High-Risk Non-Payer
C09177,Residential,LTE,Biz Speed,Predictable Late Payer
C09178,Enterprise,Fiber,Web Family,Regular Payer
C09179,Enterprise,Fiber,Web Booster,High-Risk Non-Payer
C09180,SME,Fiber,Web Family,Irregular Payer
C09181,SME,Fiber,Web Booster,Regular Payer
C09182,Enterprise,LTE,Web Booster,Regular Payer
C09183,Residential,LTE,Biz Speed,Regular Payer
C09184,Residential,Fiber,Web Family,Regular Payer
C09185,Residential,ADSL,Web Family,Regular Payer
C09186,Residential,Fiber,Biz Speed,High-Risk Non-Payer
C09187,Enterprise,Fiber,Biz Speed,High-Risk Non-Payer
C09188,Enterprise,LTE,Biz Speed,Predictable Late Payer
C09189,Enterprise,LTE,Web Family,High-Risk Non-Payer
C09190,Residential,Fiber,Web Family,Irregular Payer
C09191,Enterprise,ADSL,Biz Speed,Predictable Late Payer
C09192,Residential,Fiber,Biz Speed,Predictable Late Payer
C09193,Enterprise,LTE,Web Booster,Irregular Payer
C09194,SME,ADSL,Web Booster,Regular Payer
C09195,Residential,LTE,Web Family,Regular Payer
C09196,Enterprise,LTE,Web Family,Predictable Late Payer
C09197,Residential,ADSL,Web Booster,Regular Payer
C09198,Enterprise,Fiber,Web Booster,Predictable Late Payer
C09199,Residential,LTE,Biz Speed,Predictable Late Payer
C09200,Residential,ADSL,Web Booster,Regular Payer
C09201,Residential,ADSL,Biz Speed,Irregular Payer
C09202,SME,LTE,Web Family,Predictable Late Payer
C09203,Residential,Fiber,Web Booster,Irregular Payer
C09204,Residential,ADSL,Web Family,Predictable Late Payer
C09205,Enterprise,ADSL,Web Booster,Irregular Payer
C09206,Residential,LTE,Web Family,Regular Payer
C09207,Residential,Fiber,Web Family,Predictable Late Payer
C09208,SME,Fiber,Web Family,Regular Payer
C09209,Residential,Fiber,Biz Speed,Predictable Late Payer
C09210,Residential,Fiber,Biz Speed,High-Risk Non-Payer
C09211,Enterprise,LTE,Biz Speed,Regular Payer
C09212,Enterprise,LTE,Web Family,High-Risk Non-Payer
C09213,SME,Fiber,Biz Speed,Regular Payer
C09214,SME,ADSL,Web Family,Irregular Payer
C09215,Enterprise,Fiber,Biz Speed,Regular Payer
C09216,SME,ADSL,Web Booster,Regular Payer
C09217,SME,LTE,Biz Speed,Regular Payer
C09218,Enterprise,LTE,Biz Speed,Predictable Late Payer
C09219,Residential,Fiber,Web Family,Irregular Payer
C09220,SME,LTE,Web Booster,High-Risk Non-Payer
C09221,Residential,Fiber,Web Booster,Regular Payer
C09222,SME,LTE,Biz Speed,Predictable Late Payer
C09223,Residential,ADSL,Biz Speed,Regular Payer
C09224,Enterprise,LTE,Biz Speed,Regular Payer
C09225,SME,ADSL,Biz Speed,Regular Payer
C09226,SME,LTE,Web Family,Predictable Late Payer
C09227,SME,ADSL,Web Family,Predictable Late Payer
C09228,Enterprise,Fiber,Web Booster,Regular Payer
C09229,SME,Fiber,Web Booster,Irregular Payer
C09230,Enterprise,ADSL,Web Booster,Predictable Late Payer
C09231,Enterprise,LTE,Web Family,Irregular Payer
C09232,Residential,Fiber,Web Booster,Irregular Payer
C09233,Enterprise,LTE,Web Booster,Regular Payer
C09234,Residential,ADSL,Web Family,Regular Payer
C09235,Enterprise,Fiber,Web Booster,Predictable Late Payer
C09236,Enterprise,Fiber,Web Booster,Predictable Late Payer
C09237,Enterprise,LTE,Web Family,Regular Payer
C09238,SME,ADSL,Web Family,High-Risk Non-Payer
C09239,Enterprise,LTE,Web Booster,High-Risk Non-Payer
C09240,Residential,LTE,Biz Speed,Irregular Payer
C09241,Residential,ADSL,Web Booster,Regular Payer
C09242,Residential,Fiber,Web Family,High-Risk Non-Payer
C09243,Residential,LTE,Web Booster,Predictable Late Payer
C09244,SME,Fiber,Web Booster,Predictable Late Payer
C09245,Enterprise,ADSL,Biz Speed,Regular Payer
C09246,Residential,Fiber,Web Family,High-Risk Non-Payer
C09247,SME,ADSL,Biz Speed,Regular Payer
C09248,Residential,Fiber,Web Booster,High-Risk Non-Payer
C09249,SME,ADSL,Biz Speed,Regular Payer
C09250,Enterprise,LTE,Web Family,Irregular Payer
C09251,SME,Fiber,Web Booster,Irregular Payer
C09252,Residential,Fiber,Biz Speed,High-Risk Non-Payer
C09253,Residential,LTE,Biz Speed,Regular Payer
C09254,Enterprise,LTE,Biz Speed,Irregular Payer
C09255,Enterprise,Fiber,Web Family,Regular Payer
C09256,SME,ADSL,Web Booster,Predictable Late Payer
C09257,SME,LTE,Biz Speed,Predictable Late Payer
C09258,Residential,Fiber,Biz Speed,Regular Payer
C09259,SME,ADSL,Biz Speed,Regular Payer
C09260,Enterprise,LTE,Web Booster,Predictable Late Payer
C09261,Residential,LTE,Web Booster,Regular Payer
C09262,Enterprise,Fiber,Web Family,High-Risk Non-Payer
C09263,Residential,ADSL,Biz Speed,High-Risk Non-Payer
C09264,SME,ADSL,Biz Speed,Predictable Late Payer
C09265,Residential,Fiber,Web Booster,Predictable Late Payer
C09266,Residential,Fiber,Web Family,Irregular Payer
C09267,Residential,LTE,Biz Speed,Predictable Late Payer
C09268,SME,Fiber,Web Family,High-Risk Non-Payer
C09269,Residential,LTE,Web Booster,Predictable Late Payer
C09270,Enterprise,Fiber,Web Family,Predictable Late Payer
C09271,Enterprise,ADSL,Biz Speed,Predictable Late Payer
C09272,Enterprise,Fiber,Web Family,Predictable Late Payer
C09273,SME,LTE,Web Booster,High-Risk Non-Payer
C09274,Enterprise,Fiber,Biz Speed,Regular Payer
C09275,Enterprise,ADSL,Biz Speed,Predictable Late Payer
C09276,Enterprise,Fiber,Web Booster,Regular Payer
C09277,SME,ADSL,Web Booster,High-Risk Non-Payer
C09278,Residential,Fiber,Biz Speed,Predictable Late Payer
C09279,Enterprise,ADSL,Biz Speed,Predictable Late Payer
C09280,Residential,ADSL,Web Booster,Irregular Payer
C09281,Enterprise,ADSL,Biz Speed,Regular Payer
C09282,Enterprise,Fiber,Biz Speed,Irregular Payer
C09283,SME,Fiber,Biz Speed,Predictable Late Payer
C09284,Enterprise,Fiber,Web Family,Irregular Payer
C09285,Enterprise,Fiber,Biz Speed,Regular Payer
C09286,Residential,LTE,Biz Speed,Regular Payer
C09287,Enterprise,ADSL,Biz Speed,Predictable Late Payer
C09288,SME,LTE,Web Booster,Predictable Late Payer
C09289,Enterprise,ADSL,Web Booster,Irregular Payer
C09290,SME,LTE,Web Family,Irregular Payer
C09291,Residential,LTE,Web Booster,Predictable Late Payer
C09292,Residential,ADSL,Web Booster,Regular Payer
C09293,Enterprise,LTE,Web Booster,Predictable Late Payer
C09294,SME,LTE,Web Booster,High-Risk Non-Payer
C09295,Residential,ADSL,Web Booster,Regular Payer
C09296,Enterprise,LTE,Web Family,Regular Payer
C09297,Enterprise,ADSL,Web Family,High-Risk Non-Payer
C09298,Enterprise,LTE,Biz Speed,Predictable Late Payer
C09299,Enterprise,ADSL,Web Family,Predictable Late Payer
C09300,Enterprise,ADSL,Biz Speed,High-Risk Non-Payer
C09301,SME,ADSL,Web Booster,Predictable Late Payer
C09302,Residential,ADSL,Web Booster,Regular Payer
C09303,Enterprise,ADSL,Web Family,Regular Payer
C09304,Enterprise,LTE,Web Family,High-Risk Non-Payer
C09305,Enterprise,Fiber,Web Booster,Irregular Payer
C09306,Enterprise,Fiber,Web Family,High-Risk Non-Payer
C09307,Enterprise,ADSL,Web Family,Irregular Payer
C09308,SME,LTE,Web Booster,Regular Payer
C09309,Enterprise,ADSL,Web Family,Regular Payer
C09310,Residential,ADSL,Biz Speed,Regular Payer
C09311,Enterprise,ADSL,Web Family,Regular Payer
C09312,Residential,Fiber,Web Family,Regular Payer
C09313,Enterprise,ADSL,Web Booster,Regular Payer
C09314,Residential,Fiber,Web Booster,Predictable Late Payer
C09315,Enterprise,LTE,Web Family,High-Risk Non-Payer
C09316,SME,ADSL,Web Family,Irregular Payer
C09317,Residential,Fiber,Web Family,High-Risk Non-Payer
C09318,Enterprise,LTE,Web Booster,Regular Payer
C09319,SME,Fiber,Web Booster,Predictable Late Payer
C09320,Enterprise,LTE,Web Family,Regular Payer
C09321,SME,Fiber,Web Booster,Predictable Late Payer
C09322,Residential,Fiber,Web Family,High-Risk Non-Payer
C09323,Residential,LTE,Web Booster,Predictable Late Payer
C09324,SME,LTE,Biz Speed,Regular Payer
C09325,Residential,ADSL,Web Family,Irregular Payer
C09326,SME,LTE,Web Booster,Predictable Late Payer
C09327,Residential,Fiber,Web Family,Regular Payer
C09328,Residential,LTE,Web Booster,Regular Payer
C09329,SME,LTE,Web Booster,High-Risk Non-Payer
C09330,SME,ADSL,Web Booster,Irregular Payer
C09331,SME,Fiber,Web Family,Regular Payer
C09332,Enterprise,Fiber,Biz Speed,Predictable Late Payer
C09333,Enterprise,Fiber,Web Booster,Predictable Late Payer
C09334,Residential,LTE,Web Booster,Regular Payer
C09335,Enterprise,LTE,Web Family,High-Risk Non-Payer
C09336,Residential,Fiber,Biz Speed,Predictable Late Payer
C09337,Enterprise,ADSL,Biz Speed,Regular Payer
C09338,SME,LTE,Web Booster,Predictable Late Payer
C09339,Enterprise,LTE,Web Family,Predictable Late Payer
C09340,SME,LTE,Web Booster,Regular Payer
C09341,SME,ADSL,Web Booster,Regular Payer
C09342,SME,Fiber,Biz Speed,Regular Payer
C09343,Residential,LTE,Web Booster,Predictable Late Payer
C09344,Enterprise,ADSL,Biz Speed,Regular Payer
C09345,Residential,Fiber,Biz Speed,Regular Payer
C09346,SME,Fiber,Biz Speed,Irregular Payer
C09347,Residential,LTE,Biz Speed,Irregular Payer
C09348,Residential,Fiber,Biz Speed,Regular Payer
C09349,Enterprise,Fiber,Web Booster,Predictable Late Payer
C09350,Enterprise,ADSL,Web Family,High-Risk Non-Payer
C09351,SME,ADSL,Web Family,Regular Payer
C09352,Enterprise,Fiber,Web Family,Regular Payer
C09353,SME,LTE,Web Booster,Predictable Late Payer
C09354,SME,Fiber,Web Booster,Irregular Payer
C09355,Residential,LTE,Biz Speed,High-Risk Non-Payer
C09356,SME,Fiber,Biz Speed,Regular Payer
C09357,SME,ADSL,Web Family,Regular Payer
C09358,Residential,Fiber,Biz Speed,Irregular Payer
C09359,SME,LTE,Biz Speed,Regular Payer
C09360,SME,ADSL,Web Booster,Irregular Payer
C09361,Residential,LTE,Web Family,Irregular Payer
C09362,Enterprise,ADSL,Web Family,Predictable Late Payer
C09363,Enterprise,Fiber,Biz Speed,Irregular Payer
C09364,Residential,ADSL,Biz Speed,Regular Payer
C09365,SME,ADSL,Biz Speed,Regular Payer
C09366,Residential,LTE,Web Family,Regular Payer
C09367,Residential,Fiber,Web Family,High-Risk Non-Payer
C09368,Residential,Fiber,Biz Speed,Regular Payer
C09369,Residential,ADSL,Web Family,Predictable Late Payer
C09370,SME,ADSL,Web Booster,Regular Payer
C09371,Residential,LTE,Web Booster,Predictable Late Payer
C09372,SME,LTE,Biz Speed,Predictable Late Payer
C09373,SME,Fiber,Biz Speed,High-Risk Non-Payer
C09374,Residential,LTE,Web Family,Regular Payer
C09375,Enterprise,ADSL,Biz Speed,Irregular Payer
C09376,Enterprise,ADSL,Web Family,High-Risk Non-Payer
C09377,Residential,LTE,Biz Speed,Predictable Late Payer
C09378,SME,LTE,Web Booster,Irregular Payer
C09379,SME,ADSL,Biz Speed,Regular Payer
C09380,Enterprise,LTE,Web Booster,Predictable Late Payer
C09381,Enterprise,LTE,Biz Speed,Irregular Payer
C09382,Enterprise,LTE,Web Booster,Predictable Late Payer
C09383,Enterprise,ADSL,Web Booster,High-Risk Non-Payer
C09384,SME,Fiber,Web Booster,Predictable Late Payer
C09385,SME,ADSL,Web Booster,Predictable Late Payer
C09386,SME,LTE,Biz Speed,High-Risk Non-Payer
C09387,SME,Fiber,Web Booster,Regular Payer
C09388,Enterprise,ADSL,Biz Speed,Regular Payer
C09389,SME,LTE,Web Booster,Predictable Late Payer
C09390,Residential,LTE,Web Family,Regular Payer
C09391,Enterprise,ADSL,Biz Speed,Predictable Late Payer
C09392,Residential,ADSL,Web Booster,Regular Payer
C09393,Enterprise,Fiber,Biz Speed,Regular Payer
C09394,Residential,LTE,Biz Speed,Irregular Payer
C09395,Enterprise,ADSL,Web Booster,Regular Payer
C09396,SME,Fiber,Web Family,Regular Payer
C09397,SME,Fiber,Biz Speed,Predictable Late Payer
C09398,SME,Fiber,Web Booster,Regular Payer
C09399,Enterprise,LTE,Biz Speed,Predictable Late Payer
C09400,Residential,Fiber,Biz Speed,Irregular Payer
C09401,Enterprise,LTE,Web Booster,Regular Payer
C09402,SME,ADSL,Web Booster,Predictable Late Payer
C09403,Residential,LTE,Biz Speed,Predictable Late Payer
C09404,Residential,Fiber,Web Booster,Regular Payer
C09405,Enterprise,LTE,Web Family,High-Risk Non-Payer
C09406,Enterprise,ADSL,Web Booster,Regular Payer
C09407,SME,Fiber,Web Family,Predictable Late Payer
C09408,Residential,ADSL,Biz Speed,Predictable Late Payer
C09409,Enterprise,Fiber,Biz Speed,Predictable Late Payer
C09410,Enterprise,Fiber,Web Booster,Regular Payer
C09411,Enterprise,ADSL,Biz Speed,Predictable Late Payer
C09412,Residential,LTE,Web Family,Regular Payer
C09413,SME,ADSL,Web Family,Irregular Payer
C09414,Residential,LTE,Web Booster,Regular Payer
C09415,Residential,Fiber,Web Booster,High-Risk Non-Payer
C09416,Enterprise,LTE,Biz Speed,Predictable Late Payer
C09417,SME,LTE,Biz Speed,Regular Payer
C09418,SME,LTE,Web Family,Predictable Late Payer
C09419,SME,Fiber,Web Family,Regular Payer
C09420,Enterprise,Fiber,Web Family,Predictable Late Payer
C09421,Residential,Fiber,Web Booster,Predictable Late Payer
C09422,SME,Fiber,Biz Speed,Regular Payer
C09423,SME,Fiber,Web Family,Regular Payer
C09424,SME,ADSL,Web Booster,Regular Payer
C09425,Enterprise,Fiber,Biz Speed,Predictable Late Payer
C09426,Residential,Fiber,Web Family,Regular Payer
C09427,Enterprise,Fiber,Biz Speed,High-Risk Non-Payer
C09428,SME,LTE,Biz Speed,Irregular Payer
C09429,SME,LTE,Biz Speed,Predictable Late Payer
C09430,Enterprise,ADSL,Biz Speed,Irregular Payer
C09431,SME,ADSL,Web Family,Irregular Payer
C09432,SME,LTE,Biz Speed,Irregular Payer
C09433,SME,ADSL,Web Booster,Regular Payer
C09434,Residential,LTE,Web Family,Regular Payer
C09435,Enterprise,ADSL,Biz Speed,Irregular Payer
C09436,SME,ADSL,Biz Speed,Regular Payer
C09437,SME,Fiber,Web Booster,Regular Payer
C09438,SME,ADSL,Web Family,Predictable Late Payer
C09439,Residential,ADSL,Web Booster,Regular Payer
C09440,Residential,Fiber,Web Booster,High-Risk Non-Payer
C09441,Enterprise,Fiber,Web Booster,Irregular Payer
C09442,SME,ADSL,Biz Speed,Irregular Payer
C09443,Enterprise,ADSL,Web Booster,Regular Payer
C09444,Residential,ADSL,Biz Speed,High-Risk Non-Payer
C09445,Residential,ADSL,Web Booster,Regular Payer
C09446,Residential,LTE,Web Booster,Predictable Late Payer
C09447,Residential,LTE,Biz Speed,Regular Payer
C09448,Enterprise,LTE,Biz Speed,Predictable Late Payer
C09449,SME,LTE,Biz Speed,Predictable Late Payer
C09450,Enterprise,Fiber,Web Family,High-Risk Non-Payer
C09451,SME,ADSL,Web Booster,Regular Payer
C09452,Enterprise,Fiber,Biz Speed,Regular Payer
C09453,SME,LTE,Web Booster,Regular Payer
C09454,Enterprise,ADSL,Biz Speed,Predictable Late Payer
C09455,Residential,LTE,Web Booster,Irregular Payer
C09456,SME,Fiber,Web Booster,Irregular Payer
C09457,Residential,Fiber,Web Family,Regular Payer
C09458,Residential,ADSL,Biz Speed,Regular Payer
C09459,Enterprise,Fiber,Biz Speed,Regular Payer
C09460,Enterprise,LTE,Biz Speed,Predictable Late Payer
C09461,Enterprise,ADSL,Web Booster,Predictable Late Payer
C09462,Residential,Fiber,Web Family,Regular Payer
C09463,Enterprise,LTE,Web Family,Predictable Late Payer
C09464,Residential,Fiber,Biz Speed,Predictable Late Payer
C09465,Enterprise,Fiber,Biz Speed,Regular Payer
C09466,Enterprise,Fiber,Web Family,Irregular Payer
C09467,Residential,ADSL,Web Booster,Regular Payer
C09468,SME,ADSL,Web Booster,Predictable Late Payer
C09469,Residential,Fiber,Web Booster,Irregular Payer
C09470,SME,ADSL,Web Family,Irregular Payer
C09471,Enterprise,LTE,Biz Speed,Irregular Payer
C09472,Enterprise,ADSL,Web Family,High-Risk Non-Payer
C09473,SME,LTE,Biz Speed,Regular Payer
C09474,Enterprise,ADSL,Web Booster,Predictable Late Payer
C09475,SME,Fiber,Web Booster,Regular Payer
C09476,Residential,LTE,Web Family,Predictable Late Payer
C09477,Enterprise,LTE,Biz Speed,Predictable Late Payer
C09478,Residential,Fiber,Web Booster,Predictable Late Payer
C09479,SME,Fiber,Web Booster,Regular Payer
C09480,Residential,LTE,Web Booster,Irregular Payer
C09481,Enterprise,Fiber,Web Booster,Predictable Late Payer
C09482,SME,ADSL,Biz Speed,Predictable Late Payer
C09483,Enterprise,LTE,Biz Speed,High-Risk Non-Payer
C09484,Enterprise,LTE,Web Booster,Regular Payer
C09485,SME,LTE,Biz Speed,Regular Payer
C09486,SME,LTE,Web Family,Regular Payer
C09487,Residential,Fiber,Biz Speed,High-Risk Non-Payer
C09488,Residential,ADSL,Biz Speed,High-Risk Non-Payer
C09489,Residential,LTE,Web Family,Predictable Late Payer
C09490,Enterprise,LTE,Web Family,Predictable Late Payer
C09491,SME,ADSL,Web Family,High-Risk Non-Payer
C09492,Enterprise,Fiber,Web Booster,Regular Payer
C09493,Residential,ADSL,Biz Speed,Regular Payer
C09494,Residential,LTE,Biz Speed,Regular Payer
C09495,SME,LTE,Biz Speed,Regular Payer
C09496,Enterprise,ADSL,Web Booster,Predictable Late Payer
C09497,Residential,LTE,Web Booster,Predictable Late Payer
C09498,SME,Fiber,Biz Speed,Regular Payer
C09499,Residential,Fiber,Web Booster,Regular Payer
C09500,SME,LTE,Biz Speed,Regular Payer
C09501,Residential,LTE,Web Family,Regular Payer
C09502,Residential,Fiber,Biz Speed,Regular Payer
C09503,Enterprise,LTE,Web Family,Regular Payer
C09504,Residential,LTE,Biz Speed,Regular Payer
C09505,Enterprise,ADSL,Web Booster,Regular Payer
C09506,SME,ADSL,Biz Speed,Regular Payer
C09507,SME,LTE,Web Booster,Predictable Late Payer
C09508,Residential,Fiber,Web Family,Predictable Late Payer
C09509,Residential,ADSL,Biz Speed,Regular Payer
C09510,Enterprise,Fiber,Biz Speed,High-Risk Non-Payer
C09511,Enterprise,Fiber,Web Booster,Predictable Late Payer
C09512,SME,ADSL,Web Booster,Regular Payer
C09513,Enterprise,LTE,Biz Speed,Predictable Late Payer
C09514,Residential,LTE,Web Booster,Regular Payer
C09515,SME,Fiber,Biz Speed,High-Risk Non-Payer
C09516,Residential,ADSL,Biz Speed,Predictable Late Payer
C09517,Residential,LTE,Web Family,Regular Payer
C09518,Residential,ADSL,Biz Speed,Irregular Payer
C09519,SME,LTE,Biz Speed,Regular Payer
C09520,SME,ADSL,Web Booster,Regular Payer
C09521,Enterprise,ADSL,Biz Speed,Irregular Payer
C09522,Residential,ADSL,Biz Speed,Irregular Payer
C09523,Enterprise,ADSL,Web Booster,Predictable Late Payer
C09524,Residential,LTE,Web Family,Regular Payer
C09525,Residential,ADSL,Web Family,Irregular Payer
C09526,Residential,ADSL,Biz Speed,Predictable Late Payer
C09527,SME,Fiber,Biz Speed,Irregular Payer
C09528,Residential,Fiber,Biz Speed,Regular Payer
C09529,Residential,Fiber,Web Booster,High-Risk Non-Payer
C09530,Enterprise,LTE,Web Booster,Regular Payer
C09531,SME,ADSL,Web Booster,Predictable Late Payer
C09532,Residential,LTE,Biz Speed,Irregular Payer
C09533,SME,Fiber,Web Booster,Regular Payer
C09534,SME,ADSL,Web Booster,High-Risk Non-Payer
C09535,Enterprise,Fiber,Web Family,Regular Payer
C09536,SME,LTE,Biz Speed,Regular Payer
C09537,SME,LTE,Web Family,High-Risk Non-Payer
C09538,Residential,LTE,Web Family,Predictable Late Payer
C09539,Residential,Fiber,Web Booster,Predictable Late Payer
C09540,SME,ADSL,Biz Speed,Regular Payer
C09541,Residential,LTE,Web Booster,Regular Payer
C09542,Enterprise,Fiber,Web Booster,Predictable Late Payer
C09543,Enterprise,Fiber,Web Family,Regular Payer
C09544,Residential,LTE,Biz Speed,Regular Payer
C09545,Enterprise,LTE,Web Family,Regular Payer
C09546,Residential,LTE,Web Family,Irregular Payer
C09547,Enterprise,Fiber,Web Family,Predictable Late Payer
C09548,SME,Fiber,Web Booster,Irregular Payer
C09549,SME,Fiber,Biz Speed,High-Risk Non-Payer
C09550,SME,LTE,Web Booster,Regular Payer
C09551,SME,ADSL,Biz Speed,Irregular Payer
C09552,Enterprise,ADSL,Web Family,High-Risk Non-Payer
C09553,SME,LTE,Biz Speed,Regular Payer
C09554,Residential,Fiber,Web Booster,Predictable Late Payer
C09555,Enterprise,ADSL,Web Family,Regular Payer
C09556,Enterprise,LTE,Biz Speed,Irregular Payer
C09557,SME,LTE,Biz Speed,Predictable Late Payer
C09558,Enterprise,LTE,Web Booster,Regular Payer
C09559,Residential,LTE,Web Booster,Predictable Late Payer
C09560,SME,ADSL,Biz Speed,Predictable Late Payer
C09561,Enterprise,Fiber,Web Family,Regular Payer
C09562,Residential,ADSL,Web Family,High-Risk Non-Payer
C09563,Residential,LTE,Biz Speed,Predictable Late Payer
C09564,SME,ADSL,Web Booster,High-Risk Non-Payer
C09565,SME,Fiber,Web Family,Predictable Late Payer
C09566,SME,Fiber,Web Family,Predictable Late Payer
C09567,SME,LTE,Biz Speed,Irregular Payer
C09568,Enterprise,LTE,Web Family,Predictable Late Payer
C09569,Residential,LTE,Web Booster,Regular Payer
C09570,Enterprise,ADSL,Web Booster,Regular Payer
C09571,Residential,Fiber,Biz Speed,Regular Payer
C09572,Residential,ADSL,Biz Speed,Regular Payer
C09573,Residential,Fiber,Biz Speed,High-Risk Non-Payer
C09574,SME,Fiber,Web Booster,Regular Payer
C09575,Residential,Fiber,Web Booster,Predictable Late Payer
C09576,Enterprise,Fiber,Web Booster,Irregular Payer
C09577,Enterprise,Fiber,Web Family,Predictable Late Payer
C09578,Residential,Fiber,Web Booster,Irregular Payer
C09579,Residential,LTE,Web Booster,Irregular Payer
C09580,Residential,LTE,Web Booster,Predictable Late Payer
C09581,Residential,ADSL,Biz Speed,Predictable Late Payer
C09582,Residential,ADSL,Web Booster,Regular Payer
C09583,SME,LTE,Web Booster,Predictable Late Payer
C09584,Enterprise,ADSL,Web Booster,Predictable Late Payer
C09585,Enterprise,ADSL,Web Booster,Regular Payer
C09586,SME,LTE,Biz Speed,Regular Payer
C09587,Enterprise,LTE,Web Booster,Regular Payer
C09588,SME,LTE,Biz Speed,Regular Payer
C09589,Enterprise,LTE,Web Family,Predictable Late Payer
C09590,Enterprise,Fiber,Web Booster,Regular Payer
C09591,Enterprise,LTE,Web Booster,Irregular Payer
C09592,Enterprise,Fiber,Biz Speed,Regular Payer
C09593,Residential,ADSL,Web Booster,Regular Payer
C09594,Enterprise,LTE,Web Family,Irregular Payer
C09595,Residential,LTE,Biz Speed,Irregular Payer
C09596,Enterprise,ADSL,Web Family,Irregular Payer
C09597,Residential,LTE,Biz Speed,Regular Payer
C09598,Residential,ADSL,Biz Speed,Irregular Payer
C09599,Residential,LTE,Web Booster,Predictable Late Payer
C09600,Enterprise,LTE,Web Booster,Regular Payer
C09601,Residential,Fiber,Biz Speed,Regular Payer
C09602,Enterprise,LTE,Biz Speed,Irregular Payer
C09603,SME,Fiber,Web Family,Predictable Late Payer
C09604,Enterprise,Fiber,Web Booster,High-Risk Non-Payer
C09605,Residential,ADSL,Web Booster,Predictable Late Payer
C09606,Residential,Fiber,Biz Speed,High-Risk Non-Payer
C09607,Residential,ADSL,Web Booster,Irregular Payer
C09608,SME,Fiber,Biz Speed,Irregular Payer
C09609,Enterprise,Fiber,Web Booster,Regular Payer
C09610,Enterprise,Fiber,Biz Speed,Regular Payer
C09611,Residential,ADSL,Web Family,Irregular Payer
C09612,Residential,LTE,Biz Speed,Irregular Payer
C09613,Residential,LTE,Web Booster,Predictable Late Payer
C09614,Enterprise,ADSL,Web Family,Irregular Payer
C09615,SME,LTE,Biz Speed,High-Risk Non-Payer
C09616,Residential,Fiber,Biz Speed,Regular Payer
C09617,Residential,LTE,Web Booster,Predictable Late Payer
C09618,Residential,ADSL,Biz Speed,Regular Payer
C09619,Residential,Fiber,Web Booster,Irregular Payer
C09620,Enterprise,Fiber,Web Booster,Irregular Payer
C09621,Enterprise,LTE,Web Booster,Regular Payer
C09622,Residential,ADSL,Biz Speed,Predictable Late Payer
C09623,Enterprise,Fiber,Web Booster,Predictable Late Payer
C09624,SME,Fiber,Web Family,Predictable Late Payer
C09625,SME,Fiber,Web Family,Irregular Payer
C09626,Residential,Fiber,Web Family,Predictable Late Payer
C09627,Enterprise,ADSL,Web Family,Predictable Late Payer
C09628,Residential,Fiber,Web Family,Regular Payer
C09629,SME,ADSL,Web Family,Regular Payer
C09630,Enterprise,ADSL,Web Family,Predictable Late Payer
C09631,Enterprise,ADSL,Biz Speed,Regular Payer
C09632,SME,ADSL,Web Booster,Regular Payer
C09633,SME,Fiber,Web Family,Regular Payer
C09634,Enterprise,Fiber,Biz Speed,Predictable Late Payer
C09635,Enterprise,Fiber,Biz Speed,Regular Payer
C09636,Enterprise,Fiber,Web Family,Regular Payer
C09637,Enterprise,ADSL,Biz Speed,Regular Payer
C09638,SME,Fiber,Web Family,Irregular Payer
C09639,Enterprise,LTE,Web Booster,Regular Payer
C09640,SME,ADSL,Biz Speed,High-Risk Non-Payer
C09641,SME,Fiber,Web Family,Irregular Payer
C09642,Residential,ADSL,Biz Speed,High-Risk Non-Payer
C09643,Residential,ADSL,Web Family,Irregular Payer
C09644,SME,LTE,Web Family,Regular Payer
C09645,Residential,Fiber,Web Family,Irregular Payer
C09646,Residential,Fiber,Web Family,Regular Payer
C09647,SME,ADSL,Web Booster,Predictable Late Payer
C09648,SME,Fiber,Web Booster,Irregular Payer
C09649,SME,LTE,Web Booster,Regular Payer
C09650,Enterprise,LTE,Web Booster,Regular Payer
C09651,Enterprise,Fiber,Web Booster,Irregular Payer
C09652,Enterprise,LTE,Web Family,Regular Payer
C09653,SME,ADSL,Web Family,Regular Payer
C09654,Residential,Fiber,Biz Speed,Predictable Late Payer
C09655,Enterprise,ADSL,Biz Speed,Regular Payer
C09656,Enterprise,ADSL,Biz Speed,High-Risk Non-Payer
C09657,Residential,LTE,Biz Speed,Irregular Payer
C09658,Residential,Fiber,Biz Speed,Predictable Late Payer
C09659,Residential,Fiber,Web Booster,Regular Payer
C09660,SME,Fiber,Web Family,Regular Payer
C09661,Enterprise,LTE,Web Booster,High-Risk Non-Payer
C09662,SME,LTE,Biz Speed,Predictable Late Payer
C09663,Enterprise,Fiber,Web Family,Regular Payer
C09664,SME,Fiber,Web Family,Predictable Late Payer
C09665,Enterprise,ADSL,Web Booster,Predictable Late Payer
C09666,Residential,Fiber,Biz Speed,Predictable Late Payer
C09667,Residential,LTE,Biz Speed,Regular Payer
C09668,SME,Fiber,Web Family,Regular Payer
C09669,SME,Fiber,Web Family,Irregular Payer
C09670,SME,LTE,Biz Speed,Irregular Payer
C09671,SME,LTE,Biz Speed,Predictable Late Payer
C09672,Enterprise,ADSL,Web Family,Predictable Late Payer
C09673,Enterprise,Fiber,Web Family,Predictable Late Payer
C09674,Enterprise,ADSL,Web Family,Irregular Payer
C09675,SME,Fiber,Web Family,Predictable Late Payer
C09676,SME,ADSL,Biz Speed,Regular Payer
C09677,SME,ADSL,Web Booster,Irregular Payer
C09678,SME,LTE,Web Family,Regular Payer
C09679,Residential,ADSL,Web Booster,Irregular Payer
C09680,Residential,LTE,Biz Speed,Irregular Payer
C09681,Residential,LTE,Web Booster,Predictable Late Payer
C09682,Residential,ADSL,Biz Speed,Predictable Late Payer
C09683,SME,ADSL,Biz Speed,Regular Payer
C09684,Residential,ADSL,Web Family,Regular Payer
C09685,Enterprise,Fiber,Web Booster,Regular Payer
C09686,SME,ADSL,Web Booster,Predictable Late Payer
C09687,SME,ADSL,Web Booster,Irregular Payer
C09688,Enterprise,LTE,Web Family,Regular Payer
C09689,SME,Fiber,Web Family,Regular Payer
C09690,Residential,Fiber,Web Booster,Regular Payer
C09691,Residential,ADSL,Web Booster,Predictable Late Payer
C09692,Residential,Fiber,Web Booster,Regular Payer
C09693,SME,Fiber,Biz Speed,Regular Payer
C09694,Enterprise,LTE,Web Booster,Irregular Payer
C09695,SME,LTE,Web Family,Predictable Late Payer
C09696,Enterprise,LTE,Biz Speed,Regular Payer
C09697,SME,Fiber,Web Family,Predictable Late Payer
C09698,SME,Fiber,Web Family,Regular Payer
C09699,Residential,Fiber,Web Booster,Regular Payer
C09700,Enterprise,ADSL,Web Family,Regular Payer
C09701,Enterprise,Fiber,Web Booster,Regular Payer
C09702,Enterprise,ADSL,Web Booster,Regular Payer
C09703,SME,LTE,Web Family,Irregular Payer
C09704,Enterprise,Fiber,Web Booster,Predictable Late Payer
C09705,SME,Fiber,Web Booster,Predictable Late Payer
C09706,SME,Fiber,Web Family,Regular Payer
C09707,Enterprise,LTE,Biz Speed,Predictable Late Payer
C09708,SME,LTE,Biz Speed,Regular Payer
C09709,SME,LTE,Web Family,Regular Payer
C09710,Residential,Fiber,Web Family,Predictable Late Payer
C09711,SME,ADSL,Web Family,Regular Payer
C09712,Residential,Fiber,Biz Speed,Regular Payer
C09713,Enterprise,LTE,Web Booster,Predictable Late Payer
C09714,Enterprise,Fiber,Biz Speed,Irregular Payer
C09715,SME,ADSL,Web Family,Regular Payer
C09716,Enterprise,Fiber,Biz Speed,Regular Payer
C09717,Residential,ADSL,Web Booster,Irregular Payer
C09718,Enterprise,LTE,Web Family,High-Risk Non-Payer
C09719,Enterprise,Fiber,Web Booster,Regular Payer
C09720,Enterprise,ADSL,Biz Speed,Regular Payer
C09721,Enterprise,LTE,Web Family,Predictable Late Payer
C09722,Residential,Fiber,Web Booster,Irregular Payer
C09723,SME,Fiber,Web Family,Regular Payer
C09724,Enterprise,ADSL,Web Booster,Predictable Late Payer
C09725,Residential,ADSL,Web Booster,Irregular Payer
C09726,Residential,Fiber,Biz Speed,Predictable Late Payer
C09727,SME,ADSL,Web Booster,Irregular Payer
C09728,Enterprise,LTE,Biz Speed,Regular Payer
C09729,Residential,ADSL,Web Booster,Regular Payer
C09730,Enterprise,ADSL,Web Booster,Predictable Late Payer
C09731,SME,LTE,Web Family,Irregular Payer
C09732,Enterprise,ADSL,Web Booster,Irregular Payer
C09733,Enterprise,LTE,Web Booster,Regular Payer
C09734,SME,Fiber,Biz Speed,Regular Payer
C09735,Residential,Fiber,Web Booster,High-Risk Non-Payer
C09736,Enterprise,ADSL,Web Family,Predictable Late Payer
C09737,SME,Fiber,Web Booster,Regular Payer
C09738,Enterprise,ADSL,Web Booster,Predictable Late Payer
C09739,SME,ADSL,Web Family,Regular Payer
C09740,Enterprise,Fiber,Web Booster,Irregular Payer
C09741,Enterprise,Fiber,Web Family,Predictable Late Payer
C09742,Enterprise,ADSL,Biz Speed,Predictable Late Payer
C09743,Residential,ADSL,Biz Speed,Irregular Payer
C09744,Residential,Fiber,Web Booster,Regular Payer
C09745,Enterprise,Fiber,Web Family,Predictable Late Payer
C09746,Enterprise,LTE,Biz Speed,Predictable Late Payer
C09747,SME,LTE,Web Family,Irregular Payer
C09748,Residential,Fiber,Web Booster,Irregular Payer
C09749,Enterprise,LTE,Biz Speed,Regular Payer
C09750,Enterprise,LTE,Web Family,Predictable Late Payer
C09751,Enterprise,Fiber,Web Booster,Irregular Payer
C09752,Residential,ADSL,Web Family,Predictable Late Payer
C09753,SME,Fiber,Biz Speed,Predictable Late Payer
C09754,SME,ADSL,Web Booster,Irregular Payer
C09755,Enterprise,LTE,Biz Speed,High-Risk Non-Payer
C09756,Residential,ADSL,Web Family,Regular Payer
C09757,Residential,LTE,Web Booster,Regular Payer
C09758,Enterprise,LTE,Biz Speed,Predictable Late Payer
C09759,Residential,LTE,Biz Speed,Predictable Late Payer
C09760,Enterprise,ADSL,Web Family,Irregular Payer
C09761,SME,Fiber,Biz Speed,Irregular Payer
C09762,Enterprise,LTE,Web Family,High-Risk Non-Payer
C09763,Residential,LTE,Biz Speed,Predictable Late Payer
C09764,Residential,LTE,Web Family,Regular Payer
C09765,SME,LTE,Web Booster,Regular Payer
C09766,Enterprise,Fiber,Web Family,High-Risk Non-Payer
C09767,Enterprise,Fiber,Web Family,Irregular Payer
C09768,SME,LTE,Web Booster,Regular Payer
C09769,SME,LTE,Web Family,High-Risk Non-Payer
C09770,Enterprise,ADSL,Biz Speed,Irregular Payer
C09771,SME,ADSL,Web Family,Regular Payer
C09772,Enterprise,ADSL,Web Booster,High-Risk Non-Payer
C09773,Enterprise,ADSL,Biz Speed,Predictable Late Payer
C09774,Residential,Fiber,Web Booster,Predictable Late Payer
C09775,Residential,ADSL,Web Family,Regular Payer
C09776,Residential,LTE,Web Family,Regular Payer
C09777,Enterprise,ADSL,Biz Speed,Irregular Payer
C09778,Enterprise,Fiber,Web Family,Predictable Late Payer
C09779,Enterprise,ADSL,Web Family,Predictable Late Payer
C09780,Enterprise,LTE,Web Booster,Irregular Payer
C09781,Residential,ADSL,Web Booster,Regular Payer
C09782,Enterprise,Fiber,Biz Speed,High-Risk Non-Payer
C09783,Enterprise,ADSL,Web Booster,Predictable Late Payer
C09784,SME,LTE,Web Booster,Irregular Payer
C09785,Enterprise,ADSL,Web Family,High-Risk Non-Payer
C09786,Enterprise,Fiber,Web Family,Regular Payer
C09787,Enterprise,LTE,Web Family,Irregular Payer
C09788,Enterprise,ADSL,Web Family,Predictable Late Payer
C09789,Residential,LTE,Biz Speed,Irregular Payer
C09790,Enterprise,ADSL,Biz Speed,Irregular Payer
C09791,SME,ADSL,Biz Speed,Irregular Payer
C09792,Enterprise,Fiber,Web Family,Regular Payer
C09793,Enterprise,Fiber,Biz Speed,High-Risk Non-Payer
C09794,Enterprise,Fiber,Web Booster,Predictable Late Payer
C09795,Enterprise,Fiber,Biz Speed,Predictable Late Payer
C09796,SME,LTE,Biz Speed,Regular Payer
C09797,SME,LTE,Biz Speed,Regular Payer
C09798,SME,LTE,Web Family,Irregular Payer
C09799,SME,ADSL,Web Booster,Irregular Payer
C09800,SME,LTE,Web Booster,Regular Payer
C09801,SME,LTE,Web Booster,Predictable Late Payer
C09802,Residential,ADSL,Biz Speed,Regular Payer
C09803,Residential,LTE,Biz Speed,Regular Payer
C09804,SME,ADSL,Web Booster,Regular Payer
C09805,Residential,Fiber,Web Booster,Regular Payer
C09806,Residential,Fiber,Web Family,Regular Payer
C09807,Residential,LTE,Biz Speed,High-Risk Non-Payer
C09808,Residential,Fiber,Web Family,Regular Payer
C09809,Enterprise,LTE,Biz Speed,High-Risk Non-Payer
C09810,SME,LTE,Web Family,High-Risk Non-Payer
C09811,SME,LTE,Web Family,Regular Payer
C09812,Enterprise,ADSL,Web Family,High-Risk Non-Payer
C09813,SME,LTE,Web Family,Irregular Payer
C09814,Residential,LTE,Web Family,Predictable Late Payer
C09815,SME,Fiber,Biz Speed,Regular Payer
C09816,SME,LTE,Biz Speed,Predictable Late Payer
C09817,Residential,Fiber,Web Booster,Irregular Payer
C09818,Residential,LTE,Biz Speed,Predictable Late Payer
C09819,Residential,Fiber,Biz Speed,Irregular Payer
C09820,Residential,LTE,Biz Speed,High-Risk Non-Payer
C09821,SME,ADSL,Web Family,Regular Payer
C09822,SME,LTE,Web Family,Regular Payer
C09823,SME,Fiber,Web Family,Predictable Late Payer
C09824,SME,ADSL,Web Booster,Regular Payer
C09825,Enterprise,Fiber,Web Booster,Regular Payer
C09826,Residential,LTE,Biz Speed,Regular Payer
C09827,SME,ADSL,Web Family,Regular Payer
C09828,Residential,Fiber,Biz Speed,Predictable Late Payer
C09829,Enterprise,ADSL,Biz Speed,Irregular Payer
C09830,Residential,ADSL,Biz Speed,Predictable Late Payer
C09831,Residential,ADSL,Web Family,Regular Payer
C09832,Residential,Fiber,Biz Speed,Predictable Late Payer
C09833,SME,Fiber,Web Family,Regular Payer
C09834,Residential,ADSL,Web Family,Predictable Late Payer
C09835,Enterprise,ADSL,Web Family,Predictable Late Payer
C09836,SME,LTE,Biz Speed,Irregular Payer
C09837,Residential,Fiber,Web Booster,Predictable Late Payer
C09838,Enterprise,ADSL,Web Family,Regular Payer
C09839,Residential,LTE,Web Family,Predictable Late Payer
C09840,Enterprise,ADSL,Biz Speed,Regular Payer
C09841,Enterprise,ADSL,Web Family,Predictable Late Payer
C09842,SME,ADSL,Biz Speed,Regular Payer
C09843,Residential,ADSL,Biz Speed,Regular Payer
C09844,SME,ADSL,Web Booster,Regular Payer
C09845,Enterprise,ADSL,Web Family,Regular Payer
C09846,SME,ADSL,Biz Speed,Predictable Late Payer
C09847,Residential,LTE,Biz Speed,Predictable Late Payer
C09848,SME,LTE,Web Family,Regular Payer
C09849,Enterprise,Fiber,Biz Speed,Irregular Payer
C09850,Residential,ADSL,Biz Speed,Predictable Late Payer
C09851,Enterprise,LTE,Biz Speed,Regular Payer
C09852,Enterprise,Fiber,Biz Speed,High-Risk Non-Payer
C09853,Residential,ADSL,Biz Speed,Regular Payer
C09854,Enterprise,LTE,Biz Speed,High-Risk Non-Payer
C09855,SME,ADSL,Biz Speed,Predictable Late Payer
C09856,Residential,ADSL,Web Family,Regular Payer
C09857,SME,Fiber,Web Family,Regular Payer
C09858,Enterprise,ADSL,Web Booster,Irregular Payer
C09859,Enterprise,LTE,Web Booster,Irregular Payer
C09860,Residential,ADSL,Biz Speed,Irregular Payer
C09861,Residential,LTE,Web Family,Regular Payer
C09862,SME,ADSL,Biz Speed,Predictable Late Payer
C09863,Enterprise,ADSL,Web Family,Predictable Late Payer
C09864,SME,Fiber,Web Booster,Predictable Late Payer
C09865,SME,Fiber,Web Booster,Irregular Payer
C09866,Enterprise,ADSL,Biz Speed,Predictable Late Payer
C09867,Residential,ADSL,Biz Speed,Regular Payer
C09868,Enterprise,Fiber,Biz Speed,Regular Payer
C09869,Enterprise,LTE,Web Family,Regular Payer
C09870,SME,LTE,Web Family,Regular Payer
C09871,SME,LTE,Biz Speed,Irregular Payer
C09872,Residential,ADSL,Web Booster,Regular Payer
C09873,Enterprise,ADSL,Web Booster,Regular Payer
C09874,Enterprise,LTE,Biz Speed,Regular Payer
C09875,Enterprise,LTE,Web Family,Regular Payer
C09876,Enterprise,LTE,Web Booster,Irregular Payer
C09877,SME,LTE,Web Booster,Predictable Late Payer
C09878,Enterprise,ADSL,Web Booster,Regular Payer
C09879,SME,Fiber,Biz Speed,Predictable Late Payer
C09880,Residential,Fiber,Web Family,Irregular Payer
C09881,Residential,Fiber,Biz Speed,Regular Payer
C09882,SME,Fiber,Web Booster,Predictable Late Payer
C09883,Residential,ADSL,Biz Speed,High-Risk Non-Payer
C09884,SME,ADSL,Web Booster,Predictable Late Payer
C09885,SME,Fiber,Biz Speed,Irregular Payer
C09886,Residential,Fiber,Biz Speed,Regular Payer
C09887,Enterprise,LTE,Web Booster,Predictable Late Payer
C09888,Enterprise,Fiber,Web Booster,Predictable Late Payer
C09889,Residential,Fiber,Biz Speed,Regular Payer
C09890,Enterprise,Fiber,Web Booster,Predictable Late Payer
C09891,SME,LTE,Biz Speed,High-Risk Non-Payer
C09892,Residential,ADSL,Web Booster,Regular Payer
C09893,Enterprise,Fiber,Web Booster,Regular Payer
C09894,SME,ADSL,Biz Speed,Predictable Late Payer
C09895,Residential,ADSL,Web Booster,Predictable Late Payer
C09896,Enterprise,LTE,Biz Speed,High-Risk Non-Payer
C09897,Residential,LTE,Web Booster,Irregular Payer
C09898,Enterprise,ADSL,Web Family,Predictable Late Payer
C09899,SME,Fiber,Web Booster,Regular Payer
C09900,Enterprise,ADSL,Biz Speed,Regular Payer
C09901,Enterprise,Fiber,Web Family,Regular Payer
C09902,SME,Fiber,Biz Speed,Regular Payer
C09903,SME,ADSL,Web Booster,Regular Payer
C09904,SME,Fiber,Biz Speed,High-Risk Non-Payer
C09905,Residential,ADSL,Web Booster,Irregular Payer
C09906,Residential,ADSL,Biz Speed,Regular Payer
C09907,Enterprise,ADSL,Web Family,Predictable Late Payer
C09908,SME,LTE,Web Booster,High-Risk Non-Payer
C09909,Residential,ADSL,Web Family,Predictable Late Payer
C09910,SME,ADSL,Web Booster,Predictable Late Payer
C09911,Enterprise,ADSL,Biz Speed,Predictable Late Payer
C09912,SME,LTE,Web Family,Irregular Payer
C09913,SME,Fiber,Biz Speed,Irregular Payer
C09914,Enterprise,LTE,Biz Speed,Regular Payer
C09915,Residential,LTE,Web Family,Irregular Payer
C09916,Residential,Fiber,Web Family,Regular Payer
C09917,Enterprise,ADSL,Biz Speed,Irregular Payer
C09918,SME,LTE,Web Booster,Irregular Payer
C09919,Enterprise,Fiber,Web Booster,High-Risk Non-Payer
C09920,SME,Fiber,Web Booster,Regular Payer
C09921,SME,ADSL,Web Booster,Regular Payer
C09922,Residential,Fiber,Web Family,Predictable Late Payer
C09923,SME,Fiber,Web Family,Predictable Late Payer
C09924,Residential,Fiber,Biz Speed,Predictable Late Payer
C09925,Residential,LTE,Web Booster,Predictable Late Payer
C09926,SME,LTE,Web Booster,Regular Payer
C09927,SME,ADSL,Web Family,Regular Payer
C09928,SME,LTE,Web Booster,Regular Payer
C09929,SME,ADSL,Biz Speed,Regular Payer
C09930,Enterprise,Fiber,Web Booster,Regular Payer
C09931,Residential,Fiber,Web Booster,Regular Payer
C09932,Residential,ADSL,Biz Speed,Irregular Payer
C09933,SME,ADSL,Web Booster,High-Risk Non-Payer
C09934,Enterprise,LTE,Biz Speed,Predictable Late Payer
C09935,Enterprise,Fiber,Biz Speed,Predictable Late Payer
C09936,Enterprise,Fiber,Web Family,Irregular Payer
C09937,SME,Fiber,Web Booster,Predictable Late Payer
C09938,Residential,Fiber,Web Family,Regular Payer
C09939,Enterprise,LTE,Biz Speed,Irregular Payer
C09940,SME,Fiber,Web Family,Irregular Payer
C09941,Enterprise,LTE,Web Booster,Irregular Payer
C09942,Residential,Fiber,Biz Speed,Regular Payer
C09943,SME,Fiber,Biz Speed,Regular Payer
C09944,Residential,Fiber,Web Family,Irregular Payer
C09945,SME,LTE,Web Family,High-Risk Non-Payer
C09946,Residential,LTE,Biz Speed,Regular Payer
C09947,Enterprise,ADSL,Web Family,Predictable Late Payer
C09948,Enterprise,ADSL,Biz Speed,Regular Payer
C09949,SME,ADSL,Biz Speed,Regular Payer
C09950,SME,LTE,Web Family,Predictable Late Payer
C09951,Enterprise,ADSL,Biz Speed,Regular Payer
C09952,Enterprise,LTE,Biz Speed,Predictable Late Payer
C09953,Enterprise,LTE,Biz Speed,Predictable Late Payer
C09954,SME,Fiber,Biz Speed,Regular Payer
C09955,SME,ADSL,Web Family,Predictable Late Payer
C09956,Residential,ADSL,Web Family,Irregular Payer
C09957,Enterprise,ADSL,Web Booster,Regular Payer
C09958,Enterprise,Fiber,Biz Speed,Predictable Late Payer
C09959,Residential,ADSL,Web Family,Regular Payer
C09960,Residential,Fiber,Web Family,Regular Payer
C09961,SME,Fiber,Web Family,Regular Payer
C09962,SME,Fiber,Biz Speed,Regular Payer
C09963,Residential,LTE,Biz Speed,Regular Payer
C09964,SME,LTE,Web Booster,Predictable Late Payer
C09965,SME,LTE,Web Family,Irregular Payer
C09966,SME,ADSL,Web Family,Regular Payer
C09967,Residential,Fiber,Biz Speed,High-Risk Non-Payer
C09968,Residential,LTE,Biz Speed,Regular Payer
C09969,Residential,ADSL,Web Family,High-Risk Non-Payer
C09970,SME,ADSL,Web Booster,High-Risk Non-Payer
C09971,SME,LTE,Web Booster,Predictable Late Payer
C09972,Residential,Fiber,Web Family,Predictable Late Payer
C09973,Residential,ADSL,Web Family,Predictable Late Payer
C09974,Residential,ADSL,Biz Speed,Regular Payer
C09975,Enterprise,ADSL,Biz Speed,Irregular Payer
C09976,Enterprise,ADSL,Biz Speed,High-Risk Non-Payer
C09977,Residential,Fiber,Web Family,Regular Payer
C09978,Enterprise,ADSL,Biz Speed,Irregular Payer
C09979,Enterprise,ADSL,Web Family,Regular Payer
C09980,Residential,Fiber,Web Family,Irregular Payer
C09981,Enterprise,LTE,Biz Speed,Predictable Late Payer
C09982,Enterprise,ADSL,Biz Speed,Irregular Payer
C09983,Residential,Fiber,Biz Speed,Irregular Payer
C09984,Enterprise,Fiber,Biz Speed,Irregular Payer
C09985,Enterprise,Fiber,Web Booster,Regular Payer
C09986,SME,Fiber,Web Family,Regular Payer
C09987,Residential,Fiber,Web Booster,Regular Payer
C09988,Residential,LTE,Web Booster,Irregular Payer
C09989,Enterprise,ADSL,Web Family,Regular Payer
C09990,Enterprise,LTE,Web Family,Irregular Payer
C09991,Enterprise,Fiber,Biz Speed,Predictable Late Payer
C09992,Residential,LTE,Web Family,Irregular Payer
C09993,Enterprise,Fiber,Web Booster,Predictable Late Payer
C09994,SME,LTE,Web Booster,Predictable Late Payer
C09995,SME,Fiber,Web Booster,Regular Payer
C09996,Enterprise,ADSL,Web Booster,Irregular Payer
C09997,Enterprise,Fiber,Web Booster,Irregular Payer
C09998,Enterprise,LTE,Web Booster,Regular Payer
C09999,SME,ADSL,Biz Speed,Regular Payer
C10000,Enterprise,ADSL,Biz Speed,High-Risk Non-Payer
